id,hip,ra,dec,dist,mag,absmag,spect,ci,lum
88,88,0.017941,-48.809876,181.8182,5.71,-0.588,G8III,0.911,149.69248567600363
107,107,0.022255,-50.337373,166.3894,5.53,-0.576,M2III,1.615,148.04713248976265
122,122,0.026616,-77.065724,66.5779,4.78,0.663,K2III,1.254,47.293341491865164
124,124,0.026949,61.222801,943.3962,5.58,-4.293,F0III,0.407,4541.507126325551
145,145,0.030402,-3.027504,139.2758,5.13,-0.589,B7III-IV,-0.128,149.830421062266
154,154,0.032672,-6.014072,132.4503,4.37,-1.24,M3III,1.631,272.89777828080406
171,171,0.036139,27.082256,12.1699,5.8,5.374,G3V,0.69,0.6171631684555837
183,183,0.038867,-29.720414,154.0832,5.04,-0.899,B4V,-0.15,199.34254564980927
194,194,0.041584,8.485463,36.9004,5.7,2.865,F0V,0.315,6.223002851691592
208,207,0.043357,66.098966,100000.0,5.87,-14.13,G8III,1.073,39084089.57924025
300,301,0.06233,-17.335988,83.4725,4.55,-0.058,B9IVn,-0.047,91.87556016660622
330,330,0.070462,62.287664,100000.0,5.9,-14.1,A1III,0.274,38018939.632056125
343,343,0.072165,-16.529036,90.6618,5.78,0.993,K0III,1.084,34.89795674378744
355,355,0.075033,-10.509523,641.0256,4.99,-4.044,K3Ibvar,1.619,3610.771451003532
377,377,0.078131,-71.436891,175.4386,5.59,-0.631,B8III,-0.1,155.73993890808558
379,379,0.078304,67.166445,92.6784,5.68,0.845,K1III,1.051,39.99447497610976
418,418,0.085039,61.31397,221.7295,5.8,-0.929,B8MNp...,-0.067,204.9273858380245
441,443,0.088928,-5.707618,39.4945,4.61,1.627,K1III,1.029,19.462561593612413
475,476,0.094989,13.396266,114.2857,5.55,0.26,G5III,0.901,68.54882264526617
517,518,0.104356,58.436733,21.4777,5.98,4.32,G5V,0.687,1.6292960326397214
521,522,0.105277,-49.075191,25.7136,5.7,3.649,G1IV...,0.519,3.0227344800386517
530,531,0.10737,64.196168,265.9574,5.57,-1.554,B9III,-0.023,364.4181507888612
635,636,0.129693,-22.50856,78.3699,5.93,1.459,A1V,0.141,22.71956437735267
654,655,0.134303,-33.529326,94.9668,5.67,0.782,K1III,1.119,42.383810577435
670,671,0.138204,-8.824112,98.4252,5.99,1.024,G8III:,1.034,33.91563869058218
676,677,0.139791,29.090432,29.7442,2.07,-0.297,B9p,-0.038,114.49855346901883
727,729,0.150672,18.211963,87.4126,5.57,0.862,G9III,1.043,39.37313537008504
744,746,0.152887,59.14978,16.7842,2.28,1.155,F2III-IV,0.38,30.06076302628229
759,761,0.155851,-27.987928,77.4593,5.42,0.975,F3V,0.414,35.481338923357534
763,765,0.156836,-45.747426,44.2087,3.88,0.652,K0III,1.013,47.7749234659094
811,813,0.167278,11.145813,93.633,5.54,0.683,B9V,-0.064,46.43014072818033
812,814,0.167293,-82.224047,78.064,5.29,0.828,K1/K2III,1.049,40.625619818684335
838,840,0.171908,-5.248588,58.309,5.84,2.011,K1III,0.973,13.66469680740465
839,841,0.172012,46.072272,377.3585,5.01,-2.874,F2II,0.405,1229.1361730601686
871,873,0.178565,-12.579897,75.0188,5.84,1.464,K0III,1.0,22.615177461083626
908,910,0.187739,-15.467977,18.7477,4.89,3.525,F5V,0.487,3.3884415613920247
928,930,0.192894,-27.799737,243.309,5.41,-1.521,K2III,1.346,353.50861336199705
948,950,0.195552,-35.133119,21.2766,5.24,3.6,F3/F5V,0.459,3.162277660168378
981,983,0.202773,-17.938278,190.8397,5.29,-1.113,K4III,1.478,242.77278476809965
1065,1067,0.220598,15.183596,120.048,2.83,-2.567,B2IV,-0.19,926.4031007363994
1072,1074,0.222099,-84.993978,298.5075,5.78,-1.595,M0/M1III,1.71,378.44258471709315
1084,1086,0.22524,41.03537,34.904,5.71,2.996,F0IV,0.331,5.515691912608027
1094,1096,0.228401,-26.022345,396.8254,5.94,-2.053,K5III,1.548,577.0321353329299
1156,1158,0.241008,-7.780532,178.5714,5.13,-1.129,M3IIIvar,1.601,246.37690767217697
1166,1168,0.243378,20.206702,112.8668,4.79,-0.473,M2III,1.572,134.64802883878474
1169,1170,0.244005,-18.932866,137.1742,4.44,-1.246,M1III,1.64,274.4100418256573
1189,1191,0.248476,-9.569571,103.8422,5.77,0.688,B9V,-0.084,46.21681360922447
1286,1288,0.269126,-31.446394,152.207,5.66,-0.252,K2III,1.35,109.84998450583755
1351,1354,0.282513,61.533185,190.1141,5.74,-0.655,G8III,0.898,159.220872705117
1363,1366,0.284863,38.681636,94.697,4.61,-0.272,A2V,0.059,111.8922481955243
1369,1372,0.285845,47.947405,343.6426,5.86,-1.821,B7III,-0.079,466.01511170218424
1470,1473,0.305463,36.785224,41.3223,4.51,1.429,A2V,0.054,23.356082466252186
1490,1493,0.310625,31.517227,166.6667,5.88,-0.229,A0IV,-0.014,107.5474208972789
1559,1562,0.323799,-8.823921,84.1751,3.56,-1.066,K2III,1.214,232.4877101501645
1595,1599,0.334142,-64.874791,8.5866,4.23,4.561,F9V,0.576,1.3049684141302225
1626,1630,0.340111,30.935614,159.7444,5.89,-0.127,B7V,-0.098,97.90390174480511
1641,1645,0.343295,8.190271,125.0,5.38,-0.105,K3III,1.343,95.94006315159336
1643,1647,0.344178,-69.624913,97.561,5.5,0.554,B9V,-0.046,52.28775553134414
1653,1657,0.345978,32.911186,191.9386,5.79,-0.626,K5III,1.595,155.02437888710415
1682,1686,0.352017,37.968603,48.5437,5.16,1.729,F5III,0.442,17.717400399431227
1702,1706,0.357986,-77.426873,174.8252,5.96,-0.253,K3III,1.397,109.95120668793497
1704,1708,0.358665,-28.981469,101.3171,5.18,0.152,K0III,1.006,75.71815097147055
1724,1728,0.362853,-20.058024,270.2703,5.61,-1.549,M5/M6Ib/II,1.58,362.7438014764576
1916,1921,0.404348,52.019914,306.7485,5.58,-1.854,B5IV,-0.11,480.3966829296808
1955,1960,0.413193,61.831057,215.0538,5.38,-1.283,B9III,0.008,283.92262394249076
1977,1982,0.418445,53.046786,158.2278,5.72,-0.276,B9IV,-0.056,112.30523475410828
2000,2006,0.423391,1.939692,144.0922,5.77,-0.023,G5III,0.855,88.96107044092288
2016,2021,0.427916,-77.254247,7.4588,2.82,3.457,G2IV,0.618,3.6074473386419155
2069,2072,0.436716,-43.679829,23.8095,3.93,2.046,A7V,0.175,13.231223331133709
2076,2081,0.438056,-42.305981,25.974,2.4,0.327,K0III...,1.083,64.44659847416881
2153,2159,0.454085,-25.54717,176.0563,5.99,-0.238,K0III,1.022,108.44261957670734
2204,2210,0.465472,-33.007167,138.5042,4.86,-0.847,M2/M3III,1.634,190.02030025772322
2213,2219,0.467475,17.893125,162.0746,5.01,-1.039,M3IIIvar,1.584,226.7775191567259
2220,2225,0.470454,44.394452,86.6551,5.18,0.491,A2Vs,0.043,55.41151189716867
2234,2240,0.474027,-39.915002,115.2074,5.42,0.113,M0III,1.556,78.48741034887297
2347,2353,0.500655,-3.957332,173.913,5.72,-0.482,M0III,1.545,135.76880641390918
2349,2355,0.502045,29.751557,62.7746,5.2,1.211,A7III,0.271,28.54959816900407
2371,2377,0.505534,59.977554,235.8491,5.94,-0.923,B9IIIn,-0.003,203.79803862870568
2375,2381,0.506293,-23.78768,53.1067,5.17,1.544,A3V,0.128,21.00873969240991
2377,2383,0.507242,-48.21491,43.0849,5.67,2.498,F2V,0.367,8.72569442770116
2466,2472,0.523594,-48.803514,52.9661,4.76,1.14,A0V,0.018,30.47894989627983
2469,2475,0.523787,33.581642,116.144,5.88,0.555,K1III...,1.133,52.239618899911974
2478,2484,0.525725,-62.958218,41.4079,4.36,1.275,B9V,-0.064,26.915348039269155
2479,2487,0.525946,-62.965561,51.6529,4.53,0.965,A2V,0.147,35.80964371026361
2491,2497,0.528105,52.839526,116.8224,5.59,0.252,K2III,1.163,69.05577442196835
2499,2505,0.529539,54.522289,115.7407,4.74,-0.577,B8Vn,-0.098,148.18355175164308
2543,2548,0.539939,6.955463,80.9717,5.69,1.148,B9.5V,-0.014,30.255198038723073
2562,2568,0.543189,20.294316,80.0,5.38,0.865,K0III,1.069,39.26449353995997
2572,2578,0.545512,-63.0315,45.5581,5.07,1.777,A0V,0.038,16.951182515313995
2592,2599,0.549997,62.931783,100000.0,4.17,-15.83,B1Ia,0.13,187068214.03658015
2605,2611,0.552879,54.894985,114.1553,5.93,0.643,K0III,1.037,48.17259035591632
2655,2661,0.561401,-29.558278,165.0165,5.55,-0.538,K1III,1.262,142.9552140037036
2705,2711,0.574374,-52.37309,25.4842,5.57,3.539,F3IV-V,0.472,3.3450298682601365
2756,2762,0.587466,-3.592846,21.254,5.2,3.563,F8V...,0.567,3.2718998362317913
2781,2787,0.592454,-0.50561,54.4959,5.94,2.258,F5IV,0.444,10.884287379435941
2796,2802,0.594767,-48.000907,34.8189,5.51,2.801,F6V,0.461,6.600852070021595
2848,2854,0.602306,54.16845,164.4737,5.08,-1.0,B7III,-0.098,218.77616239495518
2870,2876,0.607595,60.326215,100000.0,5.78,-14.22,A4III,0.294,42461956.3946313
2894,2900,0.612903,44.488587,189.0359,5.14,-1.243,K5III,1.587,273.6528654192469
2897,2903,0.613142,15.231725,318.4713,5.89,-1.625,B2.5IV,-0.146,389.04514499428046
2906,2912,0.61468,33.719344,183.4862,4.34,-1.978,B5V,-0.123,538.5177219975278
2914,2920,0.616188,53.896909,181.8182,3.69,-2.608,B2IV,-0.196,962.0552191862149
2935,2941,0.622393,-24.767267,15.4012,5.57,4.632,K1V+...,0.715,1.2223624492787322
2936,2942,0.622561,35.399501,259.7403,5.45,-1.623,G5III,0.886,388.32915700495494
3025,3031,0.642602,29.311751,50.226,4.34,0.835,G5III...,0.871,40.36453929676048
3077,3083,0.652748,49.354589,641.0256,5.45,-3.584,K5III,1.644,2363.741608116292
3086,3092,0.655462,30.861024,32.352,3.27,0.72,K3III...,1.268,44.87453899331323
3087,3093,0.656063,21.250472,11.0595,5.88,5.661,K0V,0.85,0.4738053933388253
3130,3137,0.664428,-44.796293,94.162,6.0,1.131,K1IIICN...,1.142,30.73264929204291
3132,3138,0.665436,21.438495,127.0648,5.36,-0.16,F3V...,1.16,100.92528860766845
3163,3170,0.673659,-59.454604,24.9563,5.89,3.904,G1V,0.564,2.3900115514847258
3172,3179,0.675116,56.537331,69.979,2.24,-1.985,K0II-IIIvar,1.17,542.0008904016238
3186,3193,0.678437,-4.351841,144.5087,5.9,0.101,K0III,1.091,79.35969681957694
3224,3231,0.68533,39.458664,108.8139,5.3,0.117,G8III,0.891,78.19878403894965
3238,3245,0.688766,-46.085007,75.358,4.59,0.204,G8III,0.953,72.17719496686992
3271,3277,0.69621,-56.501315,67.0241,5.72,1.589,Ap,0.131,20.155798128251917
3292,3299,0.700953,66.147592,158.4786,5.83,-0.17,G9III-IV,1.042,101.85913880541169
3293,3300,0.701081,50.512526,438.5965,4.8,-3.41,B2.5V,-0.105,2013.7242498623896
3323,3330,0.707869,-65.46803,41.0341,5.38,2.314,F6V,0.515,10.33713052350584
3345,3352,0.711609,-60.262807,70.8215,5.99,1.739,K5III,1.318,17.55496629621234
3398,3405,0.722567,-57.46306,75.5287,4.36,-0.031,A0IV,0.024,89.61898068616138
3407,3414,0.724466,47.024546,53.6769,4.95,1.301,A5V,0.17,26.278465408384932
3413,3419,0.72649,-17.986605,29.5334,2.04,-0.312,K0III,1.019,116.09138701261821
3448,3455,0.7365,-10.60955,71.6332,4.77,0.494,K0IIIvar,0.998,55.25861556300781
3449,3456,0.736683,-38.421686,103.8422,5.9,0.818,K1III,1.144,41.00152405066133
3471,3478,0.740612,47.863984,191.2046,5.66,-0.747,B5V...,-0.113,173.30057353270814
3496,3504,0.74542,48.284364,215.5172,4.48,-2.187,B5III,-0.069,652.8298441586142
3497,3505,0.745666,-22.006135,26.7451,5.22,3.084,F0V,0.35,5.086276903064366
3513,3521,0.749187,-42.676558,64.3915,5.94,1.896,A7V,0.297,15.19147698447522
3536,3544,0.754774,55.221396,98.8142,5.41,0.436,A2Vs,0.022,58.29079788672337
3564,3572,0.760862,74.988073,93.0233,5.64,0.797,A2IV,0.078,41.80228289540325
3575,3583,0.76265,-47.551985,15.1584,5.8,4.897,G5IV,0.635,0.9576349769692682
3599,3607,0.769929,-22.522097,93.2836,5.49,0.641,G8/K0III,0.978,48.261409326852096
3624,3632,0.775822,15.475504,238.0952,5.36,-1.524,M4III,1.559,354.48674447379983
3667,3675,0.783738,11.973849,86.8056,5.51,0.817,G8II,0.987,41.03930524610162
3685,3693,0.788981,24.267178,58.0046,4.08,0.263,K1II,1.1,68.35967668381046
3689,3697,0.789898,6.740956,141.2429,5.98,0.23,G8III,0.941,70.46930689671467
3709,3717,0.795339,-18.061339,108.9325,5.7,0.514,K3III,1.3,54.250032163115016
3713,3721,0.796119,74.847573,236.4066,5.42,-1.448,B8III,-0.066,330.5217168699801
3733,3741,0.800296,-21.722492,105.1525,5.57,0.461,B9V,-0.058,56.963937334118356
3742,3750,0.802487,72.674482,61.237,5.86,1.925,K0IV,1.01,14.791083881682072
3752,3760,0.804836,7.299928,177.6199,5.92,-0.327,G8III,1.104,117.70637907805683
3759,3765,0.806382,5.280615,7.4549,5.74,6.378,K2V,0.89,0.24479356661960658
3773,3781,0.809777,-74.923438,64.9351,5.09,1.028,K5III,1.345,33.7909187437723
3778,3786,0.811373,7.585079,95.4198,4.44,-0.458,K5III,1.5,132.8005886243731
3793,3801,0.813892,50.968168,126.2626,4.9,-0.606,B9III,-0.091,152.1948650903652
3802,3810,0.816308,16.940644,23.4522,5.07,3.219,F8V...,0.502,4.491588901059317
3814,3821,0.81826,57.815187,5.9531,3.46,4.586,G0V SB,0.587,1.2752637064597296
3825,3834,0.82054,-24.136672,57.9039,5.9,2.086,K0III,0.944,12.752637064597302
3841,3849,0.823782,-13.561274,85.1064,5.59,0.94,K3III,1.325,36.643757464783334
3871,3881,0.830234,41.078911,189.3939,4.53,-1.857,B5V SB,-0.136,481.72590355916344
3875,3885,0.831433,27.710286,88.574,5.55,0.813,F5III+...,0.398,41.19077848677376
3899,3909,0.835443,-10.644326,15.753,5.17,4.183,F7IV-V,0.514,1.8484171953696558
3939,3949,0.844768,-50.986816,74.239,5.24,0.887,F2III,0.356,38.47689338937884
3941,3951,0.845442,64.247549,196.0784,5.35,-1.112,A4V comp SB,0.528,242.54928571094206
4095,4104,0.877951,-24.005844,171.2329,5.47,-0.698,K1III,1.275,165.6532649318019
4137,4147,0.883471,-1.14426,179.8561,4.78,-1.495,M0III,1.55,345.1437393358564
4142,4151,0.884511,61.12397,18.7441,4.8,3.436,F8V,0.54,3.677900704223862
4190,4200,0.893839,-62.871352,218.3406,5.73,-0.966,M4III,1.574,212.031311673985
4257,4267,0.909785,19.188417,108.1081,5.8,0.631,A1Vn,-0.016,48.70796664925366
4273,4283,0.914667,83.707435,87.7193,5.59,0.875,A4V,0.105,38.904514499428046
4278,4288,0.916139,23.628335,37.9795,5.46,2.562,K1IV,1.012,8.226213938831098
4282,4292,0.916715,58.972698,100.7049,4.83,-0.185,K2III,1.216,103.2761405761398
4283,4293,0.916751,-69.527084,68.0272,5.45,1.287,G7III,1.095,26.619506511518374
4336,4346,0.928444,-7.347149,184.5018,5.88,-0.45,K5III,1.52,131.82567385564073
4361,4371,0.933747,-11.266526,168.9189,5.35,-0.788,K4III,1.505,179.9699516577357
4412,4422,0.944432,59.181056,61.2745,4.62,0.684,G8III-IV,0.957,46.38739667560309
4417,4427,0.945143,60.71674,168.3502,2.15,-3.981,B0IV:evar,-0.046,3407.218616593573
4426,4436,0.945885,38.499345,39.7772,3.86,0.862,A5V,0.13,39.37313537008504
4430,4440,0.946377,60.362836,165.0165,5.56,-0.528,B8V,-0.054,141.64459272385145
4453,4463,0.953445,23.417648,70.4225,4.4,0.161,G8III-IV,0.94,75.09309424540648
4500,4510,0.963931,28.992217,198.8072,5.44,-1.052,G6III,1.076,229.5091476024225
4542,4552,0.970615,33.950885,56.3698,5.99,2.235,K0,1.0,11.117317272815914
4562,4572,0.975285,66.351793,107.4114,5.97,0.815,A0III,-0.008,41.114972110452236
4567,4577,0.976766,-29.357449,238.0952,4.3,-2.584,B7IIIp,-0.154,941.0224835267508
4577,4587,0.978852,-11.379975,98.0392,5.62,0.663,G7III,0.949,47.293341491865164
4665,4675,1.000988,44.713243,119.0476,5.69,0.311,B9.5Vn,-0.01,65.40335094488948
4760,4770,1.02174,-38.916527,157.4803,5.59,-0.396,K1III,1.185,125.42958923023174
4842,4852,1.040674,-31.552005,71.2251,5.5,1.237,A1/A2IV,0.083,27.87404520323769
4879,4889,1.046971,31.804263,132.9787,5.5,-0.119,B9.5V,-0.043,97.18517029401686
4880,4890,1.046997,-46.397311,73.0994,5.39,1.07,G8III,0.9,32.50872973854342
4893,4903,1.048407,41.345157,107.2961,5.95,0.797,A5m,0.161,41.80228289540325
4896,4906,1.049058,7.890135,55.7414,4.27,0.539,K0III,0.952,53.01515066784589
4904,4914,1.050705,-4.836601,102.2495,5.4,0.352,K0III-IV,1.106,62.97961479295171
4951,4962,1.06028,61.074823,613.4969,5.92,-3.019,F0II,0.512,1404.7531026968777
4988,4998,1.06733,52.502161,326.7974,5.99,-1.581,K2,1.447,373.59409225879995
5011,5021,1.072084,61.580184,80.7754,5.83,1.294,F6V,0.569,26.448436268543603
5071,5081,1.084821,14.946133,54.5852,5.64,1.955,F4II-III,0.42,14.387985782558452
5121,5131,1.094709,21.473181,84.317,5.33,0.7,A1Vn,0.003,45.708818961487495
5122,5132,1.094919,21.465442,85.9107,5.55,0.88,A0Vn,-0.048,38.72576449216173
5154,5165,1.101407,-46.718414,56.721,3.32,-0.449,G8IIIvar,0.885,131.673
5155,5164,1.10143,-9.839354,180.8318,5.58,-0.706,A1V,0.009,166.87835113653907
5257,5268,1.121838,-61.775289,93.2836,5.36,0.511,G5III,0.884,54.40013782467271
5285,5296,1.129502,-9.78555,47.1476,5.71,2.343,F7IV,0.446,10.064680664383255
5289,5300,1.129957,-41.486916,56.9476,5.21,1.433,A3V,0.159,23.27019378848164
5299,5310,1.132544,20.739113,47.3037,5.56,2.186,A3V,0.121,11.63054323328467
5306,5317,1.133559,43.942092,58.9623,5.04,1.187,A3m,0.109,29.187708481971423
5325,5336,1.137477,54.92034,7.554,5.17,5.779,G5Vp,0.704,0.4250108331760469
5335,5346,1.1395,5.649819,35.2113,5.51,2.777,F0III-IV,0.334,6.748387308707568
5337,5348,1.139742,-55.24576,91.5751,3.94,-0.869,B6V + B0V,-0.12,193.9099078614849
5350,5361,1.142627,58.263449,184.8429,5.77,-0.564,B8V,-0.019,146.4198642935277
5353,5364,1.143164,-10.182264,37.9939,3.46,0.561,K2III,1.161,51.95172830110675
5361,5372,1.145613,86.25709,85.9107,4.24,-0.43,K2II-III,1.213,129.4195841449985
5423,5434,1.158368,47.241792,219.7802,4.26,-2.45,B7III,0.012,831.7637711026708
5436,5447,1.162194,35.620558,60.5327,2.07,-1.84,M0IIIvar,1.576,474.2419852602448
5443,5454,1.163667,19.658408,115.4734,5.57,0.258,G0III,0.697,68.67521061488183
5482,5493,1.17188,42.081475,52.2739,5.67,2.079,F8V,0.603,12.835121968394969
5483,5494,1.17207,25.457763,120.7729,5.81,0.4,K5III,1.466,60.255958607435744
5498,5510,1.175987,2.44567,235.2941,5.97,-0.888,K4III,1.491,197.33312795365026
5506,5518,1.177579,68.778621,84.8896,5.32,0.676,A0Vnn,-0.014,46.730453963151
5530,5542,1.185017,55.149901,40.95,4.34,1.279,A7Vvar,0.17,26.816370667607295
5532,5544,1.185213,31.424736,147.2754,5.15,-0.691,F0V,0.261,164.58869432193018
5537,5550,1.186189,37.724121,242.1308,5.8,-1.12,B7III-IV,-0.095,244.34305526939713
5554,5566,1.190428,64.202677,124.0695,5.56,0.092,B9.5V,-0.052,80.02026771193327
5559,5571,1.190894,21.03465,117.6471,4.66,-0.693,K0III,1.024,164.8921573150831
5574,5586,1.194342,30.089638,51.7598,4.51,0.94,K0III-IV...,1.092,36.643757464783334
5577,5589,1.194829,65.018854,119.0476,5.57,0.191,B9IV,-0.072,73.04659895204111
5582,5594,1.195419,-2.251079,171.8213,5.93,-0.245,K4III,1.403,109.1440336448756
5614,5626,1.204601,79.673963,82.85,5.6,1.009,A3V,0.008,34.387452222912714
5649,5661,1.212616,-37.856479,69.3963,5.95,1.743,A9IV: (+F/G),0.281,17.490410399663034
5725,5737,1.228857,7.575354,53.3049,5.21,1.576,A7IV,0.32,20.398583002685616
5730,5742,1.229152,24.583713,136.7989,4.67,-1.01,K0III...,1.047,220.80047330188992
5766,5778,1.235453,16.133479,139.47,5.97,0.248,B8III,-0.082,69.3106545149936
5786,5799,1.240011,-7.922826,23.3863,5.14,3.295,F5V,0.448,4.187935651179182
5820,5833,1.246992,-0.973795,42.9185,5.7,2.537,F5V,0.428,8.417827076608125
5849,5862,1.253043,-45.531664,15.1149,4.97,4.073,F8V,0.571,2.045502431109353
5884,5896,1.262704,-68.875927,20.9556,4.25,2.643,F6IV,0.48,7.634841051830966
5913,5926,1.269972,71.743842,847.4576,5.87,-3.771,K1V,2.042,2808.018728116633
5939,5951,1.276747,-2.500368,80.5802,5.42,0.889,G5III-IVe,0.888,38.40608157258116
6048,6061,1.296654,3.614466,75.3012,5.13,0.746,A3V,0.071,43.81269820224928
6179,6193,1.324443,27.264059,94.4287,4.74,-0.136,A3V,0.032,98.7188301068396
6212,6226,1.330082,-0.509029,100.7049,5.87,0.855,A7V...,0.635,39.62780342554393
6228,6242,1.334699,58.231611,100000.0,4.95,-15.05,F0Ia,0.683,91201083.93559097
6301,6315,1.352047,28.738207,107.4114,5.23,0.075,K5III,1.396,81.2830516164099
6397,6411,1.372337,45.528778,65.7462,4.87,0.781,K0III-IV,1.077,42.42286549229506
6478,6492,1.390264,20.468967,306.7485,5.97,-1.464,K5,1.677,335.42853083268994
6488,6502,1.391933,-30.945617,299.4012,5.84,-1.541,M0III,1.612,360.0808291734827
6500,6514,1.394612,37.714943,63.857,5.6,1.574,A1m,0.276,20.43619321084467
6523,6537,1.40039,-8.183257,34.8918,3.6,0.886,K0III,1.065,38.51234824289314
6550,6564,1.405695,-6.914656,46.6418,5.92,2.576,F4V,0.407,8.120822162499833
6578,6592,1.411329,-41.492549,72.2543,5.42,1.126,K0III,1.03,30.87450475587447
6617,6631,1.418136,-64.369478,277.0083,5.92,-1.292,M0III,1.561,286.28592708721214
6656,6670,1.427009,-14.598796,88.1834,4.9,0.173,K2III,1.231,74.26770437146976
6672,6686,1.430216,60.235283,30.4785,2.66,0.24,A5Vv SB,0.16,69.82324040771711
6678,6692,1.432208,68.130012,59.8086,4.72,0.836,K0III,1.047,40.3273792976113
6692,6706,1.437573,19.172346,25.2143,5.35,3.342,F2V:var,0.395,4.0105136608657554
6697,6711,1.438517,43.457739,41.7188,5.98,2.878,F7V,0.52,6.148936385126262
6718,6732,1.44491,19.240422,85.5432,5.5,0.839,K1III,1.106,40.216104433421314
6734,6748,1.447657,-13.056512,37.4672,5.51,2.642,F0V,0.321,7.641876239634676
6799,6813,1.460915,45.406687,28.6205,4.83,2.547,F5IV,0.421,8.340651974086626
6853,6867,1.472759,-43.318234,71.6332,3.41,-0.866,K5II-III,1.542,193.37485452952552
6946,6960,1.49337,-21.629339,71.3776,5.11,0.842,A0V,0.028,40.10513660865759
6985,6999,1.501695,47.007274,90.1713,5.27,0.495,K0III,0.999,55.207743928075736
6993,7007,1.503087,6.14382,93.1966,4.84,-0.007,K4III,1.372,87.65970403212789
7002,7016,1.506362,-26.207851,137.931,5.92,0.222,K2III,1.327,70.99046158552868
7064,7078,1.520444,70.264604,28.9771,5.82,3.51,F6V,0.489,3.4355794789987457
7068,7083,1.520851,-49.072702,43.573,3.93,0.734,K0III-IV,0.972,44.299619910036355
7083,7097,1.524725,15.345823,107.1811,3.62,-1.531,G8III,0.974,356.77958828856265
7104,7118,1.52868,-30.283081,102.3541,5.79,0.739,K0III,1.073,44.09608164506378
7199,7213,1.548903,-36.865231,84.3882,5.49,0.859,K1/K2III,1.021,39.48207780378827
7237,7251,1.557142,58.327334,675.6757,5.69,-3.459,K0Ib+...,1.435,2106.6869257394146
7262,7276,1.561899,-7.025341,29.5159,5.75,3.4,G2IV,0.639,3.8018939632056115
7280,7294,1.565528,59.23204,63.8162,4.68,0.655,K0III,0.991,47.64309868054156
7307,7321,1.571279,37.237146,143.472,5.9,0.116,B9IV,-0.067,78.2708409590612
7331,7345,1.57716,-15.676359,59.3824,5.62,1.752,A1V,0.066,17.346026278792866
7345,7359,1.580296,18.460512,163.1321,5.9,-0.163,M2III,1.536,101.20454110965416
7433,7447,1.598542,17.433841,58.072,5.95,2.13,F0IV,0.259,12.246161992650483
7436,7450,1.599713,-15.400183,167.5042,5.41,-0.71,K1III,1.226,167.49428760264365
7449,7463,1.602361,-29.907317,69.3481,5.69,1.485,F2V,0.335,22.181964198002195
7499,7513,1.613299,41.405459,13.4916,4.1,3.45,F8V,0.536,3.630780547701012
7521,7535,1.61831,12.141535,35.0877,5.54,2.814,F0V,0.347,6.522288424656393
7554,7568,1.624389,-84.769593,116.6861,5.66,0.325,K0III,0.939,64.56542290346553
7574,7588,1.628556,-57.236757,42.7533,0.45,-2.705,B3Vp,-0.158,1051.9618738232234
7587,7601,1.631959,-82.974995,27.3823,5.88,3.693,G2V,0.62,2.902685610499052
7593,7607,1.633205,48.628213,54.3183,3.59,-0.085,K3III,1.275,94.18895965228413
7603,7617,1.635435,57.977631,534.7594,5.55,-3.091,G5II,1.388,1501.0667325703694
7628,7643,1.640968,-36.528251,101.833,5.94,0.901,K0III,1.045,37.983939015450716
7635,7650,1.641926,73.04004,140.4494,5.28,-0.458,G8II-IIIvar,0.972,132.8005886243731
7664,7679,1.647718,-21.275384,77.2798,5.58,1.14,F0V,0.346,30.47894989627983
7703,7719,1.655835,44.386165,76.746,5.01,0.585,G8III...,0.883,50.81594425605605
7725,7740,1.661338,16.405858,120.1923,5.98,0.581,K2III,1.119,51.003502395944686
7736,7751,1.663003,-56.19462,8.1466,5.8,6.245,K2 V,0.86,0.27669416454115103
7803,7818,1.676337,40.577049,218.3406,4.96,-1.736,B8III,-0.068,430.92332281862633
7810,7825,1.677674,43.297687,69.5894,5.63,1.417,A9IV:,0.214,23.615655239177173
7869,7884,1.690526,5.487613,111.3586,4.45,-0.784,K3III,1.347,179.30813770804414
7891,7906,1.694233,30.04712,157.7287,5.97,-0.02,K0III,1.015,88.71560120379604
7901,7916,1.695787,-11.324669,39.4477,5.75,2.77,F5V+...,0.443,6.792036326171843
7903,7918,1.696383,42.613369,12.7389,4.96,4.434,G2V,0.618,1.466898282206286
7906,7921,1.696655,-60.789339,111.4827,5.7,0.464,K2/K3III,1.264,56.8067574106772
7926,7941,1.700833,-36.832305,93.1099,5.7,0.855,A0V,-0.01,39.62780342554393
7928,7943,1.700968,35.245707,84.246,5.63,1.002,B9IV-V,-0.059,34.60987254853528
7940,7955,1.702389,-32.32697,65.8762,5.25,1.156,K1II/III,1.044,30.033088786765592
7950,7965,1.705688,68.043021,119.1895,5.57,0.189,A0p SiSr,-0.049,73.18127976744553
7963,7978,1.708125,-53.740834,17.4338,5.52,4.313,F8V,0.551,1.6398344276265366
7966,7981,1.70827,20.268504,7.5324,5.24,5.855,K1V,0.836,0.3962780342554391
7984,7999,1.712086,-3.6902,364.9635,4.98,-2.831,K3II-III,1.378,1181.4082519208876
8001,8016,1.715493,70.622526,85.1064,5.18,0.53,B9V,-0.022,53.45643593969714
8031,8046,1.722151,60.551332,320.5128,5.78,-1.749,B8IIIn,-0.01,436.11397139306484
8053,8068,1.727675,50.688732,220.2643,4.01,-2.705,B2Vpe,-0.098,1051.9618738232234
8087,8102,1.734479,-15.93748,3.6502,3.49,5.678,G8V,0.727,0.46644452520377955
8183,8198,1.756564,9.157736,85.6898,4.26,-0.405,K0III,0.942,126.4736347471151
8194,8209,1.760763,-25.05261,28.1136,5.29,3.045,F2IV,0.395,5.2722986142282275
8215,8230,1.766461,-5.733299,168.9189,5.37,-0.768,K4III,1.517,176.68512984538805
8225,8240,1.76832,-50.816256,194.5525,5.49,-0.955,M3III,1.615,209.89398836235245
8226,8241,1.768392,-53.522037,62.0347,5.04,1.077,A1V,0.031,32.299812405956246
8347,8362,1.795668,63.852501,10.0675,5.63,5.615,K0V,0.804,0.4943106869868351
8372,8387,1.803038,16.955551,84.3882,5.86,1.229,B9.5V,-0.039,28.08018728116636
8388,8404,1.807227,3.685447,98.4252,5.91,0.944,G9III,0.97,36.50900524844984
8408,8423,1.810808,37.95287,104.6025,5.94,0.842,K0III,0.975,40.10513660865759
8417,8433,1.81155,32.69021,27.8552,5.78,3.555,F8V,0.572,3.2960971217745763
8481,8497,1.826418,-10.68641,23.1857,4.66,2.834,F3III,0.333,6.4032432446894685
8527,8544,1.835714,22.275338,179.5332,5.83,-0.441,K1III+...,0.743,130.73744701631327
8571,8588,1.84777,11.043378,42.0168,5.92,2.803,F2Vw,0.302,6.588704043340734
8576,8593,1.848459,-50.206138,77.1605,5.94,1.503,A1V,0.154,21.817249589882998
8581,8598,1.849198,51.933417,41.684,5.96,2.86,F5V,0.419,6.251726927756857
8628,8645,1.857676,-10.335038,72.0461,3.74,-0.548,K2III,1.136,144.27796231294775
8687,8704,1.866476,55.147385,396.8254,5.53,-2.463,B1.5V,-0.175,841.7827076608131
8696,8714,1.869268,50.792794,147.929,5.7,-0.15,B9p...,-0.067,100.0
8760,8778,1.881142,-16.92925,94.162,5.78,0.911,F0V,0.26,37.63570016936729
8777,8796,1.884696,29.578829,19.4175,3.42,1.979,F6IV,0.488,14.073431383183483
8795,8814,1.888152,40.72979,193.4236,5.42,-1.013,K1III,1.311,221.41141120912616
8813,8832,1.89217,19.293852,50.3018,3.88,0.372,A1p Si,-0.047,61.83010727517132
8814,8833,1.892597,3.187536,54.9149,4.61,0.912,K0III SB,0.928,37.60105236684958
8818,8837,1.894102,-46.302669,104.8218,4.39,-0.712,M4III SB,1.597,167.8031078290955
8863,8882,1.906122,-42.49695,94.0734,5.12,0.253,A3V,-0.06,68.99220098440475
8867,8886,1.906584,63.670101,126.2626,3.35,-2.156,B2pvar,-0.15,634.453795775715
8884,8903,1.910668,20.808035,17.9856,2.64,1.365,A5V...,0.165,24.774220576332848
8909,8928,1.915572,-67.647303,67.0691,4.68,0.547,G5III,0.931,52.62595620803182
8974,8993,1.930844,23.577322,170.9402,5.76,-0.404,K1III,1.185,126.35720185226539
8982,9001,1.9318,37.277786,282.4859,5.89,-1.365,K5III,1.599,306.19634336906785
8989,9007,1.932564,-51.608896,17.8508,3.69,2.432,G5IV,0.844,9.272567425805942
8990,9009,1.933337,68.685242,215.0538,4.97,-1.693,B8III,-0.084,414.19037262210077
9002,9021,1.935927,37.25183,96.9932,5.69,0.756,G8III...,1.06,43.41102097073453
9042,9061,1.944499,-22.526785,108.2251,4.92,-0.252,K3III,1.434,109.84998450583755
9076,9095,1.952792,-47.385277,76.1035,4.82,0.413,G8III,0.864,59.53878941276854
9091,9110,1.955848,17.817532,159.4896,5.09,-0.924,K1p...,0.921,203.98583002685626
9113,9132,1.962151,27.804381,140.2525,5.84,0.105,M2III,1.576,79.06786279998245
9135,9153,1.965478,23.596061,39.4945,4.79,1.807,F0V,0.29,16.489215731508327
9203,9222,1.975973,49.204352,75.0188,5.7,1.324,K0IV,1.005,25.727642953467797
9217,9236,1.979451,-61.569859,22.0119,2.86,1.147,F0V,0.29,30.283076942657782
9288,9307,1.993244,21.05857,119.9041,5.89,0.496,K0III-IV,1.031,55.156919126080254
9293,9312,1.993892,64.621602,75.3012,5.29,0.906,A0Vn,0.002,37.80941866832965
9294,9313,1.994118,-42.030532,89.9281,5.57,0.801,K1III,1.052,41.648560934074126
9307,9326,1.996166,-20.824539,180.5054,5.43,-0.852,M0/M1III,1.64,190.89739411235064
9328,9347,2.000084,-21.077831,89.7666,3.99,-0.776,K5/M0III,1.554,177.99180203953355
9334,9353,2.002544,3.097015,33.5008,5.89,3.265,G2IV,0.61,4.305266104917106
9353,9372,2.007451,-8.523873,145.9854,5.43,-0.392,M3III,1.391,124.96833972112192
9420,9440,2.020759,-30.00183,90.2527,5.34,0.563,G8III,0.883,51.85611776858399
9439,9459,2.02844,-44.713509,115.0748,5.15,-0.155,K5III,1.471,100.46157902783956
9460,9480,2.032644,70.90702,35.2609,4.49,1.754,A3IV,0.164,17.314103128901543
9467,9487,2.034117,2.763759,46.1681,3.82,0.498,A2,0.024,55.055409848479435
9485,9505,2.038359,54.487541,223.2143,4.99,-1.754,B8III,-0.071,438.126982022493
9513,9533,2.043077,13.476716,206.1856,5.97,-0.601,M2III,1.584,151.4955932040344
9544,9564,2.047913,64.901466,83.8926,6.0,1.381,A1Vn,0.029,24.411811060548892
9550,9570,2.049433,33.284135,120.048,5.5,0.103,A2V,0.029,79.21364541528511
9552,9572,2.049602,-15.305932,109.8901,5.87,0.665,K0II/III,0.966,47.20630412635904
9553,9573,2.050052,64.390018,537.6344,5.59,-3.062,B8Ib,0.325,1461.5039720061645
9568,9589,2.053236,0.128507,86.1326,5.42,0.744,A5III,0.146,43.89347855347172
9577,9598,2.057268,72.421294,48.1696,3.95,0.536,A2V,-0.002,53.161839507396266
9600,9621,2.060927,25.935471,48.7092,5.64,2.202,F8IV,0.537,11.460405911366024
9601,9622,2.061247,-4.103516,166.113,5.61,-0.492,K5Iab:,1.589,137.0250597124245
9609,9631,2.063381,-0.340251,110.9878,5.96,0.734,G5V...,0.851,44.299619910036355
9618,9640,2.064984,42.329725,120.4819,2.1,-3.305,B8V,1.37,1828.1002161427427
9655,9677,2.074844,-29.296819,113.7656,4.68,-0.6,B9.5p (Si),-0.156,151.3561248436207
9706,9727,2.085315,77.281341,33.1565,5.27,2.667,F0Vn,0.345,7.467925899308832
9741,9763,2.092103,76.11506,122.6994,5.22,-0.224,G8III,0.954,107.05328538333617
9814,9836,2.109423,22.648317,55.6793,5.03,1.302,A2m,0.121,26.254273189937003
9861,9884,2.119555,23.462423,20.1776,2.01,0.486,K2III,1.151,55.6672798150948
9954,9977,2.141454,37.859077,58.6854,4.78,0.937,A5IV-V,0.12,36.74514791999399
9967,9990,2.144606,58.423601,100000.0,5.66,-14.34,A1Ia,0.595,47424198.52602439
10011,10035,2.152584,-43.516596,159.7444,5.84,-0.177,K1III,1.197,102.51797048255567
10030,10053,2.157036,25.939892,88.4956,4.98,0.245,F2III,0.339,69.50243175887965
10041,10064,2.159058,34.987297,38.8954,3.0,0.051,A5III,0.14,83.0998041044432
10133,10155,2.177109,19.500338,171.2329,5.68,-0.488,M3III,1.641,136.52116950664455
10189,10212,2.189189,8.569805,40.7166,5.64,2.591,G0IV,0.569,8.009400305332868
10192,10215,2.189507,-10.052162,47.5964,6.0,2.612,F5V,0.418,7.855973322609894
10211,10234,2.193287,-1.825429,119.0476,5.94,0.561,G9III:,0.967,51.95172830110675
10256,10280,2.206191,30.303067,89.1266,4.94,0.19,F5V comp SB,0.77,73.11390834834172
10272,10296,2.210427,24.167778,228.833,5.96,-0.838,K0,1.366,188.45167417215538
10281,10305,2.213206,-2.393637,39.6983,5.65,2.656,F8V,0.546,7.543970821979897
10282,10306,2.213355,21.210993,28.8684,5.23,2.928,F5V,0.457,5.872188659713031
10296,10320,2.21513,-30.723825,98.2318,5.27,0.309,A0V,-0.013,65.5239394015981
10300,10324,2.216665,8.846717,117.5088,4.36,-0.99,G8II:,0.878,216.7704104819694
10302,10326,2.21694,-21.000137,106.383,5.86,0.726,K0III,1.006,44.62723707622523
10304,10328,2.217584,15.27986,146.8429,5.72,-0.114,M0III,1.551,96.73864499689508
10316,10340,2.220369,44.231652,162.6016,4.84,-1.216,K4III,1.476,266.931606362429
10342,10366,2.226728,51.065818,64.9773,5.31,1.246,G8III:var,0.926,27.64394371220336
10394,10418,2.237366,-67.841441,238.0952,5.57,-1.314,M1III,1.556,292.14603738773343
10416,10440,2.242208,-41.166765,105.7082,5.91,0.789,G9III,0.965,42.11143104363183
10489,10513,2.25794,-67.746366,149.7006,5.67,-0.206,K2III,1.306,105.29312128434388
10510,10535,2.261884,25.043043,51.0725,5.57,2.029,F6V,0.52,13.440022630821629
10517,10540,2.262789,25.782937,42.1053,5.79,2.668,F6IV-V,0.439,7.461050851930628
10535,10559,2.265635,33.358895,86.0585,5.25,0.576,A0V,-0.004,51.238923866467964
10578,10602,2.275154,-51.512165,47.1254,3.56,0.194,B8IV-V,-0.12,72.84504232923301
10618,10642,2.283068,-6.422116,102.0408,5.51,0.466,G8III,0.962,56.70221181605431
10620,10644,2.284191,34.224231,10.784,4.84,4.676,G0V,0.607,1.1738159324832202
10645,10670,2.288573,33.847194,34.4353,4.03,1.345,A1Vnn,0.019,25.234807724805755
10692,10718,2.29996,57.89982,125.9446,5.75,0.249,K3III,1.175,69.24684643226364
10697,10723,2.3004,1.757802,24.3546,5.6,3.667,G0.5IV,0.588,2.97303484967702
10703,10729,2.301275,57.516321,251.2563,5.99,-1.011,G7III,1.039,221.00393173491838
10706,10732,2.302094,19.901164,137.1742,5.58,-0.106,A1Vn,0.011,96.02846792093811
10766,10793,2.315831,28.642674,115.4734,5.29,-0.022,A2V,0.037,88.87917198848203
10793,10819,2.321337,47.379973,75.358,5.31,0.924,A1V,0.006,37.187758332493566
10845,10871,2.331739,-55.944796,189.0359,5.81,-0.573,K5III,1.57,147.63862777538625
10918,10944,2.349499,50.151466,120.3369,5.57,0.168,B9p Si,-0.089,74.61050851930628
10975,11001,2.362498,-68.659418,42.8266,4.08,0.921,A3V,0.034,37.290653996215255
10995,11021,2.36573,0.395675,330.033,5.29,-2.303,M2III,1.648,726.4404185924765
11003,11029,2.367092,-10.777534,29.656,5.43,3.069,F0V,0.364,5.157034063026458
11007,11033,2.368051,-17.662169,135.6852,5.89,0.227,K2III,1.231,70.66429004252072
11020,11046,2.37011,-0.884852,80.1282,5.42,0.901,F0Vn,0.335,37.983939015450716
11034,11060,2.372621,55.845653,100000.0,5.16,-14.84,A2Ia,0.369,75162289.40182045
11046,11072,2.375704,-23.816326,21.9635,5.19,3.481,G2V,0.608,3.5285802582852694
11064,11090,2.380644,41.396297,47.0146,5.81,2.449,F0III-IV,0.289,9.12851219331122
11069,11095,2.38123,-73.645792,97.2763,5.99,1.05,K0III,1.088,33.11311214825911
11075,11102,2.381852,-51.092129,60.8643,5.9,1.978,A5V,0.213,14.086399463612564
11193,11220,2.406919,50.006546,122.399,5.19,-0.249,G8III,0.979,109.54687673339954
11222,11249,2.413627,10.610565,267.3797,5.48,-1.656,B7IV,-0.098,400.3132821780238
11231,11258,2.414987,-60.311947,49.3827,5.36,1.892,F2III,0.395,15.247547676599162
11286,11313,2.42706,50.278631,113.2503,4.73,-0.54,K4III,1.532,143.21878992735438
11318,11345,2.432501,-12.29048,139.8601,4.88,-0.848,A0V,-0.027,190.1953960442308
11321,11348,2.433431,-15.341247,77.0416,5.88,1.446,Ap SrCrEu,0.116,22.993230870212244
11354,11381,2.443115,-20.042617,84.1043,5.89,1.266,K2III,1.247,27.13938487641588
11380,11407,2.449755,-47.70384,155.7632,4.24,-1.722,B5IV,-0.136,425.40246294406796
11405,11432,2.457715,31.80128,85.2515,5.55,0.896,K1III:,1.114,38.159264911893366
11449,11477,2.467139,-33.811039,46.5983,5.13,1.788,A2/A3V,0.089,16.78031078290956
11457,11484,2.469317,8.460054,59.2066,4.3,0.438,B9III,-0.053,58.1835211048072
11459,11486,2.469439,29.66933,49.8256,5.29,1.803,F0III,0.311,16.550076287699895
11521,11548,2.480139,29.93176,31.407,5.89,3.405,G0V,0.591,3.784425847170931
11542,11569,2.484437,67.402474,40.7332,4.46,1.41,A5p Sr,0.153,23.76840286624876
11643,11670,2.508986,25.235036,51.7598,5.88,2.31,F6IV,0.412,10.37528415818012
11660,11687,2.512556,0.255749,86.2813,6.0,1.32,A7III-IVs,0.168,25.82260190634596
11710,11738,2.525027,2.267182,140.8451,5.27,-0.474,K3III,1.271,134.77210138513502
11729,11757,2.527834,-79.109382,87.0322,5.27,0.572,G4III,0.981,51.42804319487918
11734,11767,2.52975,89.264109,132.626,1.97,-3.643,F7:Ib-IIv SB,0.636,2495.743794831569
11755,11783,2.534786,-15.244677,26.6951,4.74,2.608,F5V,0.454,7.884969177453771
11756,11784,2.535045,36.147271,132.8021,5.15,-0.466,K5III,1.472,133.7827133604697
11763,11791,2.53595,-1.034896,81.4332,5.36,0.806,G3III:,1.004,41.45720317867256
11811,11840,2.547952,34.54241,83.2639,5.84,1.238,K0III,1.083,27.848384078050024
11814,11843,2.548372,15.034554,29.9401,6.0,3.619,F8V,0.572,3.107420310388586
11838,11867,2.551952,-34.649967,111.8568,5.91,0.667,K0/K1III,1.064,47.1194269420276
11888,11918,2.564085,-28.232343,148.368,4.96,-0.897,B9V,-0.05,198.9756811090657
11971,12002,2.578507,-7.859445,140.647,5.74,-0.001,K4III,1.393,87.17661466018497
12041,12072,2.594095,37.312263,191.2046,5.72,-0.687,K4III,1.389,163.98344276265362
12055,12086,2.596336,34.687558,193.7984,5.38,-1.057,M3III,1.652,230.56851369472864
12062,12093,2.597909,5.593246,104.2753,4.87,-0.221,G8III,0.88,106.75789450994941
12075,12107,2.600013,-7.831597,142.6534,5.53,-0.241,M0III,1.607,108.74267195462436
12082,12114,2.601357,6.88687,7.1803,5.79,6.509,K3V,0.918,0.21697015538008513
12090,12122,2.602574,-30.044978,178.5714,5.74,-0.519,G8/K0III,1.017,140.47531026968778
12115,12148,2.609742,7.730026,90.7441,5.81,1.021,K0III:,1.04,34.00948065121909
12121,12153,2.610531,12.447639,34.7343,5.64,2.936,F7V,0.516,5.829079788672336
12149,12181,2.615879,38.733581,54.1712,5.91,2.241,F5V,0.502,11.056050150387033
12154,12186,2.616281,-34.577977,25.7798,5.78,3.724,G1V,0.653,2.8209799536634277
12193,12225,2.623425,-52.543086,45.5581,5.3,2.007,A6V,0.289,13.715132259364845
12207,12239,2.626676,65.745336,283.2861,5.8,-1.461,K5III,1.561,334.50298682601374
12215,12247,2.628278,-3.396175,92.5069,5.65,0.819,G5III:,1.021,40.96377763696797
12241,12273,2.633909,72.818252,78.4314,5.17,0.698,G8III,0.896,45.793095315174384
12256,12288,2.638515,-30.194062,33.9443,5.84,3.186,F5V,0.476,4.630202658603084
12300,12332,2.646943,21.961408,103.3058,5.45,0.379,A7V,0.168,61.43275612705213
12355,12387,2.658044,0.328511,199.2032,4.08,-2.416,B2IV,-0.212,806.1205638638912
12357,12390,2.659398,-11.872156,21.4823,4.83,3.17,F5V,0.447,4.698941086052153
12360,12394,2.659799,-68.266946,46.5549,4.12,0.78,B9III,-0.061,42.46195639463128
12381,12413,2.663326,-42.89167,35.6888,4.74,1.977,A2V,0.061,14.099379493587232
12411,12444,2.670117,-9.452875,21.7581,5.79,4.102,F6V,0.524,1.9915902890576112
12451,12484,2.677666,-54.549911,49.0918,5.21,1.755,F4IV,0.411,17.298163592151013
12452,12486,2.677781,-39.855375,46.1894,4.11,0.787,K0III,1.006,42.18907465677975
12456,12489,2.678075,27.060943,70.9723,5.3,1.045,A3V,0.081,33.265955329400455
12497,12530,2.687222,-0.695653,22.5887,5.72,3.951,F7IV,0.511,2.288758657062362
12529,12562,2.692814,-14.549276,47.2144,5.98,2.61,F5V,0.429,7.870457896950985
12575,12608,2.701834,-38.383686,126.4223,5.99,0.481,G8III,0.917,55.924228304090015
12590,12623,2.704144,40.193944,24.1896,4.91,2.992,F9V,0.582,5.536049950434
12607,12640,2.706094,20.011465,116.8224,5.74,0.402,A0V,-0.017,60.14506519775483
12620,12653,2.709265,-50.800294,17.1674,5.4,4.226,G3IV,0.561,1.7766423082036151
12653,12686,2.716528,53.526105,141.2429,5.85,0.1,K0II-III,1.125,79.43282347242817
12659,12692,2.717451,55.106019,132.2751,5.76,0.153,B7IIIp...,-0.11,75.64844408332819
12673,12706,2.721678,3.235818,24.4081,3.47,1.532,A3V,0.093,21.242224773886967
12686,12719,2.724198,27.707146,105.1525,4.65,-0.459,B3V,-0.122,132.92295883156825
12735,12768,2.734766,44.29704,301.2048,5.43,-1.964,G0Ib,0.904,531.6183950739627
12737,12770,2.735375,-13.858696,120.4819,4.24,-1.165,B7IV,-0.122,254.6830252585042
12744,12777,2.736634,49.228448,11.1272,4.1,3.868,F7V,0.514,2.470586136038431
12770,12803,2.742493,15.311862,182.1494,5.78,-0.522,B9Vn,-0.024,140.86399463612562
12788,12821,2.747133,67.82463,126.7427,5.95,0.435,A5III,0.136,58.34451042737448
12795,12828,2.749039,10.114146,25.7732,4.27,2.214,F1III-IV,0.311,11.334438229710342
12799,12832,2.749328,12.445761,36.3372,5.17,2.368,A7III-IV,0.234,9.835580562269573
12810,12843,2.751715,-18.572563,14.2207,4.47,3.705,F5/F6V,0.481,2.8707805820246897
12838,12871,2.757629,-63.704553,55.991,5.73,1.989,G8III/IV,0.932,13.944405388714603
12843,12876,2.759048,-67.616617,87.184,4.83,0.128,A2IV/V,0.058,77.41052270741217
13022,13055,2.796568,81.448475,133.1558,5.8,0.178,G8p...,1.3,73.92647526562268
13028,13061,2.79848,29.247118,52.6039,4.52,0.915,K1III,1.112,37.49730022454834
13075,13108,2.808913,18.28379,141.6431,5.83,0.074,K1III,1.216,81.35795056053963
13088,13121,2.81275,25.188064,121.8027,5.89,0.462,A0V,-0.033,56.91149576288411
13108,13141,2.817062,-62.806521,50.4541,5.25,1.736,A2V,0.101,17.603539536161644
13114,13147,2.818169,-32.405898,52.9381,4.45,0.831,G8III,0.981,40.513522022926395
13132,13165,2.821544,17.464309,239.2344,5.26,-1.634,B6V,-0.066,392.28346253952094
13169,13202,2.831716,-27.941981,140.647,5.39,-0.351,A1V,0.013,120.33722711826847
13176,13209,2.833063,27.260507,50.7872,3.61,0.081,B8Vn,-0.1,80.83510373900673
13192,13225,2.837438,-35.843636,137.931,5.92,0.222,K0III,0.899,70.99046158552868
13210,13244,2.841255,-75.066947,104.0583,4.76,-0.326,K3III,1.337,117.59801740658484
13221,13254,2.843063,38.318644,37.0233,4.22,1.378,F2III,0.343,24.479356661960658
13231,13265,2.844557,-35.675849,140.8451,5.48,-0.264,K2III,1.259,111.07082559188639
13234,13268,2.844945,55.895496,269.5418,3.77,-3.383,K3Ib comp SB,1.69,1964.264645879858
13254,13288,2.850645,-21.004019,57.3066,4.76,0.969,K0III,0.906,35.67795882885623
13293,13327,2.858218,15.082071,151.5152,5.52,-0.382,B7V,-0.099,123.82262309589933
13294,13328,2.858566,35.059741,143.2665,4.56,-1.221,K5III,1.554,268.163706676073
13305,13339,2.861594,46.841939,119.9041,5.86,0.466,G8III,0.903,56.70221181605431
13333,13367,2.866319,68.888497,395.2569,5.94,-2.044,F5:Ib-II,0.7,572.2687092228432
13439,13473,2.892885,-38.437004,58.5138,5.93,2.094,F5V,0.437,12.659017493002446
13445,13479,2.893144,-22.376308,111.6071,5.93,0.692,G8/K0III,1.041,46.04685783785738
13456,13490,2.895168,38.337488,70.6714,5.34,1.094,F4Vvar,0.423,31.798014276915243
13497,13531,2.904295,52.762479,77.9423,3.93,-0.529,G4III...,0.758,141.77511231219995
13620,13654,2.930138,18.33164,107.7586,5.76,0.598,M6IIIvar,1.452,50.21113054699537
13631,13665,2.932452,61.521138,26.7094,5.59,3.457,F4V,0.445,3.6074473386419155
13645,13679,2.937158,8.381563,42.9738,5.97,2.804,F7IV,0.478,6.582638416409014
13667,13701,2.940458,-8.898144,41.8585,3.89,0.781,K1III-IV,1.088,42.42286549229506
13668,13702,2.940596,18.023119,35.3482,5.58,2.838,F6V,0.471,6.379696226625788
13683,13717,2.943729,-3.71232,57.1755,5.16,1.374,A3Vn,0.084,24.569708276368374
13741,13775,2.954801,31.934219,98.0392,5.1,0.143,B9p...,-0.007,76.34841051830966
13748,13782,2.9566,-23.862164,47.6872,5.44,2.048,A5IV/V,0.238,13.20687295146423
13800,13834,2.968114,20.668733,33.1675,5.8,3.196,F5IV,0.415,4.587752705471356
13801,13835,2.968258,-23.606012,203.252,5.82,-0.72,K2III,1.334,169.0440931643263
13813,13847,2.971023,-40.304672,49.4315,2.88,-0.59,A4III+...,0.128,149.96848355023724
13840,13874,2.978355,-2.782877,110.6195,5.22,0.001,A2IV,0.014,87.01617721519975
13845,13879,2.979352,39.662728,94.9668,4.68,-0.208,A2Vn,0.065,105.48725713234374
13850,13884,2.979939,-64.071284,90.3342,4.98,0.201,A5III,0.126,72.37690370745293
13871,13905,2.984356,35.183128,112.8668,4.94,-0.323,K2III,1.235,117.27353057793782
13880,13914,2.986868,21.340429,101.9368,4.63,-0.412,A2Vs,0.048,127.29167461935602
13908,13942,2.993381,-25.274133,32.6158,5.69,3.123,F3V,0.427,4.906818567679514
13914,13949,2.99441,41.032941,198.8072,5.89,-0.602,K2,1.445,151.6351900787289
13917,13951,2.994767,-2.464952,111.1111,5.56,0.331,B9.5V,-0.072,64.2096052567594
13920,13954,2.99525,8.907365,176.6784,4.71,-1.526,B6III,-0.109,355.1403349828821
13931,13965,2.997164,47.220693,156.4945,5.47,-0.502,G4p,0.869,138.29293697959446
14002,14036,3.012261,10.870388,161.2903,5.93,-0.108,K6,1.593,96.20552191862144
14009,14043,3.014501,52.351744,140.647,5.24,-0.501,B7V,-0.049,138.16562311673286
14026,14060,3.019451,-7.663012,99.3049,5.75,0.765,K0II,1.043,43.05266104917108
14052,14086,3.027115,-28.091554,32.1958,5.88,3.341,G8/K0V,0.794,4.01420918204321
14075,14109,3.031706,26.462354,64.3501,5.91,1.867,A3m,0.141,15.60270868693061
14076,14110,3.032255,-9.961407,101.1122,5.84,0.816,G6III:,1.092,41.07712125533876
14097,14131,3.037615,-71.902457,157.7287,5.51,-0.48,B8III/IV,-0.125,135.51894123510365
14100,14135,3.037992,4.089734,76.3942,2.54,-1.875,M2III,1.63,489.77881936844614
14109,14143,3.039588,4.352884,168.6341,5.62,-0.515,B7V,-0.107,139.95873225726177
14112,14146,3.039863,-23.624472,27.1739,4.08,1.909,A4V,0.163,15.010667325703686
14134,14168,3.045076,-7.685472,81.1688,5.32,0.773,K0II-III,0.941,42.73660314969305
14153,14187,3.048849,-46.975036,259.7403,5.81,-1.263,K2/K3III,1.304,278.7404520323769
14206,14240,3.060239,-59.737775,43.4028,5.12,1.932,F0IV,0.349,14.69602898979651
14257,14293,3.071254,-7.600857,41.5628,5.26,2.166,A8V,0.193,11.84677117581485
14292,14328,3.079942,53.50644,74.5712,2.91,-1.453,G8III+...,0.716,332.04733579750683
14318,14354,3.08627,38.840274,94.3396,3.32,-1.553,M3IIIvar,1.528,364.0826637894008
14340,14376,3.090747,25.255174,165.2893,5.45,-0.641,B7Vn,-0.031,157.18098282039188
14346,14382,3.092338,56.705719,64.7249,4.77,0.715,K0II-III,1.018,45.08167045414601
14381,14417,3.102203,79.418535,211.8644,5.49,-1.14,F7IV comp SB,1.569,248.8857318282393
14403,14439,3.106579,13.18725,96.0615,5.64,0.727,K3III,1.087,44.58615279480704
14420,14456,3.109303,-6.088555,139.8601,5.23,-0.498,M3III,1.575,137.7843843351454
14466,14502,3.121947,64.057594,189.7533,5.89,-0.501,B9V,-0.02,138.16562311673286
14485,14521,3.125541,-78.989244,82.85,5.67,1.079,F2II-III,0.298,32.240368719181866
14540,14576,3.136148,40.955648,27.571,2.09,-0.112,B8V,-0.003,96.56060985415496
14596,14632,3.151005,49.613278,10.5407,4.05,3.936,G0V,0.595,2.320598461598921
14632,14668,3.158258,44.857544,34.5662,3.79,1.097,K0III,0.98,31.71027438947892
14641,14677,3.160206,29.07708,323.6246,5.74,-1.81,B8III,0.115,461.31757456037957
14728,14764,3.177443,11.872627,136.4256,5.97,0.296,B8V,-0.061,66.31320218835526
14781,14817,3.188163,39.611582,88.3392,4.61,-0.121,K1III,1.115,97.36435697988867
14802,14838,3.193822,19.726677,52.0291,4.35,0.769,K2IIIvar,1.033,42.89434099967816
14808,14844,3.195229,81.47071,62.1891,5.92,1.951,A7III-IV,0.149,14.441090844161215
14826,14862,3.198957,74.393659,50.7099,4.85,1.325,A2Vnn,0.035,25.703957827688633
14843,14879,3.201249,-28.987618,14.2369,3.8,3.033,F8V,0.543,5.330893422367013
14857,14893,3.203957,27.256968,154.0832,5.78,-0.159,B9p Si,-0.106,100.83237577615515
14877,14913,3.207146,-44.41966,42.4989,5.92,2.778,F3V+...,0.44,6.742174675762442
14879,14915,3.207324,6.660883,230.9469,5.55,-1.268,K1IIIpe+...,1.011,280.02705950106355
14894,14930,3.209209,-57.321549,321.5434,5.71,-1.826,C5II,2.419,468.16613972436465
14917,14954,3.212899,-1.196101,22.5785,5.07,3.302,F8V,0.575,4.161021885174546
14967,15004,3.223297,48.176953,116.5501,5.93,0.597,G9III,0.972,50.25739801095915
15072,15110,3.24836,21.044441,80.3859,4.87,0.344,A1V,-0.007,63.4453795775714
15116,15154,3.255677,30.556689,159.7444,5.61,-0.407,A1Vs,0.012,126.70682249985478
15154,15192,3.263325,57.14062,877.193,5.79,-3.925,A0Ia,0.644,3235.936569296281
15159,15197,3.263896,-8.81973,33.6474,4.8,2.165,A5m,0.232,11.857687481671597
15163,15201,3.265951,-77.388454,29.7089,5.51,3.146,F4III,0.438,4.803966829296808
15181,15219,3.270057,50.937664,242.1308,5.04,-1.88,G5II,1.107,492.0395356814511
15203,15241,3.276442,32.184018,134.5895,5.98,0.335,G8IV,0.988,63.973483548264824
15267,15305,3.290722,-47.751664,156.9859,5.84,-0.139,K2III,1.228,98.99197750805841
15293,15330,3.295903,-62.575322,12.0077,5.53,5.133,G2V,0.641,0.7705485366297148
15296,15334,3.296042,39.283373,153.3742,5.97,0.041,A2IV,0.056,83.86871712481636
15300,15338,3.296485,44.025024,224.2152,5.49,-1.263,B8V...,-0.06,278.7404520323769
15319,15357,3.300717,-28.797075,62.3053,5.93,1.957,F3V+...,0.337,14.361506529074772
15333,15371,3.303309,-62.506363,12.0322,5.24,4.838,G1V,0.6,1.0111137119549065
15344,15382,3.30614,-22.511118,78.3085,4.86,0.391,K0III,0.904,60.75751461057411
15345,15383,3.306229,-0.930288,67.1592,5.62,1.484,K1IV,1.05,22.202403953450766
15366,15404,3.310482,50.222174,195.3125,5.16,-1.294,B3V,-0.073,286.8137712668468
15373,15411,3.311429,-18.559794,36.9686,5.72,2.881,F3V,0.381,6.1319696971568245
15378,15416,3.312174,34.222653,361.0108,4.85,-2.938,K2II,1.491,1303.7670471382141
15405,15444,3.318787,50.094966,171.8213,5.05,-1.125,B5V,-0.067,245.4708915685031
15419,15457,3.322693,3.370198,9.1399,4.84,5.035,G5Vvar,0.681,0.843334757764275
15436,15474,3.325278,-21.757864,93.3707,3.7,-1.151,M3/M4III,1.614,251.42010301590201
15441,15479,3.326363,-24.122902,299.4012,5.63,-1.751,M1III,1.663,436.91806338528767
15471,15510,3.331944,-43.069784,6.0434,4.26,5.354,G8V,0.711,0.6286370884130494
15475,15514,3.332166,27.071134,67.2495,5.91,1.772,G8IV,0.86,17.02942561877548
15481,15520,3.333129,65.652292,233.6449,4.74,-2.103,B2.5Vne,-0.108,604.226822049881
15508,15547,3.338783,77.73474,81.1688,5.44,0.893,A6V,0.211,38.26484865951095
15510,15549,3.338989,29.048458,166.3894,4.47,-1.636,K2II-III,1.555,393.00674134185346
15580,15619,3.35189,3.67562,98.912,5.7,0.724,G8.5III,0.964,44.709519246304346
15588,15627,3.353784,21.147086,156.0062,5.27,-0.696,B5IV,-0.067,165.34840121711517
15604,15643,3.35667,-23.635135,112.4859,5.5,0.245,G8III,0.885,69.50243175887965
15609,15648,3.357381,43.329651,46.1681,4.96,1.638,A3V,0.051,19.266374595240805
15630,15669,3.364577,49.070905,43.7063,5.94,2.737,F6V,0.468,7.001643593729745
15657,15696,3.36997,27.607553,271.0027,5.55,-1.615,G5III,1.1,385.4783576657721
15698,15737,3.379234,20.742069,97.371,5.1,0.158,K3III,1.231,75.30087105475891
15731,15770,3.386997,49.213269,166.113,5.32,-0.782,B5V,-0.076,178.97814394089616
15822,15861,3.405132,24.724063,63.7755,5.5,1.477,K4III,1.19,22.346010577312224
15824,15863,3.405378,49.86118,155.2795,1.79,-4.166,F5Ib,0.481,4040.173353730007
15837,15876,3.408249,33.535962,133.5113,5.78,0.152,A0V,-0.001,75.71815097147055
15851,15890,3.411267,64.585996,628.9308,5.13,-3.863,M0II,2.038,3056.3282803659663
15861,15900,3.413554,9.02887,89.2061,3.61,-1.142,G8III,0.887,249.34461880978301
15929,15968,3.426737,-69.336436,39.4011,5.96,2.982,F3V,0.415,5.5872743899402
15990,16029,3.43959,-27.317479,138.5042,5.93,0.223,K0III,0.934,70.9251070555854
16044,16083,3.45282,9.73268,64.1026,3.73,-0.304,B9Vn,-0.082,115.23913771994866
16073,16112,3.459281,-35.681323,139.47,5.71,-0.012,K2III,1.284,88.06432284180643
16103,16142,3.46693,-11.2866,97.6562,5.74,0.792,K2III,1.102,41.995233466406575
16108,16147,3.467517,49.062866,160.7717,4.99,-1.041,B5V,-0.091,227.1956437735269
16129,16168,3.472416,33.807557,117.2333,5.72,0.375,A2V,0.048,61.65950018614822
16170,16210,3.4812,49.848384,160.7717,5.58,-0.451,B6Vn,-0.054,131.94714571951167
16187,16228,3.484482,59.94033,595.2381,4.21,-4.663,B9Ia,0.419,6385.574850788397
16203,16244,3.489456,49.508948,165.2893,4.67,-1.421,B3V,-0.096,322.4036871918187
16204,16245,3.489558,-62.937527,21.6826,4.71,3.029,F5IV-V,0.41,5.35056938173137
16222,16263,3.493341,-12.674737,128.2051,5.57,0.03,A5III/IV,0.171,84.72274141405963
16241,16281,3.49854,58.87875,769.2308,4.55,-4.88,A0Ia SB:,0.489,7798.301105232594
16244,16285,3.498656,-42.634256,65.445,5.76,1.681,A5V,0.205,18.518252436381783
16249,16290,3.4997,-78.35185,98.3284,5.68,0.717,G8III,0.932,44.99870338721506
16251,16292,3.500057,55.451808,60.9013,5.09,1.167,A1V,0.022,29.73034849677021
16281,16322,3.506797,11.336442,110.742,5.14,-0.082,A0Vn,-0.041,93.92906516183989
16294,16335,3.509579,47.995216,110.2536,4.36,-0.852,K3III,1.367,190.89739411235064
16298,16339,3.51026,-47.375125,120.3369,5.98,0.578,A2V,0.116,51.144625159630465
16299,16340,3.510262,48.103596,273.9726,5.82,-1.369,B8V,-0.033,307.3264929204293
16300,16341,3.510294,-5.075145,123.9157,4.74,-0.726,B9Vs,-0.092,169.98085132034964
16317,16358,3.512617,6.188703,154.0832,5.93,-0.009,G8III,0.953,87.82132798980062
16327,16368,3.514359,-66.489714,265.9574,5.81,-1.314,B8V,-0.055,292.14603738773343
16328,16369,3.514549,12.936678,104.9318,4.14,-0.965,K0II-III...,1.112,211.83611352485022
16429,16470,3.535721,48.023476,185.5288,5.47,-0.872,B8IIIp Mn,-0.101,194.44644164481286
16449,16489,3.53882,84.91104,103.0928,5.62,0.554,G3IIp...,0.894,52.28775553134414
16458,16499,3.540631,46.056862,36.324,5.3,2.499,F4IIIvar,0.398,8.717661466018493
16468,16509,3.542992,-50.378646,95.7854,5.67,0.764,K3III,1.101,43.09233228186263
16470,16511,3.543319,9.373438,107.4114,5.76,0.605,B9IV,-0.072,49.88844874600119
16477,16518,3.544449,35.461729,675.6757,5.91,-3.239,B1V,-0.084,1720.2834055304336
16496,16537,3.548848,-9.458262,3.2161,3.72,6.183,K2V,0.881,0.2929543829769431
16550,16591,3.559731,39.899478,56.0538,5.79,2.047,A5m,0.139,13.21904253441724
16558,16599,3.560855,54.974857,74.4048,5.98,1.622,A3V,0.114,19.552396696208866
16570,16611,3.563132,-21.632883,89.9281,4.26,-0.509,B9V,-0.106,139.1874248839297
16623,16664,3.574062,24.464393,131.5789,5.95,0.354,A3V,0.123,62.86370884130498
16739,16780,3.599352,-11.193782,115.8749,5.56,0.24,G7III:,0.915,69.82324040771711
16762,16803,3.604837,-17.467064,149.2537,5.24,-0.63,B8/B9III,-0.117,155.59656316050734
16785,16826,3.608159,48.192634,178.8909,4.32,-1.943,B5Ve,-0.058,521.4347854144579
16805,16846,3.613136,0.587758,30.6843,5.82,3.385,G5IV/V +K1IV,0.885,3.854783576657718
16811,16852,3.614551,0.401662,13.9626,4.29,3.565,F9V,0.575,3.2658783217233576
16829,16870,3.618244,-40.274545,70.7714,4.57,0.321,K0III,1.023,64.8037294192291
16948,16989,3.641459,-7.391863,112.3596,5.86,0.607,G5III:,0.98,49.79663541644854
16986,17027,3.65031,-5.62621,33.7041,5.97,3.332,K1V,0.921,4.047622486878734
17062,17103,3.664201,3.056863,114.0251,5.55,0.265,G6III:,0.931,68.23386941416697
17126,17167,3.677315,-5.210706,152.207,5.53,-0.382,B9IIIp Si,-0.145,123.82262309589933
17161,17203,3.685515,37.580198,251.8892,5.55,-1.456,B7Vn,-0.062,332.96608520688034
17254,17296,3.702594,63.216806,159.2357,5.06,-0.95,S5.3 SB:,1.651,208.92961308540387
17262,17304,3.704139,-31.938361,259.7403,4.99,-2.083,B5III,-0.159,593.1984396649729
17267,17309,3.705263,19.700254,165.2893,5.68,-0.411,B9Vn,-0.016,127.17448862880669
17271,17313,3.706291,33.965026,323.6246,4.97,-2.58,B0.5V,-0.048,937.5620069258802
17300,17342,3.711871,59.969391,632.9114,5.74,-3.267,K4Ib,1.736,1765.2247174525573
17309,17351,3.713908,-37.313518,56.4972,4.59,0.83,K2IIICN...,1.191,40.55085354483837
17316,17358,3.715416,47.787551,158.2278,3.01,-2.986,B5III SB,-0.125,1362.6991969948704
17336,17378,3.720806,-9.763395,9.0408,3.52,3.739,K0IV,0.915,2.782274657675122
17353,17395,3.726065,-10.485661,42.4268,5.59,2.452,A5m,0.216,9.103323996799094
17398,17440,3.736593,-64.806903,29.8597,3.84,1.465,K0IV SB,1.133,22.59435770220978
17406,17448,3.738648,32.288248,343.6426,3.84,-3.841,B1III,0.022,2995.021883751126
17415,17457,3.741808,-1.163091,200.8032,5.24,-1.274,B7V,-0.088,281.5788299710311
17418,17460,3.742062,36.460103,90.5797,5.6,0.815,A2m,0.062,41.114972110452236
17447,17489,3.746726,24.28947,115.6069,5.45,0.135,B7IV,-0.034,76.91304402866098
17457,17499,3.747927,24.113339,124.0695,3.72,-1.748,B6III,-0.105,435.7124805030843
17464,17506,3.749027,-0.29672,120.919,5.56,0.148,K4III,1.411,75.99762143610374
17485,17527,3.752705,24.83926,125.4705,5.66,0.167,B8V,-0.064,74.67925899308831
17487,17529,3.753232,42.578549,170.6485,3.77,-2.391,F5IIvar,0.425,787.7710195856797
17489,17531,3.75347,24.467278,125.4705,4.3,-1.193,B6V,-0.11,261.33645761890233
17492,17534,3.75441,-47.359476,103.5197,5.72,0.645,K1III,0.961,48.08393484497287
17521,17563,3.761234,6.049991,163.6661,5.34,-0.73,B3V,-0.099,170.60823890031244
17532,17573,3.763779,24.367748,117.5088,3.87,-1.48,B8III,-0.063,340.4081897010009
17537,17579,3.765132,24.554511,114.0251,5.76,0.475,B8V,-0.036,56.23413251903491
17542,17584,3.76646,45.681899,229.3578,5.66,-1.143,B6V,-0.08,249.57437948315692
17543,17585,3.766907,67.201605,55.4324,5.79,2.071,F0IV,0.347,12.93004391796279
17545,17587,3.767314,63.345047,303.9514,4.78,-2.634,A3V...,0.747,985.3715068586191
17551,17593,3.769037,-12.101589,147.4926,4.43,-1.414,M1III,1.604,320.3317600852812
17553,17595,3.769267,6.80352,102.7749,5.91,0.851,G9III,0.992,39.7740669105028
17566,17608,3.772104,23.948358,116.5501,4.14,-1.193,B6IV,-0.051,261.33645761890233
17576,17618,3.774286,-29.338157,101.0101,5.91,0.888,A2V,0.11,38.44147117595778
17609,17651,3.780804,-23.249723,17.6274,4.22,2.989,F3/F5V,0.434,5.551367774352111
17637,17678,3.787295,-74.238962,65.6168,3.26,-0.825,M2III,1.59,186.20871366628674
17661,17702,3.79141,24.105137,123.6094,2.85,-2.61,B7III,-0.086,963.8290236239706
17675,17717,3.794347,-23.874677,76.9231,5.24,0.81,A1V,0.075,41.304750199016105
17696,17738,3.7989,-30.167882,82.4402,5.52,0.939,G6III,0.973,36.677523159949516
17729,17771,3.804519,11.143294,139.0821,5.08,-0.636,B3V,-0.125,156.4588018040553
17734,17776,3.805782,23.42125,118.3432,5.44,0.074,B8V,-0.067,81.35795056053963
17755,17798,3.809918,-20.902977,181.8182,5.81,-0.488,K5III,1.602,136.52116950664455
17757,17797,3.809963,-37.620155,50.7357,4.3,0.773,A+...,-0.038,42.73660314969305
17763,17805,3.810821,0.227857,149.2537,5.91,0.04,K3III,1.224,83.94599865193973
17804,17846,3.818922,43.963095,74.184,5.95,1.598,A9IV,0.279,19.989411112356596
17805,17847,3.819373,24.053415,117.2333,3.62,-1.725,B8III,-0.07,426.57951880159254
17809,17851,3.819782,24.136712,117.096,5.05,-0.293,B7p,-0.082,114.07750129221203
17812,17854,3.820476,70.87105,106.383,5.4,0.266,A2m,0.096,68.17105263058534
17833,17874,3.824237,-36.20025,64.3501,4.17,0.127,G8III,0.927,77.481853277562
17842,17884,3.825357,65.525972,243.9024,4.39,-2.546,M1III,1.87,908.6570489581454
17844,17886,3.825748,33.091382,82.3045,5.14,0.563,A3V,0.057,51.85611776858399
17849,17891,3.826836,63.296967,71.6332,5.82,1.544,A5Vn,0.189,21.00873969240991
17890,17932,3.834564,44.967856,114.6789,5.65,0.353,G2III...,0.779,62.921635128798584
17912,17954,3.838593,25.579362,56.4653,5.24,1.481,A2V,0.231,22.263836295529075
17917,17959,3.839302,71.332266,110.011,4.59,-0.617,A2IVn,0.064,153.74464569916873
18038,18081,3.864922,34.359119,258.3979,5.78,-1.281,B1V,-0.036,283.4001005509098
18046,18089,3.86673,6.534907,238.6635,5.66,-1.229,B5V,0.046,270.14690729572465
18098,18141,3.878238,-5.361259,179.5332,5.48,-0.791,B8+...,-0.09,180.46791465567227
18127,18170,3.886123,17.327083,41.3223,5.97,2.889,F4V,0.354,6.0869537233490085
18155,18199,3.892587,-46.893674,107.6426,5.93,0.77,K3III,1.22,42.85485203974397
18167,18212,3.894081,48.650495,120.7729,5.76,0.35,K0III,1.04,63.09573444801933
18168,18213,3.894151,-34.732297,106.1571,5.11,-0.02,B6/B7V,-0.133,88.71560120379604
18171,18216,3.895195,-24.61223,115.6069,4.64,-0.675,B5V,-0.136,162.18100973589299
18172,18217,3.895345,57.975141,50.5051,5.8,2.283,A5m,0.182,10.636530750764381
18201,18246,3.9022,31.883635,230.4147,2.84,-3.973,B1Ib,0.271,3382.2055666965434
18210,18255,3.904862,-2.95473,95.9693,4.46,-0.451,G8III,0.672,131.94714571951167
18217,18262,3.906435,-40.357009,153.1394,5.7,-0.225,K0III...,0.599,107.1519305237606
18294,18339,3.921147,-12.099105,49.2126,5.99,2.53,Ap SrEu(Cr),0.323,8.472274141405961
18350,18396,3.932824,47.87142,223.7136,5.39,-1.358,B6V,-0.073,304.2285727480961
18387,18434,3.941303,35.080899,265.9574,5.49,-1.634,B1.5V,-0.058,392.28346253952094
18405,18453,3.94347,50.695381,37.4392,5.28,2.413,F5IV,0.425,9.436262202767269
18424,18471,3.947798,22.477971,42.337,5.62,2.486,F2IV,0.345,8.82266928217717
18441,18488,3.952303,61.108883,448.4305,4.99,-3.268,K3I-II,1.435,1766.8512984538788
18458,18505,3.957067,63.072264,110.6195,4.95,-0.269,B9.5V,-0.074,111.5835052288668
18485,18532,3.96423,40.010215,195.6947,2.9,-3.558,B0.5V,-0.199,2307.809729698403
18497,18543,3.967157,-13.508515,62.3441,2.97,-1.004,M1IIIb Ca-1,1.588,219.5836500973188
18550,18597,3.979095,-61.400185,161.2903,4.56,-1.478,M2III,1.59,339.7817118270833
18559,18606,3.981221,-5.469947,46.4468,5.85,2.515,G9V,1.001,8.590135215053953
18567,18614,3.98275,35.791033,381.6794,3.98,-3.928,O7.5Iab:,0.016,3244.890156605363
18600,18647,3.991703,-12.574425,225.2252,5.61,-1.153,K4III,1.479,251.88366278417402
18626,18673,3.998745,-24.016215,100.4016,4.62,-0.389,Ap Si,-0.121,124.62351604865141
18676,18723,4.011292,-30.490697,107.7586,5.93,0.768,A1V,0.036,42.933866347043036
18677,18724,4.011338,12.490347,148.368,3.41,-2.447,B3V + A,-0.099,829.468695095263
18688,18735,4.013545,18.194,42.9,5.89,2.728,F4V...,0.319,7.059923578936672
18697,18744,4.014946,-62.159284,143.8849,4.48,-1.31,M4III,1.5,291.0717118066608
18725,18772,4.021697,-61.078822,97.8474,4.97,0.017,K4III,1.386,85.74326166361797
18741,18788,4.025569,-1.54966,126.9036,5.28,-0.237,B5V,-0.133,108.34278621501396
18758,18805,4.029482,9.998017,175.1313,5.67,-0.547,B5V,0.005,144.14513857582102
18813,18859,4.04354,-0.268923,18.8324,5.38,4.005,F5V,0.516,2.1777097723531584
18860,18907,4.052606,5.989305,35.8551,3.91,1.137,A1V,0.032,30.563282803659664
18910,18957,4.06239,5.435624,196.4637,5.32,-1.146,B3V,-0.08,250.26493257310798
18928,18975,4.065723,8.197269,34.8554,5.45,2.739,F2V,0.371,6.988757961347101
18946,18993,4.06941,2.826947,35.3982,5.36,2.615,F6IV,0.505,7.834296427662114
18961,19009,4.072687,24.105993,347.2222,5.46,-2.243,G0III...,0.813,687.3849195903234
18963,19011,4.072977,-12.792295,117.9245,5.62,0.262,K1III,1.062,68.42266727659509
18970,19018,4.074212,59.155507,625.0,5.0,-3.979,F0II,0.495,3400.9480651219133
18990,19038,4.078253,22.081926,57.3723,4.36,0.566,K0III,1.064,51.713031791696295
19028,19076,4.088958,22.008905,16.9377,5.9,4.756,G5V,0.62,1.0904355455436587
19047,19095,4.093728,-27.651807,45.045,5.59,2.322,F0IV/V,0.324,10.261243651933418
19081,19129,4.100882,68.679972,191.5709,5.88,-0.532,K2III,1.543,142.16739313080038
19119,19167,4.109735,50.351262,129.3661,4.25,-1.309,A0IVn,-0.011,290.8037482735315
19123,19171,4.110114,27.599903,128.866,5.18,-0.371,B9p Si,-0.124,122.5744632049806
19157,19205,4.116795,29.001299,27.6014,5.21,3.005,F1V,0.359,5.470159628939716
19236,19284,4.133171,17.339897,123.1527,5.89,0.438,K5III,1.497,58.1835211048072
19287,19335,4.143497,38.039733,20.9952,5.52,3.909,F7V,0.52,2.3790304458806246
19296,19343,4.144357,47.712513,146.1988,3.96,-1.865,B3Ve,-0.025,485.28850016212095
19328,19376,4.150436,13.398281,124.533,5.94,0.464,B9.5V,0.052,56.8067574106772
19340,19388,4.152768,19.609217,87.0322,5.51,0.812,K2III,1.077,41.228734072288646
19350,19398,4.154954,-16.385875,200.0,5.45,-1.055,B5IV,-0.147,230.14418174085066
19405,19454,4.166752,86.626139,42.2297,5.84,2.712,F5IV,0.393,7.164732823911086
19412,19461,4.167439,80.698681,116.4144,5.1,-0.23,G8III+...,0.589,107.64652136298349
19434,19483,4.172923,-6.923852,107.7586,5.44,0.278,G8III,0.941,67.4217467576244
19462,19511,4.179935,-8.819814,87.7193,5.7,0.985,G9III:,1.057,35.15604405282981
19464,19513,4.180517,26.480952,62.9327,5.39,1.396,F2IV-V,0.352,24.07686845612446
19465,19515,4.180708,-41.993573,54.8246,4.93,1.235,A9V,0.334,27.925438412373378
19476,19525,4.183061,33.586792,301.2048,5.75,-1.644,K1II-III,1.412,395.913216728166
19505,19554,4.188967,5.523047,36.9822,5.71,2.87,F4V,0.36,6.194410750767812
19522,19571,4.193389,-20.356157,80.9717,5.8,1.258,A1V + (F/G),0.165,27.340093785056098
19538,19587,4.197761,-6.837581,37.3134,4.04,1.181,F2II-III,0.327,29.349452222697927
19669,19719,4.225862,7.716045,36.3372,5.29,2.488,F3V...,0.366,8.806432284180639
19690,19740,4.232329,9.263824,101.7294,4.84,-0.197,G5III,0.799,104.42392185431747
19697,19747,4.233363,-42.294368,35.2609,3.85,1.114,K1III,1.085,31.21763510848165
19727,19777,4.239914,-10.256283,74.2942,4.87,0.515,K3III,1.156,54.20008904016238
19730,19780,4.240404,-62.473858,49.554,3.33,-0.145,G7III,0.915,99.54054173515264
19749,19799,4.243398,10.011406,119.9041,5.22,-0.174,B9Vn,-0.085,102.2350938503231
19755,19805,4.246819,-62.191811,80.5802,5.45,0.919,K0III,1.106,37.35940922587999
19761,19811,4.248143,40.483671,291.5452,4.67,-2.654,G5II comp,1.007,1003.6909309200965
19762,19812,4.248295,48.409331,276.2431,4.12,-3.086,G0Ib...,0.935,1494.1699574067022
19799,19849,4.254537,-7.652871,4.9845,4.43,5.942,K1V,0.82,0.3657631930094519
19810,19860,4.258905,8.892357,139.6648,4.27,-1.455,B3IV,-0.054,332.6595532940047
19843,19893,4.267097,-51.486648,20.4625,4.26,2.705,F4III,0.312,7.211074791828994
19871,19921,4.274738,-59.302156,18.2382,4.44,3.135,K2IV,1.078,4.8528850016212095
19899,19949,4.278638,53.611799,100.2004,5.2,0.196,A2Vn,0.052,72.71098031596613
19918,19968,4.281542,61.849989,136.7989,5.69,0.01,B5Vn,-0.116,86.29785477669702
19933,19983,4.28558,57.860355,79.8085,5.72,1.21,K1III,1.108,28.575905433749465
19940,19990,4.287684,20.578591,28.9436,4.93,2.622,A3m,0.259,7.78394932626726
19946,19996,4.288673,-6.472177,232.0186,5.95,-0.878,G8III:,1.078,195.52396696208865
19970,20020,4.294519,-63.255405,141.2429,5.88,0.13,B+...,-0.061,77.26805850957021
19992,20042,4.298237,-33.798348,54.5554,3.55,-0.134,B9V,-0.108,98.53715068586186
20001,20049,4.299776,-80.214033,129.8701,5.67,0.102,K2/K3III+..,0.836,79.28663748785473
20021,20070,4.304056,50.295502,96.1538,4.6,-0.315,A2V,0.043,116.41260294104909
20025,20075,4.304466,-20.71526,462.963,6.0,-2.328,M4III,1.597,743.3613896551785
20037,20087,4.306444,21.579297,54.0541,5.64,1.976,F0V,0.277,14.112371484118507
20106,20156,4.320339,50.048695,74.4602,5.46,1.1,A7V,0.235,31.622776601683793
20112,20161,4.321301,-44.267919,77.2798,5.33,0.89,K2III,1.066,38.370724549227866
20121,20171,4.323916,21.142307,82.7815,5.5,0.91,B9IV,-0.069,37.67037989839087
20136,20186,4.326862,21.773491,100.0,5.34,0.34,A0p Si,-0.107,63.67955209079159
20155,20205,4.329889,15.627642,49.5295,3.65,0.176,G8III,0.981,74.06277836681546
20169,20219,4.332695,14.035201,45.7038,5.58,2.28,F3V...,0.283,10.665961212302573
20184,20234,4.336531,50.920933,332.2259,5.55,-2.057,B1.5IV,-0.031,579.1619210831201
20191,20241,4.337341,41.80807,123.1527,5.95,0.498,K0III,0.962,55.055409848479435
20200,20250,4.339227,27.350754,98.4252,4.97,0.004,K1III,1.15,86.77607449911467
20203,20252,4.340178,34.566725,66.9344,4.93,0.802,G8III,0.95,41.61021885174549
20211,20261,4.343419,15.095453,46.9484,5.26,1.902,F0V,0.225,15.10775731924994
20214,20264,4.34417,-20.639622,145.7726,5.38,-0.438,A0V,-0.027,130.37670471382128
20216,20266,4.344541,65.140441,97.9432,5.26,0.305,G5III,0.82,65.76578373554206
20218,20268,4.34479,6.130798,110.6195,5.76,0.541,G8III-IV,0.914,52.91758304203464
20221,20271,4.345232,-7.592493,242.1308,5.85,-1.07,B5III,-0.124,233.3458062281002
20248,20297,4.349455,-81.57992,52.0562,5.78,2.198,F0/F2III,0.359,11.502705477901149
20291,20341,4.357511,-0.09817,143.0615,5.86,0.082,K2,1.32,80.76068613289758
20304,20354,4.359211,46.498878,155.521,4.8,-1.159,B4IV,-0.022,253.2794765689993
20326,20376,4.363227,60.735625,136.7989,5.4,-0.28,M0III,1.497,112.71974561755106
20330,20380,4.364392,56.506317,96.9932,5.91,0.976,A3V,0.112,35.448674447379986
20334,20384,4.364796,-63.386391,117.9245,5.24,-0.118,G7III,0.955,97.09570065288246
20350,20400,4.367643,14.077198,44.3853,5.72,2.484,A3m,0.315,8.838936217394062
20367,20417,4.372981,20.821416,714.2857,5.91,-3.359,M0III,1.66,1921.3213114037244
20380,20430,4.376373,25.629314,89.2857,5.38,0.626,B9V,-0.041,48.932792408193684
20405,20455,4.382247,17.542514,47.7099,3.77,0.377,G8III,0.983,61.54602373713163
20414,20465,4.384909,-24.892157,153.6098,5.81,-0.122,K5III,1.507,97.45407417663063
20433,20484,4.390294,16.77726,49.9002,5.64,2.149,A1m,0.31,12.033722711826842
20441,20493,4.392324,20.982044,170.068,6.0,-0.153,B8IV-V,0.029,100.27669229965878
20455,20507,4.394681,-3.74547,64.1026,5.17,1.136,A2V,0.072,30.591445594864084
20470,20522,4.397729,9.460968,121.3592,5.1,-0.32,A3V,0.074,116.94993910198711
20483,20535,4.400613,-34.016846,90.8265,3.97,-0.821,K4III,1.468,185.5239575549284
20490,20542,4.401599,17.44413,49.4805,4.8,1.328,A7V,0.154,25.63303319865898
20527,20579,4.408098,34.130758,137.3626,5.73,0.041,B8V,-0.054,83.86871712481636
20539,20591,4.410404,33.959686,40.6174,5.77,2.726,F4V,0.4,7.072940424045757
20562,20614,4.415868,19.042013,50.5306,5.97,2.452,F4V,0.378,9.103323996799094
20567,20619,4.418153,-61.238193,215.0538,5.94,-0.723,K4/K5III,1.533,169.51182515314002
20583,20635,4.422822,22.293874,47.1921,4.21,0.841,A7IV-V,0.136,40.14209182043211
20590,20641,4.423614,22.199998,45.3926,5.27,1.985,A7V,0.25,13.995873225726179
20597,20648,4.424828,17.92791,45.5373,4.3,1.008,A2IV,0.049,34.419138826842904
20652,20704,4.435084,31.438911,77.6398,5.29,0.84,K1III,0.986,40.179081084894
20659,20711,4.438461,22.813583,47.1476,4.28,0.913,A8Vn,0.263,37.56643646144586
20661,20713,4.439094,15.618265,49.0918,4.48,1.025,F0V...,0.262,33.884415613920254
20680,20732,4.443437,14.713782,127.7139,4.69,-0.841,G8III,0.979,188.97310544316778
20725,20776,4.450806,80.824159,296.7359,5.42,-1.942,G6III:,1.179,520.9547473285553
20737,20789,4.454847,22.996337,115.8749,5.53,0.21,B7V,-0.098,71.77942912713615
20752,20804,4.457991,11.2123,180.1802,5.87,-0.409,B8IV,0.049,126.94044019618022
20774,20825,4.462788,-62.521206,109.7695,5.74,0.538,K0III,1.005,53.06400191947747
20790,20842,4.466883,21.619907,47.1254,5.72,2.354,Am,0.27,9.963226419544174
20808,20860,4.470359,83.80779,232.0186,5.51,-1.318,B5V,-0.106,293.2243282303115
20821,20873,4.473167,14.740974,57.5705,5.9,2.099,F0IV,0.325,12.600854590882374
20825,20877,4.473992,16.359672,57.241,4.96,1.171,K2IIIvar,1.137,29.62101936052763
20832,20884,4.475589,1.380821,117.3709,5.53,0.182,B3V,-0.099,73.65462114702305
20833,20885,4.476248,15.962181,47.3261,3.84,0.464,G7III,0.952,56.8067574106772
20837,20889,4.476943,19.180431,44.964,3.53,0.266,K0III,1.014,68.17105263058534
20840,20892,4.47751,-19.458874,94.518,5.95,1.072,K2III,1.215,32.44890156605365
20842,20894,4.477705,15.870883,46.1042,3.4,0.081,A7III,0.179,80.83510373900673
20849,20901,4.480601,13.047602,48.852,5.02,1.576,A7V,0.215,20.398583002685616
20870,20922,4.485257,-13.04837,465.1163,5.61,-2.728,B2V:ne,-0.202,1074.4841166445556
20930,20982,4.500159,83.340379,94.2507,5.47,0.599,G8III,0.855,50.164905677322295
20943,20995,4.502388,15.63784,45.8295,5.58,2.274,F0V...,0.324,10.725066656157036
20977,21029,4.509342,16.194014,43.1965,4.78,1.603,A6IV,0.17,19.89756811090657
20984,21036,4.510378,13.724402,45.208,5.4,2.124,F0V,0.263,12.31402412206216
20987,21039,4.510802,15.691879,44.9236,5.47,2.208,Am,0.258,11.39724804019748
20990,21042,4.511203,-35.653504,120.4819,5.95,0.545,K0II,1.005,52.722986142282274
21008,21060,4.513916,-44.953749,215.9827,5.07,-1.602,B2IV-V,-0.194,380.89037649813514
21087,21139,4.531296,-0.044011,201.2072,4.91,-1.608,K3II-III,1.32,383.0010812264487
21096,21148,4.533845,53.91083,100000.0,5.78,-14.22,B0III SB,0.119,42461956.3946313
21139,21192,4.543765,-3.209541,145.7726,5.76,-0.058,B9III,-0.117,91.87556016660622
21194,21247,4.558511,72.528605,101.7294,5.94,0.903,A8m,0.306,37.914034418330644
21195,21248,4.55849,-29.766492,38.956,4.49,1.537,K0III,0.972,21.144625616525904
21200,21253,4.559453,-62.823677,45.1467,5.79,2.517,K1III,1.028,8.574326166361798
21220,21273,4.564143,14.844424,48.5201,4.65,1.22,A8V,0.255,28.31391995799379
21225,21278,4.565202,-6.738908,253.8071,5.71,-1.313,B9p Si,-0.128,291.87708481971424
21228,21281,4.566598,-55.044975,51.7063,3.3,-0.268,A0V:,-0.079,111.48078033638414
21242,21295,4.568963,5.568616,148.5884,5.67,-0.19,A2Vs,0.055,103.75284158180116
21243,21296,4.569897,-8.231352,304.878,5.2,-2.221,M3III,1.708,673.5967762229433
21244,21297,4.569936,-8.970258,233.1002,5.24,-1.598,K4III,1.465,379.48970620763504
21270,21323,4.57722,28.96115,148.8095,5.88,0.017,B9p...,-0.048,85.74326166361797
21340,21393,4.592512,-30.562341,65.5738,3.81,-0.274,G8III,0.957,112.0985512875314
21349,21402,4.594239,10.16079,47.8927,4.25,0.849,A5m,0.184,39.847400971777496
21368,21421,4.598677,16.509301,20.4332,0.87,-0.682,K5III,1.538,163.23000728189953
21391,21444,4.605317,-3.352459,207.0393,3.93,-2.65,B2III SB,-0.21,1000.0
21399,21452,4.606727,64.261602,135.1351,5.91,0.256,A1V,-0.009,68.8018316143038
21423,21476,4.611508,41.264808,244.4988,4.25,-2.691,G8II comp,1.171,1038.484455008274
21426,21479,4.612677,-62.077154,54.615,5.59,1.903,M8e,1.5,15.093848966549519
21462,21515,4.620465,0.998314,261.0966,5.32,-1.764,B7V,-0.107,442.1809210742687
21494,21547,4.626703,-2.473548,29.4291,5.22,2.876,F0V,0.283,6.160273583272376
21535,21588,4.635956,16.033291,49.8256,5.78,2.293,F0V,0.312,10.539014450691601
21536,21589,4.635961,12.510838,47.081,4.27,0.906,A6V,0.122,37.80941866832965
21541,21594,4.63634,-14.30402,33.6814,3.86,1.223,K1III,1.082,28.235793691102995
21551,21604,4.637731,20.684722,101.1122,5.85,0.826,B8V,-0.019,40.70052394402337
21591,21644,4.64821,-12.123121,71.3267,4.99,0.724,A0V,0.074,44.709519246304346
21617,21670,4.65171,7.870976,49.1642,5.38,1.922,A5m,0.257,14.832009671818742
21620,21673,4.65256,15.799846,45.0857,5.08,1.81,A4m,0.141,16.443717232149314
21630,21683,4.654583,15.917977,47.6872,4.67,1.278,A5Vn,0.147,26.84108083545228
21632,21685,4.655475,-14.359192,60.1323,5.46,1.564,K0III,1.054,20.62528697846573
21674,21727,4.66519,53.079535,129.5337,5.07,-0.492,K0III SB,1.079,137.0250597124245
21677,21730,4.666126,53.473021,44.4642,5.36,2.12,A8V,0.331,12.359474334445101
21682,21735,4.667616,12.197609,127.7139,5.45,-0.081,B8IV,-0.121,93.84259312370172
21690,21743,4.668557,-24.482368,107.4114,5.56,0.405,G6/G8III,0.926,59.97910762555092
21710,21763,4.674031,-19.671493,112.9944,4.32,-0.945,M3/M4III,1.599,207.9696687103696
21717,21770,4.676039,-41.863752,20.1654,4.44,2.917,F2V,0.342,5.931984396649727
21766,21819,4.688822,28.614994,116.9591,5.73,0.39,A2V,0.018,60.81350012787179
21770,21823,4.690032,48.300881,90.9091,5.66,0.867,A0V,0.002,39.192232245497664
21794,21847,4.697283,38.280182,31.8674,5.97,3.453,G0V,0.593,3.620762177566731
21808,21861,4.700965,-37.144297,28.6697,5.04,2.753,F3V,0.391,6.899220098440472
21828,21881,4.704084,22.956926,122.1001,4.27,-1.164,B3V,-0.112,254.4485615146634
21861,21914,4.712899,-50.481334,114.8106,5.3,0.0,K0/K1III,0.977,87.09635899560806
21875,21928,4.715089,43.365138,73.9645,5.3,0.955,A1Vn,0.028,36.14098626396132
21896,21949,4.717764,-70.931027,150.6024,5.53,-0.359,B9IV,-0.114,121.22717925364971
21905,21958,4.719249,-30.765557,196.8504,5.66,-0.811,K3III,1.391,183.82306368835296
21919,21972,4.722665,49.973789,209.6436,5.86,-0.747,B9III,0.013,173.30057353270814
21933,21986,4.726318,-8.794317,653.5948,5.98,-3.097,F4IIIp (Sr),0.645,1509.384896654952
21971,22024,4.734811,-8.503571,100000.0,5.78,-14.22,B2Ve,-0.076,42461956.3946313
21975,22028,4.73555,-18.666586,93.8086,5.53,0.669,A1V,0.025,47.03270964407775
21987,22040,4.739205,-59.732733,67.0241,5.28,1.149,A8/A9III/IV,0.206,30.227344800386522
21991,22044,4.740508,11.146137,45.8295,5.39,2.084,F0V,0.251,12.776149939707947
22033,22086,4.751156,-21.283383,218.3406,5.72,-0.976,K4III,1.476,213.99321324559432
22056,22109,4.758375,-3.254657,160.0,4.01,-2.011,B5IV,-0.148,555.1367774352115
22104,22157,4.76715,11.705591,72.1501,5.35,1.059,Am...,0.197,32.83976192504799
22123,22176,4.771341,18.734693,80.1925,5.99,1.469,K4III,1.221,22.511270159128795
22167,22220,4.779021,40.31259,132.8021,5.99,0.374,G9III,0.934,61.71631684555837
22210,22263,4.793413,-16.934456,13.2767,5.49,4.875,G3V,0.632,0.9772372209558103
22234,22287,4.800069,56.757183,52.7704,5.29,1.678,A3m,0.246,18.569491014904614
22272,22325,4.809037,-16.329484,41.7188,5.76,2.658,F8V,0.537,7.530087105475893
22283,22336,4.810107,-5.674045,26.4201,5.77,3.66,F8V,0.631,2.992264636608188
22308,22361,4.813968,75.941219,47.0588,5.96,2.597,A9IV,0.283,7.965260797837783
22340,22393,4.820235,31.437375,65.8328,5.57,1.478,K2III,1.132,22.32543861616743
22354,22407,4.821965,32.588191,83.7521,5.84,1.225,A8m,0.25,28.183829312644534
22396,22449,4.830669,6.961276,8.0684,3.19,3.656,F6V,0.484,3.003308878676558
22400,22453,4.831846,37.488275,154.321,4.89,-1.052,K4II,1.447,229.5091476024225
22426,22479,4.83656,-16.217159,72.3066,5.03,0.734,K0III,0.992,44.299619910036355
22456,22509,4.843534,8.900176,68.8231,4.35,0.161,A1Vn,0.01,75.09309424540648
22478,22531,4.848706,-53.461508,41.5628,5.58,2.486,F0IV...,0.341,8.82266928217717
22492,22545,4.852594,48.740685,97.1817,5.64,0.702,G9III,1.013,45.62469770768503
22496,22549,4.853434,5.605104,322.5806,3.68,-3.863,B2III SB,-0.157,3056.3282803659663
22512,22565,4.856239,18.839861,51.2558,5.08,1.531,A7IV-V,0.214,21.26179859862522
22520,22573,4.857837,-34.906286,82.1693,5.82,1.246,A2/A3V,0.105,27.64394371220336
22573,22626,4.868109,63.505421,152.9052,5.47,-0.452,M2III,1.559,132.06872951464237
22614,22667,4.875545,14.250642,199.6008,4.71,-1.791,M3Sv,1.773,453.314906146412
22626,22678,4.877218,36.703187,184.5018,4.79,-1.54,K3III,1.414,359.74933515574236
22644,22697,4.879754,27.897485,106.383,5.97,0.836,F2IV,0.368,40.3273792976113
22646,22699,4.879933,42.586626,138.8889,5.68,-0.033,A3III,0.115,89.78421709097269
22648,22701,4.881575,-5.452695,72.0461,4.36,0.072,A9IV,0.257,81.50795556116014
22677,22730,4.889659,2.508225,181.1594,5.33,-0.96,M1III,1.632,210.86281499332887
22730,22783,4.900836,66.342678,100000.0,4.26,-15.74,O9.5Ia SB:,-0.008,172186857.49860096
22744,22797,4.904193,2.440672,411.5226,3.71,-4.362,B2III SB,-0.179,4839.4944930166275
22780,22833,4.913027,11.426006,69.979,5.18,0.955,A3V,0.121,36.14098626396132
22781,22834,4.913273,7.779097,147.7105,5.33,-0.517,K1III,1.214,140.21678337057597
22787,22840,4.914086,0.467167,222.2222,5.98,-0.754,B5V,-0.116,174.42149315611752
22792,22845,4.914924,10.150833,35.6633,4.64,1.879,A0V,0.085,15.431210656577916
22801,22854,4.917537,55.259109,190.1141,5.52,-0.875,B9.5V,0.015,194.98445997580455
22808,22860,4.918562,-16.74067,145.1379,5.71,-0.099,G8/K0III,0.953,95.411341028198
22818,22871,4.919765,-74.936852,204.918,5.47,-1.088,K6III,1.518,237.24660151048099
22828,22881,4.921847,-16.417767,85.3242,5.71,1.055,G6/G8III,0.874,32.96097121774578
22860,22913,4.930598,15.040278,111.4827,5.79,0.554,B9V,-0.085,52.28775553134414
22883,22936,4.935299,52.869761,129.7017,5.75,0.185,A2Vs,0.105,73.45138681571152
22904,22957,4.939521,13.514466,57.0125,4.06,0.28,K2III,1.158,67.29766562843174
22905,22958,4.940052,-5.171356,227.2727,5.5,-1.283,B6V,-0.123,283.92262394249076
22961,23015,4.949894,33.16609,151.2859,2.69,-3.209,K3IIvar,1.49,1673.4009068393123
22987,23040,4.95478,53.752101,114.0251,4.43,-0.855,A1V,-0.017,191.4255925021086
22989,23043,4.956206,17.153677,146.1988,5.51,-0.315,K1III,1.304,116.41260294104909
23014,23068,4.963513,23.948562,139.6648,5.79,0.065,G8III:,1.109,82.03515443298177
23034,23088,4.969275,25.050405,87.184,5.79,1.088,A0V,0.018,31.97422303204927
23069,23123,4.975806,1.714016,289.8551,4.47,-2.841,K2IIvar,1.369,1192.3396878859664
23094,23148,4.980829,-82.470512,113.1222,5.84,0.572,G8III,0.932,51.42804319487918
23112,23166,4.983713,-16.376027,40.4694,5.65,2.614,F5V,0.447,7.841515405281217
23125,23179,4.987612,37.890245,52.2739,4.93,1.339,A1V,0.037,25.374646458649643
23167,23221,4.997348,-10.263325,53.9665,5.39,1.729,G4V,0.797,17.717400399431227
23177,23231,4.998816,-12.537416,88.968,4.78,0.034,F0V,0.267,84.41118555927689
23207,23261,5.005095,39.394701,59.7372,5.95,2.069,F5V,0.415,12.953883889748878
23211,23265,5.005755,81.194088,117.7856,5.09,-0.265,K3III,1.304,111.17317272815909
23307,23362,5.023772,-20.051918,60.6796,4.91,0.995,B9V,-0.047,34.833731503601165
23309,23364,5.023985,-7.173965,226.7574,4.8,-1.978,B3V,-0.164,538.5177219975278
23353,23408,5.030654,0.722112,145.1379,5.91,0.101,K0,1.267,79.35969681957694
23361,23416,5.032815,43.823308,653.5948,3.03,-6.047,F0Ia,0.537,22845.464885518246
23375,23430,5.03606,-26.275029,71.4796,5.01,0.739,K1III,1.056,44.09608164506378
23391,23446,5.039668,-31.771333,95.511,5.92,1.02,K2III,1.17,34.04081897010009
23398,23453,5.041301,41.075837,240.9639,3.69,-3.22,K4II comp,1.154,1690.440931643265
23412,23467,5.045279,-71.3143,243.309,5.3,-1.631,G8III,0.996,391.20103938735105
23419,23474,5.045828,-22.795052,143.472,5.74,-0.044,K1IV,1.188,90.69847815057929
23420,23475,5.045943,-4.210121,91.9118,5.86,1.043,K3,1.212,33.32728995761377
23428,23482,5.046861,-49.151407,26.0756,5.37,3.289,F2V,0.421,4.211143104363181
23442,23497,5.051596,21.589962,52.9661,4.62,1.0,A7V,0.155,34.673685045253166
23467,23522,5.05697,60.442245,267.3797,4.03,-3.106,G0Ib,0.921,1521.9486509036522
23499,23554,5.064797,-24.388151,58.1734,5.61,1.786,A2IV,0.094,16.811249744769597
23540,23595,5.07344,-35.482978,55.5864,4.55,0.825,K2III,1.177,40.73802778041126
23552,23607,5.076153,15.404105,111.9821,4.65,-0.596,A0p Si,-0.064,150.79953418017894
23594,23649,5.082776,-49.577837,136.0544,5.05,-0.619,M2IIIvar,1.484,154.02811480716133
23613,23668,5.087832,-26.152391,76.2195,5.71,1.3,K2III,1.166,26.302679918953814
23630,23685,5.091018,-22.371032,65.4022,3.19,-0.888,K4III,1.46,197.33312795365026
23638,23693,5.091853,-57.472704,11.6455,4.71,4.379,F7V,0.526,1.543121065657792
23679,23734,5.102349,58.972372,210.084,5.22,-1.392,B2.5Ve,-0.08,313.9062769137658
23709,23766,5.108245,61.169756,143.8849,6.0,0.21,K5II,1.38,71.77942912713615
23712,23767,5.10858,41.234474,74.6269,3.18,-1.184,B3V,-0.148,259.1791134615946
23728,23783,5.111289,51.59772,26.2881,4.98,2.881,F0V,0.343,6.1319696971568245
23739,23794,5.112681,-4.655163,94.697,5.12,0.238,B9.5V,-0.059,69.95197810512134
23776,23831,5.1236,-12.491269,36.6972,5.97,3.147,G2V,0.606,4.799544249319445
23780,23835,5.124164,18.645052,15.4345,4.91,3.968,G4V,0.657,2.253201335629483
23785,23840,5.126116,-63.399679,173.3102,5.19,-1.004,M3III,1.646,219.5836500973188
23816,23871,5.130111,20.418379,58.1058,5.28,1.459,A5V,0.118,22.71956437735267
23820,23875,5.130829,-5.086446,27.3973,2.78,0.591,A3IIIvar,0.161,50.53589947531675
23824,23879,5.131359,8.498429,64.6412,5.33,1.277,Am,0.338,26.865813772687
23828,23883,5.132066,21.704821,331.1258,5.84,-1.76,B2Ve,0.168,440.55486350655343
23845,23900,5.135173,24.265175,458.7156,5.5,-2.808,B2V...,0.03,1156.6447741656461
23861,23916,5.138942,-8.665324,208.7683,5.8,-0.798,B8V,-0.059,181.63519311765114
23886,23941,5.145472,-4.456207,25.4582,5.11,3.081,F2V,0.455,5.100350239594464
23917,23972,5.15244,-8.754081,248.7562,4.25,-2.729,B2IVn,-0.187,1075.474208972789
23928,23983,5.155456,9.829579,54.7046,5.43,1.74,A2m,0.249,17.5388050184176
23955,24010,5.161654,15.597232,165.0165,4.81,-1.278,F2IV,0.313,282.6181179810158
23964,24019,5.162524,28.030461,52.6039,5.93,2.325,A5m,0.311,10.232929922807536
24052,24109,5.178585,46.96207,48.6855,5.67,2.233,F5V,0.452,11.13781500134665
24105,24162,5.18866,-2.490782,37.6223,5.89,3.013,F5V,0.462,5.430002130657378
24112,24169,5.189686,-11.849089,149.0313,5.6,-0.266,M6.2III,1.35,111.27561417305195
24140,24197,5.194879,16.045673,105.2632,5.18,0.069,K5III,1.525,81.73348179780709
24146,24203,5.195931,1.037028,195.3125,5.88,-0.574,F5,0.662,147.77467061719932
24187,24244,5.204973,-11.869219,71.0732,4.45,0.191,B8V,-0.099,73.04659895204111
24197,24254,5.206237,73.946674,115.8749,5.44,0.12,B9p Si,-0.108,77.98301105232585
24237,24294,5.213369,-6.05719,143.8849,5.9,0.11,G7III,0.96,78.70457896950985
24249,24305,5.215528,-16.205468,57.0125,3.29,-0.49,B9IV: HgMn,-0.11,136.77288255958496
24270,24327,5.220522,-12.941291,223.2143,4.36,-2.384,B7V,-0.094,782.708409590612
24274,24331,5.221523,2.861265,107.2961,4.46,-0.693,K3III...,1.166,164.8921573150831
24283,24340,5.223811,38.484498,46.9043,4.82,1.464,A4m,0.189,22.615177461083626
24314,24372,5.229288,-67.185255,150.6024,4.81,-1.079,K2III,1.274,235.28812019381684
24368,24426,5.241346,-35.976996,152.439,5.75,-0.165,G8III,1.009,101.39113857366789
24378,24436,5.242298,-8.20164,264.5503,0.18,-6.933,B8Ia,-0.03,51665.42425669497
24392,24450,5.245569,5.156151,149.0313,5.5,-0.366,K4III,1.369,122.01128470319304
24446,24505,5.25677,-26.943509,85.2515,5.06,0.406,B9V,-0.067,59.923890258347825
24448,24504,5.256777,32.6876,87.5657,5.01,0.298,A9IV,0.222,66.19116119411208
24496,24555,5.267815,11.341354,135.8696,5.52,-0.146,A0V,-0.012,99.63226419544176
24516,24575,5.271708,34.312317,574.7126,5.99,-2.807,O9.5Vvar,0.199,1155.5799554021294
24549,24608,5.27815,45.997991,13.1234,0.08,-0.51,M1: comp,0.795,139.3156802945302
24599,24659,5.291411,-34.895207,32.4465,4.81,2.254,K0/K1III/IV,0.987,10.924460532267922
24614,24674,5.293442,-6.844409,151.5152,3.59,-2.312,B5III,-0.115,732.4871326650403
24619,24679,5.294512,-13.519826,49.0196,5.48,2.028,G8IV,0.932,13.452407051486322
24667,24727,5.302935,33.371613,71.2251,4.54,0.277,K3III...,1.252,67.4838730870757
24672,24732,5.30368,73.268071,111.2347,5.81,0.579,A0V,-0.023,51.09754090546759
24678,24738,5.304359,42.792111,172.7116,5.55,-0.637,M4III,1.492,156.60297206860486
24726,24786,5.314017,-18.13005,25.025,5.96,3.968,G0V,0.572,2.253201335629483
24739,24799,5.316674,33.748394,126.7427,5.38,-0.135,A0p...,-0.167,98.627948563121
24753,24813,5.318995,40.099051,12.631,4.69,4.183,G0V,0.63,1.8484171953696558
24757,24817,5.319783,2.595806,61.9579,5.34,1.38,F5IIvar,0.412,24.434305526939713
24762,24822,5.321278,22.096494,75.815,4.96,0.561,G8III,0.937,51.95172830110675
24769,24829,5.322813,-50.605967,35.7143,5.44,2.676,F7III-IV,0.517,7.406277836681546
24771,24831,5.323246,-27.368884,134.0483,5.98,0.344,A0V,-0.022,63.4453795775714
24785,24845,5.326257,-13.176788,261.0966,4.29,-2.794,B0.5IV,-0.235,1141.8261895482235
24813,24873,5.333062,-12.315585,102.2495,5.29,0.242,B7/B8V,-0.104,69.69473963563203
24819,24879,5.333589,33.958054,636.9427,5.05,-3.971,A5IIvar,0.287,3375.981048554255
24842,24902,5.337409,41.086212,84.9618,5.46,0.814,A3V,0.122,41.152857843551004
24853,24914,5.339615,62.653711,628.9308,5.64,-3.353,K4Iab:,1.728,1910.7329810428735
24866,24927,5.340811,-21.239763,127.551,4.7,-0.828,A0V,-0.048,186.72393883829483
24940,25001,5.353524,29.569884,88.574,5.66,0.923,A1Vs,0.06,37.222025301785
24967,25028,5.358845,-0.416491,307.6923,5.68,-1.761,B3V,-0.125,440.96081645063776
24980,25041,5.3621,8.428556,436.6812,5.78,-2.421,B1V...,-0.114,809.841447325789
24983,25044,5.362708,-0.382465,284.9003,4.72,-2.553,B2IV-V,-0.168,914.53430312046
24984,25045,5.362849,-24.772981,107.8749,5.06,-0.105,A2/A3,0.662,95.94006315159336
24987,25048,5.363448,41.804572,162.3377,5.22,-0.832,B5V,-0.129,187.4131239976753
25047,25110,5.376036,79.231149,20.8855,5.08,3.481,F6V,0.506,3.5285802582852694
25079,25142,5.380556,3.544452,476.1905,4.99,-3.399,B1V,-0.096,1993.4254564980927
25080,25143,5.380644,41.02926,89.6861,5.54,0.776,A3V,0.127,42.61868054241604
25124,25187,5.388475,-8.415595,122.6994,5.99,0.546,B8+...,-0.037,52.67444883319058
25131,25194,5.390006,-39.678423,199.2032,5.73,-0.766,M2III,1.626,176.3599633897995
25134,25197,5.391065,57.544395,103.0928,5.24,0.174,A0Vn,-0.011,74.19933277899432
25139,25202,5.39171,-13.927352,505.0505,5.25,-3.267,B2IV,-0.219,1765.2247174525573
25160,25223,5.395086,-0.159818,268.8172,5.69,-1.457,B1.5V,-0.208,333.2728995761379
25184,25247,5.399119,-7.808065,48.2393,4.13,0.713,G8III,0.943,45.16479049291119
25215,25278,5.407071,17.383534,14.3864,5.0,4.21,F8V SB,0.544,1.8030177408595685
25217,25280,5.407914,-16.975781,68.2594,5.64,1.469,A0V,-0.001,22.511270159128795
25218,25281,5.407949,-2.397146,299.4012,3.35,-4.031,B1V + B2,-0.24,3567.7958828856267
25219,25282,5.40803,-0.891328,57.2082,5.07,1.283,K0III,0.961,26.717757271179465
25228,25291,5.4107,31.143148,211.4165,5.94,-0.686,B9III,0.034,163.8324779628639
25229,25292,5.410873,37.385346,143.2665,5.02,-0.761,K4III,1.445,175.54966296212348
25239,25302,5.412452,1.846445,318.4713,4.89,-2.625,B1V:pe,-0.2,977.2372209558112
25266,25329,5.417151,-10.328887,133.8688,5.6,-0.033,K5III,1.543,89.78421709097269
25273,25336,5.418851,6.349702,77.3994,1.64,-2.804,B2III,-0.224,1152.3913771994878
25334,25397,5.433285,-19.695399,45.0248,5.78,2.513,F5V,0.441,8.605973411928222
25364,25428,5.438198,28.60745,41.0509,1.65,-1.417,B7III,-0.13,321.21809339879854
25365,25429,5.438687,-58.91252,140.4494,5.14,-0.598,G6III,0.986,151.0775731924994
25407,25471,5.44689,34.39181,645.1613,5.92,-3.128,A1p,0.138,1553.1020752328475
25409,25473,5.447286,3.095674,348.4321,4.59,-3.121,B2IV,-0.199,1543.1210656577923
25424,25488,5.451478,-40.94351,91.9118,5.86,1.043,A7m,0.239,33.32728995761377
25428,25492,5.452298,30.208603,440.5286,5.69,-2.53,B9Ib,0.175,895.3647655495937
25435,25499,5.452804,17.962216,168.3502,5.4,-0.731,B5V,-0.09,170.76544728138737
25475,25539,5.460579,21.936965,191.5709,4.88,-1.532,B2.5IV,-0.14,357.1083458083457
25477,25541,5.460802,34.475892,138.8889,5.08,-0.633,K4IIIp,1.4,156.02708686930617
25491,25555,5.462669,15.874052,130.039,5.52,-0.05,B9.5Vn,0.015,91.20108393559097
25519,25583,5.467114,17.23913,187.9699,5.77,-0.6,M1III,1.634,151.3561248436207
25542,25606,5.470756,-20.759441,49.1642,2.81,-0.648,G5II,0.807,158.1976398601154
25544,25608,5.470926,-37.230767,87.7963,5.56,0.843,A0V,0.026,40.068215418221115
25631,25695,5.487916,25.150215,130.3781,5.47,-0.106,B9Vn,-0.042,96.02846792093811
25644,25708,5.489913,-3.446394,151.0574,5.8,-0.096,K1III...,1.149,95.14807363517585
25673,25737,5.49555,-1.092239,155.7632,4.71,-1.252,K5III,1.592,275.9306855817509
25687,25751,5.498548,1.78926,438.5965,5.77,-2.44,B2V,-0.192,824.1381150130021
25704,25768,5.502632,-47.077655,44.1306,5.46,2.236,G3IV,0.615,11.107082559188644
25705,25769,5.502835,63.06722,288.1844,5.43,-1.868,M1III,1.704,486.63125607319915
25726,25790,5.507268,15.360449,77.5795,5.93,1.481,A3Vn,0.103,22.263836295529075
25749,25813,5.51307,5.948139,92.8505,4.2,-0.639,B5V,-0.143,156.8917112607855
25752,25816,5.513514,41.461994,128.866,5.99,0.439,K0IIIp,1.112,58.129956772538804
25788,25853,5.518785,-20.863659,83.2639,5.53,0.928,A0V,0.012,37.05100563019239
25794,25859,5.520209,-35.470519,80.7103,3.86,-0.675,K1II/III,1.13,162.18100973589299
25796,25861,5.520703,3.292133,348.4321,5.46,-2.251,B1.5V,-0.176,692.468464322636
25822,25887,5.526666,-45.925317,168.0672,5.86,-0.267,K3III,1.349,111.37815001346657
25853,25918,5.531318,-76.340964,31.3578,5.18,2.698,K4III,1.13,7.25771650267428
25858,25923,5.532183,-7.301537,877.193,4.62,-5.095,B0V,-0.261,9506.04793656282
25865,25930,5.533445,-0.299092,212.3142,2.25,-4.385,O9.5II,-0.175,4943.106869868354
25880,25945,5.536875,18.594234,549.4505,4.32,-4.38,M2Ib,2.06,4920.395356814511
25883,25950,5.537262,17.058128,917.4312,5.5,-4.313,B7III,-0.004,4625.940047661607
25915,25980,5.54482,-1.591831,478.4689,5.34,-3.059,B1IV,-0.188,1457.4712612565295
25919,25984,5.545465,32.192022,100000.0,4.71,-15.29,B5Iab,0.281,113762728.58234333
25920,25985,5.545504,-17.822289,680.2721,2.58,-6.583,F0Ib,0.211,37428.29122408052
25928,25993,5.547613,-38.513371,52.8262,5.45,1.836,K2/K3III,1.224,16.054618868009722
25936,26001,5.549873,-64.227517,71.0227,5.34,1.083,G8/K0III,1.039,32.12180933987984
25954,26019,5.552049,-35.139376,78.9266,5.75,1.264,K0III,1.085,27.18942354402216
25998,26063,5.558735,-1.156073,450.4505,5.36,-2.908,B1V,-0.175,1268.235775555588
25999,26064,5.558786,18.540231,476.1905,5.67,-2.719,B2IV-Ve,-0.022,1065.614202158518
26004,26069,5.560421,-62.489825,308.642,3.76,-3.687,F6Ia,0.64,2598.962421108662
26028,26093,5.565079,14.305578,136.7989,5.6,-0.08,B3V,-0.118,93.75620069258802
26044,26108,5.567791,-1.470253,209.6436,5.92,-0.687,K5III,1.535,163.98344276265362
26061,26126,5.571326,3.766895,84.6024,5.32,0.683,A2V,0.051,46.43014072818033
26104,26169,5.579106,-73.741277,333.3333,5.79,-1.824,M2/M3III,1.717,467.30453963150995
26111,26176,5.580344,9.489579,333.3333,4.39,-3.224,B0IV...,-0.157,1696.680232346464
26132,26197,5.583613,-6.00927,826.4463,5.67,-3.916,B1Vvar,-0.228,3209.223768048436
26134,26199,5.584078,-6.002027,495.0495,4.78,-3.693,B0.5V,-0.248,2613.3645761890234
26142,26207,5.585633,9.934158,336.7003,3.39,-4.246,O...,-0.16,4349.106072324538
26150,26215,5.587011,10.240093,343.6426,5.6,-2.081,B9IIIMNp...,0.149,592.1067335646609
26154,26219,5.587631,-33.079724,92.4214,5.76,0.931,K0III,1.12,36.948771225393216
26155,26220,5.587728,-5.387315,100000.0,4.98,-15.02,O7,,88715601.20379598
26156,26221,5.587907,-5.389696,100000.0,5.13,-14.87,O6pe,0.02,77268058.50957021
26170,26235,5.589695,-5.41606,473.9336,4.98,-3.399,O9.5Vpe,-0.097,1993.4254564980927
26172,26237,5.589768,-4.838358,271.0027,4.58,-2.585,B2III...,-0.183,941.8895965228418
26176,26241,5.590551,-5.909901,714.2857,2.75,-6.519,O9III,-0.21,35285.8025828527
26182,26248,5.590869,24.039589,169.4915,5.37,-0.776,B2.5IV,-0.092,177.99180203953355
26203,26268,5.594301,-4.856067,110.2536,5.24,0.028,F0III,0.269,84.87895030072441
26246,26311,5.603559,-1.20192,606.0606,1.69,-7.223,B0Ia,-0.184,67483.87308707573
26279,26344,5.609784,54.428658,228.833,5.74,-1.058,M0III,1.671,230.7809729698403
26280,26345,5.609915,-6.064752,471.6981,5.71,-2.658,B1V...,-0.212,1007.3954848112501
26301,26366,5.615108,9.290673,36.0231,4.09,1.307,G8III-IV,0.951,26.133645761890246
26317,26382,5.617704,17.040324,48.5909,5.53,2.097,F0V,0.237,12.624087614670483
26321,26386,5.617884,11.035005,251.8892,5.97,-1.036,K4II SB,1.592,226.15177461083604
26330,26394,5.61916,-80.469122,18.315,5.65,4.336,G3IV,0.6,1.6054618868009711
26331,26396,5.619123,26.924473,154.7988,5.83,-0.119,B9IV-V,-0.075,97.18517029401686
26386,26451,5.627413,21.142549,136.4256,2.97,-2.704,B4IIIp,-0.148,1050.9934271862176
26395,26460,5.629061,-28.68969,40.7997,5.28,2.227,F5V,0.486,11.199535223848878
26422,26487,5.633644,7.54142,239.2344,5.87,-1.024,B8III,-0.061,223.6660149466177
26470,26535,5.643881,-6.573959,411.5226,5.96,-2.112,B1.5IV,-0.216,609.2562597496564
26471,26536,5.643913,30.492412,173.6111,5.4,-0.798,A2V + GIII,0.45,181.63519311765114
26480,26545,5.645424,-40.707306,134.7709,5.81,0.162,B8V,-0.078,75.02396279074637
26484,26549,5.645769,-2.600069,328.9474,3.77,-3.816,O9.5V...,-0.19,2926.846862378789
26497,26563,5.648079,-7.212829,44.603,4.77,1.523,A4V,0.139,21.419039907221233
26529,26594,5.653096,4.121467,423.7288,4.5,-3.635,B3IIIe,-0.098,2477.4220576332864
26541,26606,5.655087,29.215213,324.6753,5.98,-1.577,B2IV-V,0.144,372.2202530178502
26559,26624,5.658653,-3.564704,42.5713,5.99,2.844,A8Vs,0.294,6.344537957757143
26569,26634,5.660817,-34.074108,80.1282,2.65,-1.869,B7IV,-0.12,487.07966649253666
26575,26640,5.662277,25.897091,131.0616,5.18,-0.407,B3IV,-0.15,126.70682249985478
26584,26649,5.663845,-32.629216,129.3661,5.44,-0.119,G6/G8III,0.913,97.18517029401686
26662,26727,5.679313,-1.942572,225.7336,1.74,-5.028,O9.5Ib SB,-0.199,8937.169608501978
26671,26736,5.680754,-1.128787,275.4821,4.95,-2.25,B2IV-V,-0.197,691.8309709189363
26697,26762,5.684888,0.337753,47.9386,5.93,2.527,F0IV,0.311,8.495716271561207
26711,26777,5.688255,16.534148,194.9318,4.84,-1.609,B3IV...,-0.125,383.3540007590441
26800,26865,5.703877,-22.373715,304.878,5.88,-1.541,A2/A3V,0.08,360.0808291734827
26803,26868,5.704221,-34.667812,131.406,5.29,-0.303,B9/B9.5V,-0.032,115.1330474155817
26817,26882,5.707347,65.697649,83.612,5.62,1.009,K5III,1.249,34.387452222912714
26820,26885,5.707953,1.474629,90.009,4.9,0.129,K1III,1.144,77.33925780489973
26860,26926,5.714976,-6.796168,49.95,5.97,2.477,F3V,0.447,8.896107044092291
26900,26966,5.722686,-18.557475,75.0751,5.73,1.353,A0V,-0.014,25.049554127725546
27006,27072,5.741057,-22.448382,8.927,3.59,3.836,F7V,0.481,2.5444856151466353
27034,27100,5.746223,-65.735526,45.8716,4.34,1.032,A7V,0.217,33.666657436862266
27130,27196,5.765012,49.826255,126.7427,5.46,-0.055,A0p...,0.03,91.62204901219992
27138,27204,5.766637,-32.306435,408.1633,5.18,-2.874,B1IV/V,-0.274,1229.1361730601686
27177,27243,5.77427,-46.59718,143.8849,5.31,-0.48,K0/K1II,1.04,135.51894123510365
27183,27249,5.775106,56.115575,60.7903,5.93,2.011,A4Vn,0.164,13.66469680740465
27187,27253,5.776364,1.168193,39.2773,5.95,2.979,G4V,0.773,5.602733947937967
27198,27265,5.779305,15.822497,225.2252,6.0,-0.763,B8IIIMNp...,-0.061,175.87333541355733
27212,27280,5.781149,9.522343,91.3242,5.78,0.977,G8III,0.888,35.41604004264617
27220,27288,5.782595,-14.82195,21.6076,3.55,1.877,A2Vann,0.104,15.459662193866743
27248,27316,5.786987,14.488322,104.1667,5.72,0.631,A3Vn,0.077,48.70796664925366
27253,27321,5.788079,-51.066514,19.4401,3.85,2.407,A3V,0.171,9.488553267278009
27270,27338,5.79061,17.729141,546.4481,5.47,-3.218,F0III,0.301,1687.3298906258033
27296,27364,5.795252,13.899599,194.1748,5.28,-1.161,B2IV-V,-0.156,253.74646458649644
27298,27366,5.795941,-9.669605,198.4127,2.07,-4.418,B0.5Iavar,-0.168,5095.654806081146
27318,27386,5.800065,6.454156,165.0165,5.26,-0.828,A5V,0.234,186.72393883829483
27367,27435,5.809706,-4.094648,15.1768,5.97,5.064,G4V,0.639,0.8211074640850878
27399,27468,5.816935,24.567535,111.4827,4.88,-0.356,G8IIIvar,1.021,120.89267852132994
27414,27483,5.819567,39.181071,63.4115,4.51,0.499,G8III,0.949,55.0047252867634
27442,27511,5.825814,12.651324,76.2777,4.89,0.478,B9IV,-0.068,56.078966337451
27448,27517,5.826817,-14.483665,82.0345,5.49,0.92,G8III,0.87,37.32501577957206
27461,27530,5.830451,-56.166663,54.2005,4.5,0.83,K1III,1.075,40.55085354483837
27464,27533,5.831528,-22.971872,170.3578,5.87,-0.287,A1V,0.055,113.44882442111646
27465,27534,5.831539,-66.901187,176.0563,5.1,-1.128,B6V,-0.128,246.15009062337666
27481,27549,5.834079,9.871218,109.8901,5.79,0.585,G8III,0.876,50.81594425605605
27491,27560,5.836962,4.423406,178.2531,5.96,-0.295,K2III,1.361,114.28783347897712
27497,27566,5.837999,-79.361362,87.4126,5.46,0.752,B9.5V,-0.076,43.571248050308405
27514,27581,5.841363,14.305608,97.0874,5.54,0.604,G9III:,1.006,49.93441887213498
27519,27588,5.841674,2.0247,316.4557,5.97,-1.532,G8III+...,0.953,357.1083458083457
27552,27621,5.848117,-52.108873,78.6164,5.16,0.682,G8III,0.96,46.472924167620356
27559,27628,5.849329,-35.768309,26.7308,3.12,0.985,K1.5III,1.146,35.15604405282981
27560,27629,5.849475,27.967861,107.0664,5.6,0.452,G7III:,0.978,57.438091349631755
27569,27639,5.850675,37.305573,160.2564,4.72,-1.304,M1III,1.621,289.4676264176031
27585,27654,5.855357,-20.879089,34.8675,3.76,1.048,G8III/IV,0.984,33.17416496945389
27589,27658,5.856107,-7.518003,321.5434,5.36,-2.176,B2IV-V,-0.195,646.249172495388
27604,27673,5.858166,39.14848,70.6215,3.97,-0.275,K0III,1.132,112.20184543019641
27644,27713,5.868814,-9.0419,98.912,5.95,0.974,A2Vn,0.1,35.514033498288214
27668,27737,5.872276,-57.156191,132.626,5.93,0.317,F7IV,0.656,65.04291550788011
27673,27743,5.872859,14.171787,130.039,5.6,0.03,B9p...,-0.053,84.72274141405963
27678,27747,5.873168,19.867849,343.6426,5.96,-1.721,B9V + G,0.549,425.0108331760471
27681,27750,5.874011,1.855134,386.1004,4.76,-3.174,K2IIvar,1.382,1620.3170427400003
27697,27766,5.875883,-37.631063,98.7167,5.62,0.648,K1III,1.046,47.95125740813503
27741,27810,5.885245,-33.801361,102.5641,4.88,-0.175,B5V,-0.154,102.32929922807536
27761,27830,5.88879,27.612262,129.7017,4.56,-1.005,A0V,-0.008,219.78598727848254
27821,27890,5.901658,-63.089627,26.2467,4.65,2.555,K1III/IV,1.022,8.279421637123338
27844,27913,5.906386,20.276174,8.6633,4.39,4.702,G0V,0.594,1.1460405911366023
27869,27938,5.912119,-11.774192,203.252,5.62,-0.92,K3 comp,1.523,203.23570109362208
27870,27939,5.912232,0.968615,268.0965,5.99,-1.151,K0III,1.328,251.42010301590201
27878,27947,5.913916,-52.635481,34.6981,5.29,2.588,F0Ve...,0.295,8.031561699226565
27880,27949,5.914107,55.706947,73.046,4.96,0.642,A2V,0.052,48.21697939006178
27886,27955,5.91458,-39.957857,155.2795,5.55,-0.406,M0III,1.515,126.5901749300244
27896,27965,5.915746,19.749614,558.6592,5.92,-2.816,B2V,-0.145,1165.198723025
27902,27971,5.916063,59.888367,143.6782,5.2,-0.587,A2V,0.01,149.55467727443948
27904,27973,5.916387,31.701496,84.9618,5.9,1.254,A5IV,0.144,27.441004182565717
27919,27989,5.919529,7.407063,152.6718,0.45,-5.469,M2Ib,1.5,13415.28798266127
27940,28010,5.924975,-37.120668,102.0408,4.97,-0.074,K1IIICN...,1.102,93.23951375406328
27941,28011,5.925048,-4.616546,96.9932,5.87,0.936,K2III:,1.173,36.77900704223862
28014,28085,5.937296,-22.839975,88.6525,5.95,1.212,K0/K1III,1.107,28.523315122990113
28027,28098,5.939151,-31.38244,510.2041,5.52,-3.019,F2III,0.382,1404.7531026968777
28032,28103,5.940082,-14.1677,14.8787,3.71,2.847,F1V,0.337,6.327031548665008
28040,28110,5.941121,9.509396,120.048,5.97,0.573,A0IV,-0.038,51.38069802323445
28067,28139,5.947069,11.521058,94.6074,5.89,1.01,K2III,1.111,34.35579478998746
28127,28199,5.958947,-35.28328,266.6667,4.36,-2.77,B2.5IV,-0.165,1116.863247780561
28165,28237,5.966571,25.953912,476.1905,4.81,-3.579,B1Ib,-0.088,2352.8812019381708
28199,28271,5.973456,1.837108,111.7318,5.89,0.649,A5me del Del,0.223,47.907113000307426
28215,28287,5.977097,-44.034562,362.3188,5.81,-1.985,G8II,1.061,542.0008904016238
28224,28296,5.980437,0.552979,136.612,5.21,-0.467,A1Vs,0.009,133.90598855467368
28230,28302,5.981455,12.808264,243.309,5.7,-1.231,K2III...,0.874,270.6449949038481
28253,28325,5.984531,-9.55825,87.7963,5.04,0.323,A6m,0.189,64.68446641717216
28256,28328,5.985778,-42.815135,144.7178,3.96,-1.843,K0III,1.146,475.55417631520834
28271,28343,5.989384,49.92454,328.9474,5.9,-1.686,G5III,1.194,411.52857843551004
28287,28358,5.992111,54.284656,38.6399,3.72,0.785,K0III,1.01,42.26686142656028
28288,28360,5.992149,44.947433,24.8694,1.9,-0.078,A2V,0.077,93.58365435835302
28309,28380,5.995351,37.212585,50.7614,2.65,-0.878,A0p Si,-0.083,195.52396696208865
28333,28404,5.998917,45.936736,230.4147,4.3,-2.513,M3IIvar,1.701,881.4547044472212
28342,28413,6.00093,-3.074253,129.0323,4.53,-1.023,K2IIIvar,1.202,223.46010577312214
28413,28484,6.013661,-51.216319,65.189,5.65,1.579,A1m...,0.207,20.34229743211728
28428,28499,6.016267,47.901923,354.6099,5.71,-2.039,B9.5p SiFe,-0.007,569.6393733411835
28453,28524,6.021194,-33.911835,188.3239,5.54,-0.835,K5III,1.58,187.93168168032685
28491,28562,6.028627,48.959445,242.1308,5.98,-0.94,K0,1.437,207.01413487910415
28503,28574,6.030673,-10.59793,240.3846,4.92,-1.985,B5III,-0.128,542.0008904016238
28543,28614,6.039722,9.647276,47.5059,4.12,0.736,Am...,0.17,44.21809210742687
28604,28675,6.054333,-26.284544,124.6883,5.03,-0.449,K3II/IIICNv,1.335,131.70431381998404
28620,28691,6.057602,19.690561,220.2643,5.14,-1.575,B8V,-0.097,371.53522909717276
28645,28716,6.065329,20.138452,552.4862,4.64,-4.072,B2Iavar,0.236,3705.1005630192435
28664,28734,6.068671,23.263341,47.5511,4.16,0.774,G7III,0.835,42.69725940480335
28673,28744,6.070417,-6.708941,403.2258,5.19,-2.838,B2Vne+,-0.066,1189.0496789850986
28685,28756,6.072296,-32.17243,308.642,5.65,-1.797,B2V,-0.186,455.8269515401941
28719,28790,6.077811,-45.078932,26.8962,5.93,3.782,F4V,0.493,2.674237657088991
28741,28812,6.082829,5.41997,401.6064,5.67,-2.349,G7III:,1.047,757.8792209160491
28742,28814,6.082878,4.158671,100000.0,5.63,-14.37,G4III,1.041,48752849.010338604
28744,28816,6.083091,-16.484435,278.5515,4.92,-2.305,Ap shell,0.196,727.7798045368243
28751,28823,6.084276,42.981635,49.7265,5.9,2.417,F3V,0.358,9.401561688035697
28782,28854,6.090842,-10.242596,54.9149,5.88,2.182,F4V:,0.374,11.673470764921925
28783,28855,6.090882,-35.513647,83.1255,5.8,1.201,A0V,0.027,28.813764348396997
28827,28899,6.101538,-29.758624,85.2515,5.79,1.136,A1V,0.041,30.591445594864084
28837,28910,6.10259,-14.935254,52.9661,4.67,1.05,A0V,0.046,33.11311214825911
28838,28909,6.102603,-66.039621,98.6193,5.72,0.75,A0V,-0.024,43.65158322401658
28871,28943,6.108916,-23.110846,141.0437,5.46,-0.287,A2V,0.064,113.44882442111646
28874,28946,6.109749,38.482644,104.4932,5.35,0.255,A4m,0.251,68.86522963442762
28877,28949,6.11076,-4.193836,324.6753,5.37,-2.187,B5IV,-0.122,652.8298441586142
28912,28984,6.115976,-21.812299,384.6154,5.74,-2.185,M3II/III,1.584,651.6283940608428
28919,28991,6.117604,-62.154581,110.8647,5.04,-0.184,K2/K3III,1.256,103.18106352675917
28920,28992,6.117686,-34.312021,312.5,5.82,-1.654,B4Vnn,-0.137,399.5765566188054
28962,29034,6.125453,-37.25292,221.2389,5.0,-1.724,B8:IV,-0.095,426.18680542416035
28966,29038,6.126201,14.768472,158.2278,4.42,-1.576,B3IV,-0.164,371.8775833249358
28976,29048,6.128233,-19.165866,257.0694,5.28,-1.77,M1III,1.661,444.63126746910837
28992,29064,6.13135,-42.154043,74.4602,5.5,1.14,A0V,0.007,30.47894989627983
29061,29134,6.145643,-68.843409,91.9118,5.06,0.243,B8V,-0.072,69.63057796029312
29078,29150,6.149407,-22.427412,75.5287,5.49,1.099,A0V,-0.01,31.651915672262646
29079,29151,6.149418,2.499692,200.8032,5.7,-0.814,A3Vn,0.067,184.33168795057549
29123,29196,6.15901,22.190262,632.9114,5.93,-3.077,K4III,1.626,1481.8355175164306
29132,29205,6.15959,-14.584619,63.8162,5.56,1.535,K2III,1.15,21.183611352485013
29152,29225,6.162218,23.113466,100000.0,5.75,-14.25,B2.5Ib,0.192,43651583.22401665
29161,29234,6.163322,-22.774343,49.0436,5.71,2.257,F5V,0.454,10.894316796591328
29173,29246,6.16639,58.935694,116.8224,5.35,0.012,G8III,1.096,86.13903457724282
29190,29263,6.169558,-40.353792,261.0966,5.54,-1.544,M2II/III,1.665,361.0771451003532
29198,29271,6.170632,-74.753045,10.1978,5.08,5.037,G5V,0.714,0.8417827076608124
29203,29276,6.171642,-54.968645,398.4064,4.72,-3.282,B0.5IV,-0.229,1789.7814394089617
29221,29294,6.1763,-27.154343,101.1122,5.72,0.696,K1III,1.072,45.87752705471357
29280,29353,6.1875,-65.589417,196.4637,5.01,-1.456,M2.5III,1.599,332.96608520688034
29306,29379,6.192307,24.420253,174.216,5.83,-0.375,K0III,1.11,123.02687708123811
29315,29388,6.193496,48.710989,102.459,5.78,0.727,A3V+...,0.1,44.58615279480704
29344,29417,6.197726,-6.550287,366.3004,5.06,-2.759,B2V,-0.201,1105.6050150387039
29353,29426,6.198999,14.208765,186.2197,4.45,-1.9,B3IV,-0.18,501.18723362727246
29360,29433,6.200372,19.790543,255.102,5.76,-1.274,B9.5V,-0.071,281.5788299710311
29361,29434,6.200911,16.130406,162.0746,4.95,-1.099,B5Vn,-0.149,239.6624529408638
29378,29451,6.20559,32.69338,285.7143,5.78,-1.5,M1III,1.646,346.73685045253166
29417,29490,6.214182,65.718422,219.2982,5.36,-1.345,K2II-III,1.344,300.6076302628229
29501,29575,6.231732,-3.741374,94.2507,5.83,0.959,G8III,0.91,36.008082917348275
29543,29616,6.241273,17.906353,162.0746,5.86,-0.189,A6m,0.253,103.65732567670052
29556,29629,6.243529,-4.568457,196.0784,5.83,-0.632,B5V,-0.155,155.8834467704389
29577,29650,6.247467,19.156448,20.816,5.2,3.608,F6V,0.43,3.1390627691376576
29578,29651,6.247592,-6.274776,152.6718,3.99,-1.929,K3III,1.319,514.7543199312626
29582,29655,6.247961,22.506799,117.9245,3.31,-2.048,M3III,1.6,574.3809134963176
29605,29679,6.252334,-20.272186,226.2443,5.88,-0.893,K2III,1.322,198.24397628726393
29606,29678,6.252353,13.851098,366.3004,5.91,-1.909,B1V,-0.231,505.3589947531675
29619,29692,6.254923,-18.477163,62.5391,5.99,2.009,K1III,1.058,13.689891307007347
29623,29696,6.256304,29.498076,54.2594,4.32,0.648,G8IIIvar,1.021,47.95125740813503
29631,29704,6.25698,16.143175,160.2564,5.34,-0.684,B7V,-0.101,163.53096517445837
29638,29711,6.258243,-4.914719,65.0618,5.99,1.923,A5IVs,0.097,14.818355175164307
29643,29716,6.259518,-0.512189,37.1885,5.62,2.768,F6V,0.506,6.80455924994638
29657,29730,6.261257,59.998975,150.8296,5.37,-0.522,K3III,1.339,140.86399463612562
29662,29735,6.262468,-13.718414,125.0,5.0,-0.485,B9V,-0.078,136.14446824659495
29663,29736,6.26249,12.551067,357.1429,5.44,-2.324,B9II-III,0.015,740.6277836681551
29698,29771,6.268803,-16.618006,238.6635,5.97,-0.919,B2/B3V,-0.167,203.04860027168058
29727,29800,6.274061,12.272163,19.2493,5.04,3.618,F5IV-V,0.431,3.1102836686851423
29734,29807,6.275871,-35.140519,55.9597,4.37,0.631,G8II,0.978,48.70796664925366
29735,29808,6.276553,-39.264394,123.3046,6.0,0.545,A2Vm...,0.163,52.722986142282274
29769,29842,6.283675,-37.737445,91.5751,5.54,0.731,K2III,1.129,44.422193547105515
29777,29850,6.285172,9.94239,69.1085,5.39,1.192,A2V,0.106,29.053603143031467
29779,29852,6.285991,-37.253498,61.9195,5.88,1.921,A2V,0.139,14.845676750522715
29787,29860,6.287816,5.100112,19.2493,5.7,4.278,G0.5Vb,0.61,1.6935577086915172
29822,29895,6.294923,-16.815908,189.7533,5.15,-1.241,K1III,1.293,273.1492422089182
29846,29919,6.298563,61.515286,195.6947,5.01,-1.448,M3III,1.843,330.5217168699801
29868,29941,6.303813,-19.966974,243.9024,5.51,-1.426,B2/B3V,-0.163,323.8918349968776
29922,29996,6.314051,-9.390018,144.0922,5.36,-0.433,K1III,1.239,129.77767816857812
29924,29997,6.314105,69.319787,53.6481,4.76,1.112,A0Vn,0.025,31.275193114079812
29938,30011,6.316382,-20.925611,537.6344,5.79,-2.862,B3II/III,-0.155,1215.6260552373797
29987,30060,6.327052,59.010964,48.0077,4.44,1.033,A2Vs,0.032,33.6356635748362
29996,30069,6.328043,-34.396591,125.0,5.76,0.275,B9V,-0.08,67.60829753919815
30000,30073,6.328555,-7.822908,267.3797,5.27,-1.866,B2.5V,-0.177,485.73567328785396
30020,30093,6.333222,-2.944493,142.4501,4.91,-0.858,M1III,1.613,191.9552523761379
30026,30099,6.334507,14.651127,181.8182,5.67,-0.628,K3Ib,1.578,155.3102075232846
30049,30122,6.338553,-30.063367,111.1111,3.02,-2.209,B2.5V,-0.16,666.1929002234552
30070,30143,6.3434,-34.144144,595.2381,5.55,-3.323,B3V,-0.182,1858.6602026885396
30141,30214,6.356865,-11.773238,337.8378,5.48,-2.164,B1Vpe SB,0.002,639.1458891858142
30174,30247,6.362811,53.452179,59.2066,5.34,1.478,F5III...,0.448,22.32543861616743
30204,30277,6.368564,-33.4364,71.736,3.85,-0.429,G7II,0.858,129.30043917962797
30245,30318,6.376776,12.570237,69.8324,6.0,1.78,F0III,0.319,16.90440931643263
30248,30321,6.37729,-69.984043,189.7533,5.56,-0.831,K5III,1.51,187.24058959867978
30251,30324,6.378329,-17.955918,151.0574,1.98,-3.916,B1II/III,-0.24,3209.223768048436
30269,30342,6.382179,-56.369969,48.2625,5.6,2.182,Am,0.242,11.673470764921925
30270,30343,6.382673,22.513586,71.0227,2.87,-1.387,M3IIIvar,1.621,312.46400858061116
30346,30419,6.396135,4.592865,37.4953,4.39,1.52,A5IV,0.215,21.47830474130533
30363,30436,6.398866,-25.577629,310.559,5.61,-1.851,K5III,1.561,479.07113000307453
30365,30438,6.399195,-52.69566,94.7867,-0.62,-5.504,F0Ib,0.164,13854.791675667215
30371,30444,6.400281,-36.707764,101.5228,5.62,0.587,K1II/III,1.027,50.72242398926514
30384,30457,6.402867,-11.530088,106.8376,5.21,0.066,K3III,1.23,81.95963204818459
30390,30463,6.40385,-60.281325,93.0233,5.78,0.937,A0V,-0.001,36.74514791999399
30447,30520,6.414973,49.287893,100000.0,4.92,-15.08,K5Iabvar,1.905,93756200.69258812
30472,30545,6.421263,-0.945883,33.5683,5.88,3.25,F8V,0.564,4.365158322401658
30492,30565,6.424623,-69.690299,82.7815,5.37,0.78,G8III,0.971,42.46195639463128
30518,30591,6.428793,-48.176898,180.1802,5.76,-0.519,B9V,-0.061,140.47531026968778
30578,30651,6.440514,56.285096,74.9625,5.53,1.156,A3m,0.238,30.033088786765592
30593,30666,6.444329,-1.507336,72.4638,5.87,1.569,A3Vn,0.07,20.530522392794694
30606,30679,6.44691,58.417409,191.9386,5.21,-1.206,K4III,1.538,264.4843626854359
30630,30703,6.451147,-58.002116,172.7116,5.82,-0.367,K3III,1.279,122.12371301653077
30644,30717,6.453823,0.299246,260.4167,5.19,-1.888,K1II,1.186,495.67840659411786
30647,30720,6.454331,-0.275999,212.3142,5.55,-1.085,K5III,1.376,236.59196974857588
30655,30728,6.455681,2.908288,94.4287,5.55,0.674,G9III,1.035,46.81661397243642
30699,30772,6.465992,-4.762154,333.3333,5.06,-2.554,B2V,-0.175,915.3770083623526
30715,30788,6.469503,-32.58007,129.8701,4.47,-1.098,B4V,-0.169,239.441817286338
30754,30827,6.476136,30.493034,100000.0,5.75,-14.25,F5.5Ibv,0.779,43651583.22401665
30763,30836,6.477061,-17.466009,139.8601,5.76,0.032,K0III,1.118,84.56682000993546
30767,30840,6.477568,-32.371279,264.5503,5.74,-1.373,B5IV,-0.16,308.4608137757144
30794,30867,6.480297,-7.033062,207.4689,3.76,-2.825,B3Ve,-0.113,1174.8975549395302
30810,30883,6.482719,20.212133,166.9449,4.13,-1.983,B6III,-0.115,541.0034068634678
30859,30932,6.491255,-56.852766,93.2836,5.2,0.351,K0III,1.087,63.03764788294872
30880,30953,6.496969,-50.239085,51.4403,5.28,1.723,F2V,0.371,17.815581406628933
30899,30972,6.500827,46.685554,187.2659,5.88,-0.482,K4III,1.448,135.76880641390918
30913,30986,6.503132,-10.081511,319.4888,5.92,-1.602,K0,1.373,380.89037649813514
30964,31037,6.512858,-27.769575,377.3585,5.92,-1.964,B3IV/V,-0.156,531.6183950739627
30966,31039,6.51309,58.162633,55.8036,5.86,2.127,K0IV,0.934,12.280046179887881
30999,31072,6.520304,-35.25884,188.6792,5.82,-0.559,G8III+...,0.813,145.74712612565295
31005,31079,6.521744,-51.825953,36.914,5.58,2.744,F8V,0.534,6.95664753528352
31010,31084,6.523068,-12.391953,112.3596,5.16,-0.093,K1III,1.262,94.8855326727801
31045,31119,6.530083,11.544412,63.6537,5.22,1.201,A3V,0.185,28.813764348396997
31048,31121,6.530573,-8.158235,214.1328,5.43,-1.223,K2III,1.373,268.65813772687
31052,31125,6.530935,-23.418422,423.7288,4.34,-3.795,B1III,-0.245,2870.780582024692
31062,31137,6.532864,-58.753835,232.0186,5.69,-1.138,B9V,-0.057,248.4276893696803
31082,31159,6.538668,4.855999,172.4138,5.88,-0.303,K0V,0.997,115.1330474155817
31088,31165,6.539271,-37.696702,83.7521,5.25,0.635,G8III,0.982,48.5288500162121
31090,31167,6.539758,-5.86882,41.841,5.6,2.492,F0Vnn+...,0.256,8.774047879567533
31096,31173,6.540885,32.454898,80.5802,5.82,1.289,A3m + A3m,0.188,26.570516703550716
31113,31190,6.54416,-32.030447,537.6344,5.73,-2.922,B2V,-0.18,1284.6948998311943
31139,31216,6.548396,7.332965,100000.0,4.47,-15.53,A0Ib,0.023,141905752.16890898
31200,31277,6.560046,14.155163,77.0416,5.57,1.136,K2III:,1.105,30.591445594864084
31201,31278,6.560534,-1.220154,169.7793,5.09,-1.059,B5Vn,-0.132,230.99362801731854
31222,31299,6.563745,-36.232029,120.048,5.42,0.023,K3III,1.419,85.27073373436288
31285,31362,6.576481,-32.716255,161.2903,5.62,-0.418,B9V,-0.085,127.99706167051806
31330,31407,6.58294,-52.975607,418.41,4.35,-3.758,B9III,-0.021,2774.5975598804184
31339,31416,6.584274,-22.964793,135.318,4.54,-1.117,A0III,-0.035,243.6688423459584
31357,31434,6.586684,28.022314,113.3787,5.26,-0.013,A0Vnn,-0.008,88.14547044472212
31367,31446,6.58773,0.890216,467.2897,5.78,-2.568,B8Ib,0.004,927.2567425805944
31369,31448,6.588221,9.988335,469.4836,5.93,-2.428,K4III,1.508,815.0795556116014
31378,31457,6.590061,-36.779879,156.25,5.59,-0.379,A0V,-0.13,123.48096078586018
31484,31564,6.606347,-18.659904,107.5269,5.71,0.552,G8/K0III+..,0.848,52.3841619027791
31499,31579,6.609121,38.4455,100000.0,5.4,-14.6,C5II,2.773,60255958.60743581
31503,31583,6.609814,-5.211143,230.9469,5.52,-1.298,B8V,-0.082,287.8723810835251
31512,31592,6.611399,-19.255879,19.7511,3.95,2.472,K1III+...,1.037,8.937169608501975
31518,31599,6.612944,-13.321036,210.9705,5.95,-0.671,K4/K5III,1.562,161.5846120949001
31557,31637,6.62051,-36.990651,350.8772,5.72,-2.006,B6IV,-0.112,552.5861556300781
31585,31665,6.627332,56.857531,101.7294,5.87,0.833,A2V,0.006,40.438962050781946
31596,31676,6.6282,61.481233,52.0562,5.94,2.358,G8IV-V,0.899,9.926588068710306
31601,31681,6.628528,16.399252,33.5121,1.93,-0.696,A0IV,0.001,165.34840121711517
31605,31685,6.629353,-43.195934,113.8952,3.17,-2.113,B8III SB,-0.103,609.8176639987851
31608,31688,6.629891,-32.339735,123.3046,5.25,-0.205,K1III,1.177,105.19618738232224
31620,31700,6.631506,-18.237478,129.199,4.42,-1.136,K0II/III,1.137,247.97048987986992
31657,31737,6.639725,28.984354,106.2699,5.76,0.628,B9npe...,-0.001,48.84273784229249
31685,31765,6.643787,-48.220183,146.1988,5.05,-0.775,G8III,0.997,177.82794100389228
31691,31771,6.644317,39.390854,149.7006,5.7,-0.176,K5III,1.367,102.42359141215688
31709,31789,6.646995,39.902559,420.1681,5.34,-2.777,B8III,-0.075,1124.0871934697304
31746,31827,6.654644,-14.145764,303.0303,4.82,-2.587,K2III,1.459,943.626220276727
31751,31832,6.655507,42.488877,127.551,4.8,-0.728,K3III,1.236,170.29425618775483
31787,31870,6.66185,-30.470491,73.3676,5.7,1.372,K1III,1.134,24.615009062337666
31793,31876,6.663255,12.982768,78.8644,5.99,1.506,A2V,0.063,21.757049509257943
31814,31897,6.667474,-80.813593,126.9036,5.61,0.093,A5III,0.214,79.94660025203162
31857,31940,6.674679,77.995782,214.1328,5.75,-0.903,K5III,1.488,200.0783052152391
31863,31946,6.675624,71.748786,237.5297,5.88,-0.999,K0III,1.223,218.5747548686934
31895,31978,6.682961,9.895754,281.6901,4.66,-2.589,O7,-0.233,945.3660459579653
31909,31992,6.684845,0.495323,384.6154,5.79,-2.135,B8III,-0.094,622.3002851691596
31979,32064,6.698996,-9.167537,105.5966,5.21,0.092,M0III,1.525,80.02026771193327
32019,32104,6.706757,17.645303,43.63,5.2,2.001,A2V,0.063,13.791134690236
32088,32173,6.718051,44.52445,99.2063,5.04,0.057,K5III,1.479,82.64184417157952
32141,32226,6.727402,3.932528,877.193,5.88,-3.835,B0III,-0.046,2978.516429429188
32161,32246,6.732202,25.131124,259.0674,3.06,-4.007,A3mA6-A9,1.377,3489.7956743787418
32164,32249,6.733137,13.228017,88.574,4.49,-0.247,K1III,1.167,109.34526967309193
32207,32292,6.741241,-31.070523,100000.0,5.23,-14.77,B2V,-0.127,70469306.89671452
32226,32311,6.745961,28.970932,145.9854,5.42,-0.402,K4III,1.445,126.12465753175385
32263,32349,6.752481,-16.716116,2.6371,-1.44,1.454,A0m...,0.009,22.824433121735034
32276,32362,6.754824,12.895591,17.9986,3.35,2.074,F5IV,0.443,12.894366199598709
32280,32366,6.756378,-31.793661,24.3784,5.92,3.985,F7V,0.491,2.2181964198002184
32299,32385,6.758664,-30.94898,581.3953,5.62,-3.202,B+...,-0.138,1662.6467968935367
32316,32402,6.764922,-52.409691,395.2569,5.81,-2.174,K3III,1.551,645.059833284831
32325,32411,6.766499,-14.796127,130.039,5.3,-0.27,A1IV/V,0.075,111.686324778056
32352,32438,6.770595,59.44167,65.8328,4.86,0.768,A3V,0.084,42.933866347043036
32353,32439,6.77067,79.564811,17.8731,5.44,4.179,F8V,0.525,1.8552395755492839
32377,32463,6.775671,8.587153,263.1579,5.92,-1.181,B2.5V,-0.173,258.4639635769842
32388,32474,6.777505,-10.10736,165.5629,5.66,-0.435,B9.5V,-0.048,130.01695780332912
32394,32480,6.778983,43.577427,16.7168,5.24,4.124,G0V,0.575,1.9516413002858264
32403,32489,6.780417,57.169176,64.6831,5.34,1.286,K0III,0.964,26.64403527724896
32406,32492,6.780859,-14.425971,243.9024,5.28,-1.656,B8/B9III,-0.024,400.3132821780238
32408,32494,6.7813,-51.265667,252.5253,5.39,-1.622,K1II/IIIp+G:,1.33,387.97165729369067
32445,32531,6.78853,-55.539988,184.5018,5.6,-0.73,K5III,1.549,170.60823890031244
32447,32533,6.788842,8.037254,151.0574,4.77,-1.126,K4III,1.396,245.6970827636836
32451,32537,6.789278,-37.929698,99.4036,5.27,0.283,B8/B9V,-0.078,67.11197196984207
32472,32558,6.793673,-8.998503,432.9004,5.08,-3.102,M1II,1.795,1516.351900787289
32476,32562,6.794327,48.789476,110.4972,5.22,0.003,K1III,1.131,86.85603503487766
32492,32578,6.79768,2.412159,112.8668,4.48,-0.783,K0III,1.099,179.14306484060262
32521,32607,6.803194,-61.941391,29.6033,3.24,0.883,A7IV,0.225,38.618908944898976
32523,32609,6.803407,55.704195,44.2674,5.54,2.31,F5V:+...,,10.37528415818012
32531,32617,6.805296,-1.318922,39.984,5.75,2.741,F1V,0.292,6.975896043328045
32591,32677,6.816038,-15.144726,162.0746,5.39,-0.659,B7IV,-0.096,159.80854594730909
32612,32698,6.821225,-2.272038,176.0563,5.75,-0.478,B8IIIn,-0.098,135.2695359013038
32653,32740,6.828143,32.606756,127.551,5.72,0.192,K3II,1.298,72.97935152144485
32667,32753,6.83051,16.202888,263.1579,5.87,-1.231,B7III,-0.136,270.6449949038481
32672,32759,6.830683,-32.508478,202.0202,3.5,-3.027,B1.5IVne,-0.116,1415.1419329314303
32675,32761,6.830921,-53.622449,166.9449,4.41,-1.703,G6II,0.899,418.02282895403255
32679,32765,6.831838,-46.61456,25.2589,5.14,3.128,F5III,0.46,4.884273784229249
32682,32768,6.832266,-50.61456,55.8036,2.94,-0.793,K0III...,1.207,180.80065521100082
32723,32809,6.83938,-17.084555,363.6364,5.77,-2.033,K3III,1.435,566.5001119195325
32724,32810,6.839819,-31.706057,199.2032,5.74,-0.756,B3V,0.094,174.74308552673233
32728,32814,6.840416,13.413177,540.5405,5.68,-2.984,K3III,1.329,1360.1913228556705
32758,32844,6.846097,41.78123,116.144,4.99,-0.335,K3III,1.256,118.57687481671597
32765,32851,6.847176,-0.540882,29.6824,5.78,3.418,F2V,0.396,3.739383436431515
32769,32855,6.847876,-34.367318,250.0,4.99,-2.0,K2/K3III,1.379,549.5408738576248
32778,32864,6.849191,67.571934,283.2861,5.14,-2.121,B4IV,-0.152,614.3275612705213
32826,32912,6.857495,-70.963411,172.7116,5.41,-0.777,B7IV,-0.11,178.15581406628934
32834,32921,6.859179,21.761148,150.6024,5.28,-0.609,A2V,-0.02,152.61597656254617
32851,32938,6.861785,-36.23027,55.2181,5.94,2.23,A3V,0.183,11.168632477805607
32881,32968,6.866664,23.601718,141.844,5.68,-0.079,K5III,1.467,93.66988779521158
32932,33018,6.879816,33.961254,57.971,3.6,-0.216,A3III,0.102,106.26738654024653
32937,33024,6.880408,8.380373,62.3053,5.75,1.777,F0Vn,0.27,16.951182515313995
32961,33048,6.884738,59.448543,149.2537,5.34,-0.53,G4III...,0.675,141.90575216890926
32990,33077,6.88856,-19.032763,95.511,5.65,0.75,A9/F0III,0.279,43.65158322401658
33005,33092,6.892474,-20.224254,373.1343,4.82,-3.039,B1Ib,-0.212,1430.8694127493386
33017,33104,6.895068,68.888309,300.3003,5.11,-2.278,B7III,-0.114,709.904615855288
33065,33152,6.902209,-24.184211,100000.0,3.89,-16.11,K3Iab,1.74,242102904.673618
33073,33160,6.903167,-12.038628,79.9361,4.08,-0.434,K4III,1.418,129.89726288978545
33097,33184,6.906851,-1.126996,169.2047,5.44,-0.702,A4IV,0.167,166.26467968935367
33115,33202,6.910732,13.177827,25.6279,4.73,2.686,F0Vp,0.321,7.338376673335376
33161,33248,6.917427,-20.404876,154.5595,5.8,-0.145,A2V,0.048,99.54054173515264
33190,33277,6.921853,25.375697,17.2414,5.74,4.557,G0V,0.573,1.3097849623996851
33215,33302,6.927064,-20.136497,29.5858,4.66,2.305,F2IV/V,0.374,10.423174293933036
33229,33316,6.929702,-22.941439,100000.0,5.29,-14.71,B2/B3III,-0.163,66680676.92136246
33258,33345,6.935179,-14.04343,381.6794,5.0,-2.908,B9.5V,1.182,1268.235775555588
33260,33347,6.935618,-17.054242,769.2308,4.36,-5.07,B3Ib/II,-0.063,9289.663867799363
33270,33357,6.937775,-48.721144,263.8522,4.94,-2.167,M1III,1.668,640.9143566447764
33285,33372,6.940509,9.956578,139.2758,5.9,0.181,B8Vn,-0.085,73.7224908104336
33290,33377,6.942238,46.273998,386.1004,5.85,-2.084,B8III,-0.079,593.7450473021954
33297,33384,6.942911,-79.420193,107.9914,5.45,0.283,B9.5V,0.041,67.11197196984207
33328,33415,6.94891,46.705352,107.1811,5.88,0.729,K0III:,1.093,44.504097664953704
33334,33421,6.950145,33.681039,129.5337,5.91,0.348,G5III,0.878,63.21206820052682
33362,33449,6.954612,58.422759,54.6747,4.35,0.661,G5III-IV,0.85,47.38053933388255
33391,33478,6.95942,-24.630841,37.9363,5.45,2.555,F3V,0.39,8.279421637123338
33398,33485,6.960309,45.094094,73.8552,4.9,0.558,A2Vn,0.027,52.095474732855536
33471,33558,6.973638,-34.111708,180.8318,5.07,-1.216,B4IV/V,-0.154,266.931606362429
33488,33575,6.976639,-25.414157,264.5503,5.59,-1.523,B2V,-0.162,354.16040042646176
33492,33579,6.977097,-28.972084,124.2236,1.5,-3.971,B2II,-0.211,3375.981048554255
33516,33603,6.982507,3.602355,257.0694,5.96,-1.09,G8III,1.056,237.6840286624876
33595,33682,6.997378,-67.916443,89.6057,5.18,0.418,K3III,1.396,59.26523352402154
33607,33694,7.001081,76.977408,56.338,4.55,0.796,K4III,1.365,41.84080195674278
33628,33715,7.004396,16.078998,100000.0,5.73,-14.27,K3Ib,1.641,44463126.74691084
33642,33729,7.006599,-8.406821,330.033,5.95,-1.643,B9III,-0.075,395.54873505556213
33692,33779,7.014303,-51.402585,198.0198,5.14,-1.344,M1III,1.652,300.33088786765575
33717,33804,7.018318,-25.215634,312.5,5.64,-1.834,B2/B3III/IV,-0.165,471.6284552998378
33740,33827,7.022612,70.808296,156.0062,5.69,-0.276,K4III,1.337,112.30523475410828
33769,33856,7.028652,-27.93483,343.6426,3.49,-4.191,K4III,1.729,4134.281080471351
33790,33878,7.032329,-5.722065,175.1313,5.22,-0.997,M2III,1.687,218.17249589883
33826,33914,7.038193,15.336008,183.1502,5.78,-0.534,K1III:,1.14,142.42951649732905
33839,33927,7.040217,24.215446,456.621,5.2,-3.098,G5II,0.953,1510.775731924994
33841,33929,7.040426,17.755521,246.9136,5.96,-1.003,M1.5,1.518,219.38149918979101
33849,33937,7.04258,16.674447,769.2308,5.86,-3.57,M2III,1.659,2333.4580622810045
33882,33971,7.048549,-4.239231,373.1343,4.99,-2.869,B1V,-0.195,1223.4888053268153
33888,33977,7.050409,-23.833291,847.4576,3.02,-6.621,B3Ia,-0.077,38761.44867002412
33910,34000,7.054195,-59.178109,151.2859,5.5,-0.399,B9IV,-0.125,125.77664324512543
33913,34002,7.054977,9.138355,101.9368,5.96,0.918,A3Vs,0.126,37.39383436431516
33928,34017,7.058457,29.337081,19.1314,5.93,4.521,G4V,0.595,1.353941811405074
33944,34033,7.060576,10.951817,182.1494,5.14,-1.162,K3III,1.391,253.98028137728156
33956,34045,7.062637,-15.633286,135.5014,4.11,-1.55,B8II,-0.112,363.0780547701014
33971,34059,7.064896,-49.58392,60.5694,4.92,1.009,A4IV,0.14,34.387452222912714
33977,34065,7.065928,-43.608039,16.5153,5.56,4.471,G3V...,0.624,1.417751123122
33993,34081,7.067444,-42.33728,106.8376,5.2,0.056,Am,0.198,82.71799518641342
33998,34086,7.068124,-5.323979,380.2281,5.63,-2.27,K3III,1.29,704.6930689671467
34000,34088,7.068481,20.570297,421.9409,4.01,-4.116,G3Ibv SB,0.899,3858.335599053513
34017,34105,7.071757,-56.749724,92.2509,5.14,0.315,A0p:,-0.032,65.16283940608425
34094,34182,7.088436,22.637458,123.0012,6.0,0.55,B8Vn,-0.027,52.48074602497726
34127,34215,7.094174,9.1858,303.9514,5.78,-1.634,M0III,1.513,392.28346253952094
34177,34267,7.103222,34.473967,92.6784,5.55,0.715,G8IV,0.909,45.08167045414601
34211,34301,7.111324,-11.294014,934.5794,5.41,-4.443,B0.5IV,0.033,5214.347854144578
34249,34339,7.118633,-40.893268,238.0952,5.8,-1.084,B3V,-0.158,236.3741608116292
34259,34349,7.120359,-51.968283,166.9449,5.96,-0.153,K0III,0.996,100.27669229965878
34268,34358,7.122889,34.009288,201.2072,5.94,-0.578,K4III,1.507,148.32009671818756
34269,34360,7.122941,-23.840722,100000.0,5.75,-14.25,B2V:nn,-0.117,43651583.22401665
34297,34387,7.130414,7.471214,182.4818,5.74,-0.566,K0III:,1.176,146.6898282206286
34350,34440,7.139455,15.930675,98.912,5.47,0.494,G8III,1.02,55.25861556300781
34354,34444,7.139857,-26.3932,492.6108,1.83,-6.633,F8Ia,0.671,39192.232245497704
34382,34473,7.145098,-70.497087,49.6524,5.68,2.2,F2,0.436,11.481536214968823
34389,34481,7.145788,-70.498932,42.8633,3.78,0.62,G8IIIvar,1.006,49.20395356814509
34404,34495,7.147519,-39.655657,223.2143,4.83,-1.914,B3IV/V,-0.179,507.69162588824895
34471,34561,7.159268,-16.234509,684.9315,6.0,-3.178,B1Ib/II,0.04,1626.2975210134089
34488,34579,7.161951,-25.231034,564.9718,5.69,-3.07,B2V,-0.158,1472.3125024327194
34530,34622,7.170467,-4.237106,62.1891,4.91,0.941,K0III,1.02,36.610022854654304
34532,34624,7.172034,-27.49152,216.4502,5.46,-1.217,G8III,0.998,267.17757271179465
34578,34670,7.179858,-48.932098,96.8992,5.12,0.188,K2III,1.251,73.248713266504
34601,34693,7.185659,30.245163,98.4252,4.41,-0.556,K2III,1.261,145.34496779183144
34629,34722,7.189741,26.856587,119.1895,5.75,0.369,A4IV,0.13,62.00118642087245
34631,34724,7.189893,-0.301928,87.184,5.44,0.738,F2V,0.31,44.136714346343965
34660,34752,7.194255,39.320549,148.8095,4.91,-0.953,K4II-III,1.451,209.50770523651806
34665,34758,7.19489,-20.883063,143.2665,5.84,0.059,A0IV/V,-0.038,82.48975239353295
34677,34769,7.197739,-0.492764,117.7856,4.15,-1.205,A2V,-0.005,264.24087573219475
34705,34798,7.203393,-25.942588,257.0694,5.91,-1.14,B2IV/V,-0.17,248.8857318282393
34709,34802,7.204392,-40.498808,126.1034,5.3,-0.204,A3p...,0.072,105.09934271862164
34724,34817,7.207173,-36.544381,278.5515,5.94,-1.285,B4V,-0.145,284.44611074479167
34726,34819,7.207327,24.128594,109.7695,5.85,0.648,F5IV,0.397,47.95125740813503
34741,34834,7.20935,-46.759305,21.427,4.49,2.835,F0IV,0.324,6.39734835482648
34794,34888,7.218665,-11.251341,202.4291,5.77,-0.761,K0,1.508,175.54966296212348
34805,34899,7.220377,-45.182739,56.5291,4.87,1.109,Ap,-0.003,31.36172916512987
34815,34909,7.222854,16.158966,165.8375,5.07,-1.028,K3V,1.653,224.49155075695896
34818,34912,7.223166,51.428745,221.7295,5.46,-1.269,M3III,1.64,280.2850927646687
34820,34914,7.22334,-22.674241,245.098,5.99,-0.957,K4III,1.481,210.280983703774
34828,34922,7.225637,-44.639739,64.0615,4.42,0.387,M5e,1.331,60.9817663998785
34881,34975,7.236347,-3.901779,396.8254,5.8,-2.193,K5III,1.585,656.447501951699
34887,34981,7.237559,-26.352507,531.9149,4.42,-4.209,B3III,-0.17,4203.393032365495
34888,34982,7.237644,-9.947533,574.7126,5.9,-2.897,K3III,1.528,1255.4516736871392
34893,34987,7.238906,3.111414,227.2727,5.36,-1.423,K0III,1.193,322.9981240595625
34911,35005,7.242395,12.115824,90.2527,5.71,0.933,G6III,1.007,36.880771722615435
34926,35020,7.243928,-48.271927,115.4734,4.75,-0.562,B8/B9V,-0.091,146.15039720061645
34931,35025,7.244993,24.884984,92.081,5.84,1.019,M1IIIvar,1.554,34.07218616593573
34935,35029,7.246117,-46.849672,142.4501,5.72,-0.048,A0p,-0.109,91.03323996799098
34943,35037,7.246849,-26.772667,279.3296,4.01,-3.221,B2IV/Ve,-0.15,1691.9986025030057
34950,35044,7.247546,-27.037996,83.3333,5.58,0.976,K3III,1.22,35.448674447379986
34960,35054,7.249209,-41.426394,167.7852,5.95,-0.174,B4III/IV,-0.146,102.2350938503231
34990,35083,7.255854,-30.686447,192.6782,5.36,-1.064,B2V,-0.155,232.0598461598922
34991,35084,7.255901,-52.499226,128.041,5.96,0.423,K0V,1.099,58.992934510414365
35027,35120,7.260953,7.977742,166.3894,5.78,-0.326,M4III,1.537,117.59801740658484
35034,35127,7.262011,-10.583605,121.2121,5.95,0.532,K0,1.173,53.35805618460333
35043,35136,7.263925,47.239964,16.8919,5.54,4.402,G0V,0.576,1.510775731924994
35053,35146,7.265267,59.637467,61.0128,5.2,1.273,K2III,1.081,26.96497363543418
35060,35152,7.26588,27.897419,235.8491,5.75,-1.113,M1III,1.605,242.77278476809965
35086,35180,7.27071,-15.585689,82.5083,5.46,0.878,A1V,0.079,38.79716572936907
35087,35181,7.270965,-46.774533,230.4147,5.64,-1.173,K4III,1.441,256.56652970348694
35107,35202,7.275515,-38.318928,187.2659,5.81,-0.552,B4V,-0.133,144.81048230513716
35110,35205,7.276387,-27.881179,124.2236,4.66,-0.811,M2III,1.589,183.82306368835296
35115,35210,7.276898,-23.315594,434.7826,4.83,-3.361,K4III,1.601,1924.8637777825306
35131,35226,7.280392,-36.592633,230.9469,5.03,-1.788,B3V,-0.161,452.0640796485017
35132,35228,7.280508,-67.957152,226.2443,3.97,-2.803,F6II,0.76,1151.330474155817
35169,35264,7.285711,-37.09747,247.5248,2.71,-4.258,K3Ib,1.616,4397.440784473689
35208,35304,7.2927,52.131071,183.4862,5.93,-0.388,K1III:,1.259,124.50878639160531
35244,35341,7.300616,40.883392,85.2515,5.87,1.216,A5Vn,0.181,28.418424680635887
35250,35347,7.301181,-43.986786,181.4882,5.86,-0.434,B8II/III,-0.117,129.89726288978545
35253,35350,7.30155,16.540383,30.931,3.58,1.128,A3V...,0.106,30.817684166115118
35266,35363,7.30511,-36.733962,246.3054,4.65,-2.307,B2V+...,-0.099,729.1216599950674
35287,35384,7.308883,49.464756,106.9519,5.0,-0.146,A4IIIn,0.087,99.63226419544176
35295,35393,7.309309,-39.210285,141.844,5.24,-0.519,A0V,0.026,140.47531026968778
35309,35406,7.310607,-36.742735,232.0186,5.11,-1.718,A0V,-0.17,423.83810577435025
35315,35412,7.311216,-24.558701,584.7953,4.88,-3.955,O7f,-0.16,3326.595532940047
35317,35415,7.311802,-24.954375,917.4312,4.37,-5.443,O9Ib,-0.132,13097.849623996846
35330,35427,7.314243,-26.585854,384.6154,5.29,-2.635,G2II,0.956,986.2794856312099
35379,35476,7.322881,2.740694,195.3125,5.9,-0.554,G9III,1.069,145.07747890889115
35390,35487,7.324494,-16.395244,42.7716,5.7,2.544,F2III/IV,0.346,8.363729915840256
35412,35509,7.329901,7.142947,53.3049,5.91,2.276,F8V,0.537,10.705328538333623
35453,35550,7.335383,21.98232,18.5391,3.5,2.16,F0IV...,0.374,11.912420080273744
35467,35564,7.339288,-52.311524,31.7158,5.5,2.994,F2,0.483,5.525861556300781
35490,35589,7.344114,-52.085924,147.2754,5.38,-0.461,B9V,-0.069,133.1680376269981
35513,35611,7.348588,-26.963838,763.3588,6.0,-3.414,B3V,-0.172,2021.156766960755
35517,35615,7.349524,-14.360489,184.8429,5.59,-0.744,G8/K0III,0.971,172.82238729497664
35528,35626,7.351204,-25.891643,196.0784,5.87,-0.592,M3III,1.604,150.24499029989144
35545,35643,7.354864,45.2282,35.4862,5.74,2.99,A7s,0.342,5.5462571295791046
35601,35699,7.365795,20.443658,135.8696,5.09,-0.576,M0III,1.528,148.04713248976265
35611,35710,7.367397,36.760584,72.3589,5.12,0.823,K0III,1.082,40.813139159697194
35614,35712,7.367633,0.177121,500.0,5.99,-2.505,B8III,-0.069,874.9837752274364
35628,35727,7.370425,-19.0166,147.4926,4.94,-0.904,B5II/III,-0.039,200.2626690340903
35651,35749,7.373719,-5.982829,229.3578,5.83,-0.973,F3IV,0.352,213.4027442848975
35686,35785,7.381127,55.281392,100000.0,5.8,-14.2,B8V,-0.078,41686938.34703346
35697,35795,7.383527,-31.923781,406.5041,5.4,-2.645,B3V,-0.161,995.4054173515265
35749,35846,7.391254,25.050531,48.7329,5.04,1.601,G8III,0.902,19.934254564980925
35750,35848,7.391386,-27.834294,189.0359,5.37,-1.013,K4III,1.539,221.41141120912616
35757,35855,7.392193,-32.202067,340.1361,5.41,-2.248,B2/B3II/III,-0.169,690.5577442196835
35806,35904,7.401584,-29.303104,609.7561,2.45,-6.476,B5Ia,-0.083,33915.6386905822
35809,35907,7.402352,40.672389,370.3704,5.23,-2.613,K0III,1.249,966.4958643142135
35843,35941,7.409292,27.637857,57.4053,5.77,1.975,F0:III:,0.368,14.12537544622754
35853,35951,7.411163,-16.201473,287.3563,5.18,-2.112,B2Vne,-0.035,609.2562597496564
35859,35957,7.412182,-31.808905,202.4291,5.35,-1.181,K1III,1.071,258.4639635769842
35884,35984,7.415857,51.887258,317.4603,5.8,-1.708,K5III,1.61,419.952334664066
35888,35987,7.416161,11.669524,96.9932,5.37,0.436,A5IV,0.105,58.29079788672337
35899,35998,7.418977,-13.751978,35.6379,5.79,3.03,F3V,0.432,5.345643593969716
35924,36024,7.423686,-25.217767,432.9004,5.79,-2.392,B5III,-0.103,788.4969177453771
35939,36039,7.42727,-79.094188,143.0615,5.54,-0.238,K2/K3III,1.281,108.44261957670734
35941,36041,7.427471,9.276097,319.4888,4.99,-2.532,G8III,0.991,897.0156084148144
35946,36046,7.428779,27.79808,36.9004,3.78,0.945,G9III+...,1.024,36.47539469256078
35955,36055,7.430889,-5.774961,371.7472,5.98,-1.871,CIb...,0.901,487.97772728648596
36013,36114,7.439403,-51.018481,185.5288,5.09,-1.252,K0III,1.038,275.9306855817509
36042,36143,7.44513,-34.140692,316.4557,5.9,-1.602,B4V,-0.153,380.89037649813514
36044,36145,7.445237,49.211527,83.8926,4.61,-0.009,A1V,-0.001,87.82132798980062
36055,36156,7.448981,20.257557,136.9863,5.94,0.257,F2Vn,0.336,68.73849195903233
36067,36168,7.449856,-23.086023,383.1418,5.65,-2.267,B1II,-0.134,702.7486176561343
36085,36186,7.452219,-17.864861,92.3361,5.6,0.773,F2V,0.314,42.73660314969305
36087,36188,7.452512,8.289315,49.5786,2.89,-0.586,B8Vvar,-0.097,149.41699574067007
36134,36236,7.461927,-22.859199,295.858,5.98,-1.375,B5III,-0.088,309.0295432513592
36136,36238,7.462324,21.445247,32.0205,5.2,2.673,F5IV-V...,0.455,7.426770437146974
36149,36251,7.46435,-11.556867,485.4369,5.79,-2.641,B8Vv comp VB,0.583,991.744955231413
36156,36258,7.466434,-29.155896,282.4859,5.55,-1.705,B9Vsp...,-0.048,418.79356511791826
36163,36265,7.467243,6.941968,97.561,5.22,0.274,F0III,0.221,67.6705957674191
36182,36284,7.469387,8.92553,97.561,4.33,-0.616,K3III SB,1.425,153.6031068385027
36243,36345,7.480876,-31.848401,228.3105,5.95,-0.843,B3V+...,-0.156,189.3215275777466
36247,36348,7.480968,48.18393,153.1394,5.7,-0.225,B9MNp...,-0.092,107.1519305237606
36259,36362,7.484699,-31.456216,327.8689,5.78,-1.799,B2IV,-0.185,456.66738964953106
36260,36363,7.484916,-38.812065,165.0165,5.41,-0.678,B3V,-0.148,162.6297521013409
36263,36366,7.485195,31.78455,18.0473,4.16,2.878,F0V...,0.32,6.148936385126262
36274,36377,7.487179,-43.301432,59.3824,3.25,-0.618,K5III SB,1.509,153.88631498199555
36285,36388,7.488519,-1.905329,684.9315,5.6,-3.578,K5III,1.493,2350.715115938293
36290,36393,7.489012,28.118275,54.0249,5.07,1.407,A4V,0.12,23.834168206731533
36293,36396,7.489474,-10.326664,396.8254,5.75,-2.243,K5III,1.616,687.3849195903234
36296,36399,7.490455,-7.551168,27.2405,5.86,3.684,F8V,0.487,2.926846862378787
36322,36425,7.496606,12.006564,175.4386,4.55,-1.671,K2III,1.276,405.8821946619183
36326,36429,7.49688,27.916146,148.368,5.01,-0.847,K2III,1.117,190.02030025772322
36328,36431,7.497615,-23.024287,952.381,4.85,-5.044,A6Ib/II,0.243,9069.84781505793
36336,36439,7.498867,49.672463,20.2388,5.35,3.819,F6V,0.47,2.5846396357698422
36341,36444,7.499925,-52.651157,110.3753,5.87,0.656,K0III,1.01,47.599237966724985
36393,36496,7.508587,-54.399365,145.5604,5.95,0.135,M1III,1.585,76.91304402866098
36412,36514,7.511834,-30.962281,460.8295,4.65,-3.668,G2Ib...,0.904,2553.877135779325
36425,36528,7.514638,68.465621,137.5516,5.63,-0.062,K2III,1.1,92.21466651242643
36444,36547,7.517911,82.411466,153.1394,4.92,-1.005,M4IIIa,1.633,219.78598727848254
36512,36616,7.53011,17.086046,96.8992,5.45,0.518,K2III,1.126,54.0505353708669
36536,36640,7.534934,-8.881326,27.9174,5.9,3.671,F5V,0.54,2.962101936052763
36537,36641,7.534986,1.914481,233.1002,5.24,-1.598,F0III,0.23,379.48970620763504
36615,36721,7.552716,-24.710731,84.5309,5.84,1.205,A3III,0.156,28.707805820246907
36617,36723,7.553241,3.290379,41.7537,5.59,2.487,F2V,0.321,8.814547044472212
36626,36732,7.555434,-19.412525,83.612,5.64,1.029,K0III,1.121,33.75981048554255
36654,36760,7.560134,15.826662,129.8701,5.27,-0.298,A1Vn,0.055,114.6040591136603
36667,36773,7.563323,-14.523892,471.6981,4.82,-3.548,A4Ia,1.362,2286.651602919521
36672,36778,7.564179,-36.338392,363.6364,5.42,-2.383,B2Vne,-0.078,781.9878403894969
36689,36795,7.567551,-22.296067,25.2972,4.44,2.425,F6V,0.521,9.33254300796991
36706,36812,7.571081,3.371725,176.3668,5.83,-0.402,A0Vnn,-0.018,126.12465753175385
36711,36817,7.571839,-23.473661,31.6857,5.06,2.556,F6V,0.468,8.27179951864134
36742,36848,7.576333,-27.012275,99.2063,5.78,0.797,K1III,1.045,41.80228289540325
36744,36850,7.576634,31.888276,15.5958,1.58,0.615,A2Vm,0.034,49.43106869868354
36790,36896,7.585778,30.960924,114.1553,5.34,0.053,K0III,1.01,82.9468695095263
36811,36917,7.589694,-28.369323,67.9348,4.65,0.49,B8V,-0.111,55.462571295791044
36836,36942,7.594365,-52.533836,120.3369,4.93,-0.472,K3III,1.373,134.52407051486315
36856,36962,7.598708,26.895741,83.0565,4.06,-0.537,K5III,1.54,142.82360800191825
36875,36981,7.601082,-14.492771,389.1051,5.66,-2.29,B2/3V(n),-0.067,717.7942912713615
36916,37023,7.608789,46.180288,168.6341,5.66,-0.475,M0III,1.56,134.89628825916532
36925,37031,7.609641,5.862171,39.3082,5.89,2.918,G0V,0.602,5.926523352402152
36930,37036,7.611398,-19.702338,518.1347,5.69,-2.882,B2II,-0.165,1238.2262309589933
36937,37043,7.6122,-48.830167,142.0455,5.69,-0.072,B9V,-0.037,93.06791831626532
36940,37046,7.613067,55.75506,81.6993,5.93,1.369,K2III,1.123,24.683116896973452
36982,37088,7.621303,-4.110979,67.5219,5.14,0.993,F6III,0.442,34.89795674378744
36990,37096,7.622809,-34.96853,110.4972,4.53,-0.687,B8IV/V,-0.081,163.98344276265362
37034,37140,7.631628,48.773842,77.8816,5.93,1.473,A5m,0.221,22.428488158692844
37067,37173,7.638346,-25.364804,189.7533,4.69,-1.701,B8IV,-0.1,417.25351123179394
37068,37174,7.638391,-48.601436,961.5385,5.68,-4.235,F4Iab,0.683,4305.26610491711
37098,37204,7.64246,35.04855,114.0251,5.58,0.295,K0III,0.921,66.3743070401909
37117,37223,7.645528,-36.49683,305.8104,5.78,-1.647,B3III,-0.148,397.0086781121842
37124,37229,7.647186,-26.803836,106.2699,3.8,-1.332,B5IV,-0.159,297.0297844017863
37159,37265,7.65276,34.584346,50.9944,4.89,1.352,F3III,0.413,25.07263624777119
37173,37279,7.655033,5.224993,3.5142,0.4,2.671,F5IV-V,0.432,7.4404636619191935
37191,37297,7.657595,-38.308021,170.3578,4.84,-1.317,B3V,-0.189,292.9543829769433
37194,37300,7.657942,17.674519,161.0306,5.04,-0.995,M0III,1.616,217.7709772353159
37216,37322,7.662171,-38.139287,175.4386,5.73,-0.491,B5V,-0.125,136.8989130700734
37223,37329,7.663299,-38.260652,352.1127,5.76,-1.973,B3III,-0.071,536.043457816143
37239,37345,7.666109,-37.579422,429.1845,5.99,-2.173,B4III,-0.04,644.4659847416883
37258,37364,7.670425,-19.660861,190.8397,5.92,-0.483,K0III,1.158,135.89391171008015
37263,37369,7.67075,38.344539,359.7122,5.77,-2.01,M0III,1.654,554.6257129579104
37273,37379,7.673114,-15.26392,213.2196,4.98,-1.664,K3III,1.543,403.27379297611304
37285,37391,7.675295,87.020091,139.6648,5.05,-0.675,M2III,1.604,162.18100973589299
37321,37428,7.682922,23.018527,467.2897,5.93,-2.418,K5,1.561,807.6068613289758
37334,37441,7.686782,48.131533,96.3391,5.58,0.661,K0III,1.011,47.38053933388255
37340,37447,7.687454,-9.551131,45.3104,3.94,0.659,K0III,1.022,47.46789794829222
37343,37450,7.687727,-38.533532,181.8182,5.41,-0.888,B3V,-0.13,197.33312795365026
37371,37478,7.693099,3.624779,139.47,5.95,0.228,A0V,-0.032,70.59923578936672
37397,37504,7.697004,-72.606098,43.2339,3.93,0.751,K0III,1.033,43.61139713930644
37401,37508,7.697735,13.480453,238.6635,5.79,-1.099,M2III,1.669,239.6624529408638
37414,37521,7.700894,14.208503,396.8254,5.55,-2.443,M3Sv,1.642,826.4184417157952
37483,37590,7.713376,-26.351326,96.8054,5.64,0.711,K1III,0.99,45.24806378555482
37498,37606,7.715865,-45.173118,24.6731,5.04,3.079,G5IV,0.765,5.109754090546756
37502,37609,7.716788,58.71036,81.8331,4.93,0.365,A3IVn,0.104,62.23002851691592
37516,37623,7.719996,-36.050089,191.9386,5.6,-0.816,B5V,-0.13,184.67155239867057
37522,37629,7.721867,28.88351,38.3436,4.23,1.312,K1III SB,1.118,26.01357256653131
37541,37648,7.725663,-28.410885,236.9668,4.63,-2.243,K5III,1.632,687.3849195903234
37557,37664,7.728307,-40.933746,66.5336,5.12,1.005,K1III,1.104,34.514373933585624
37570,37677,7.73013,-28.954826,100000.0,3.94,-16.06,A2Iab,0.16,231206479.01755893
37594,37701,7.734495,50.433794,226.7574,5.31,-1.468,A0IIIn,-0.001,336.6665743686229
37597,37704,7.735254,25.784159,194.5525,5.3,-1.145,K5III,1.535,250.03453616964296
37603,37710,7.736027,-36.062505,42.9553,5.8,2.635,F0IV,0.32,7.691304402866097
37633,37740,7.740793,24.397993,43.3463,3.57,0.385,G8III,0.932,61.09420249055721
37644,37751,7.742825,-24.674079,793.6508,5.62,-3.878,B2II,-0.191,3098.846042012061
37645,37752,7.74283,-37.942917,206.1856,5.89,-0.681,B8V,-0.115,163.07973610235945
37711,37819,7.754249,-37.968584,347.2222,3.62,-4.083,K4III,1.706,3742.8291224080526
37718,37826,7.755277,28.026199,10.3584,1.16,1.084,K0IIIvar,0.991,32.09223768048434
37745,37853,7.759736,-34.172363,15.2091,5.36,4.449,G0V,0.589,1.4467716832477222
37783,37891,7.765797,-14.563805,72.0981,5.03,0.74,F2V,0.342,44.05548635065532
37793,37901,7.767275,-6.772511,82.1018,5.49,0.918,K5III,1.378,37.39383436431516
37800,37908,7.768736,18.510043,104.0583,4.89,-0.196,K5III,1.425,104.32778814599651
37807,37915,7.769596,-37.93367,181.1594,5.87,-0.42,B5V,-0.111,128.23305826560218
37813,37921,7.771167,10.768252,92.4214,5.25,0.421,A1Vnn,0.018,59.10170366102437
37838,37946,7.777577,37.517394,132.8021,5.15,-0.466,M3III,1.588,133.7827133604697
37841,37949,7.777793,65.455676,100.7049,5.93,0.915,K2III:,1.183,37.49730022454834
37887,37995,7.786821,-22.51951,502.5126,5.9,-2.606,B1/B2V,-0.18,960.2846792093816
37902,38010,7.790276,-38.511145,323.6246,5.07,-2.48,B2IV/V,-0.112,855.0667128846841
37908,38016,7.791757,33.415697,202.8398,5.14,-1.396,M0III,1.635,315.06488329723953
37912,38020,7.792085,-46.60849,480.7692,5.22,-3.19,B1V,-0.151,1644.3717232149306
37941,38048,7.799089,-12.192705,28.5959,5.48,3.198,F5+...,0.478,4.579309531517439
37962,38070,7.801436,-25.937169,434.7826,4.4,-3.791,B1IV:nne,-0.07,2860.223693954283
37981,38089,7.805608,-47.077722,71.2251,4.69,0.427,K0III,1.039,58.77599636806001
38038,38146,7.817132,-24.912208,86.2813,5.32,0.64,G2,0.751,48.30588020397728
38044,38152,7.818533,-56.41036,334.4482,5.57,-2.052,G5II,1.116,576.5009137698544
38051,38159,7.82024,-46.857717,591.716,5.82,-3.041,B1.5IV,-0.142,1433.5076007281243
38052,38160,7.820257,-60.283688,34.5901,5.78,3.085,F1V,0.428,5.081594425605605
38057,38164,7.820638,-46.373205,505.0505,4.1,-4.417,B0III,-0.16,5090.9636952309365
38059,38167,7.820736,-35.243286,158.2278,5.94,-0.056,B9V,-0.051,91.70647491149319
38062,38170,7.821571,-24.859786,367.6471,3.34,-4.487,G6Ia,1.218,5430.002130657378
38092,38200,7.826502,-33.28895,232.5581,5.61,-1.223,M0III,1.617,268.65813772687
38102,38210,7.828054,-66.195974,150.8296,5.78,-0.112,B9V,-0.04,96.56060985415496
38103,38211,7.828111,-17.228408,78.064,5.17,0.708,K3III,1.282,45.37326169379412
38145,38253,7.836271,-9.183441,367.6471,5.6,-2.227,K3III,1.446,677.3295140086069
38158,38267,7.839957,-50.509468,75.4717,5.89,1.501,K2III,1.088,21.85747548686934
38264,38373,7.861663,1.766868,191.2046,5.12,-1.287,B8II,-0.116,284.9705627341154
38266,38375,7.861952,-21.173662,93.7207,5.62,0.761,K0III,0.956,43.2115654470299
38273,38382,7.862862,-13.898029,16.5044,5.16,4.072,G2V,0.6,2.0473872763416394
38304,38414,7.870288,-40.575786,108.1081,3.71,-1.459,G5III...,1.012,333.8873767251231
38313,38423,7.871024,-34.705442,17.9437,5.01,3.74,F3/F5V,0.47,2.7797132677592873
38317,38427,7.871911,-14.846175,334.4482,5.69,-1.932,F2IV/V,0.368,516.1786054966727
38328,38438,7.874929,-54.367165,409.8361,5.7,-2.363,B1.5IV,-0.151,767.7149537690277
38343,38455,7.877402,-38.862812,198.8072,4.49,-2.002,B2V,-0.188,550.5540984847946
38362,38474,7.879961,-5.428257,39.7141,5.76,2.765,F5IVs,0.412,6.823386941416694
38386,38497,7.884308,-36.363769,227.7904,5.44,-1.348,K1IIICN...,1.161,301.4393884279469
38388,38500,7.884344,-49.613044,232.5581,4.63,-2.203,B1.5Vp,-0.228,662.5215359025822
38406,38518,7.888378,-48.102934,507.6142,4.22,-4.308,B0.5Ib,-0.13,4604.685783785738
38426,38538,7.891616,26.765783,68.2128,4.97,0.801,A3V,0.098,41.648560934074126
38480,38593,7.903058,-35.877287,207.9002,5.48,-1.109,B2V,-0.175,241.88002231478436
38526,38639,7.911864,47.564596,257.732,5.47,-1.586,K4III,1.462,375.3185242379142
38542,38656,7.91482,-57.302806,103.4126,5.62,0.547,K3/K4III,1.298,52.62595620803182
38599,38712,7.925398,8.86284,39.0168,5.86,2.904,F2IV,0.369,6.003437587325644
38609,38722,7.927749,19.88397,114.8106,5.38,0.08,A0Vs,-0.035,80.90958991783822
38670,38783,7.938514,-60.526436,401.6064,5.74,-2.279,K4II,1.554,710.5587633694735
38713,38827,7.946313,-52.98236,139.47,3.46,-2.262,B3IVp,-0.177,699.5197810512135
38721,38835,7.94765,-22.880119,160.0,4.2,-1.821,F7/F8II,0.718,466.01511170218424
38731,38846,7.94939,-43.500411,480.7692,5.36,-3.05,B2.5V,-0.166,1445.439770745928
38734,38848,7.949848,15.790281,142.8571,5.8,0.025,K3III,1.285,85.11380382023759
38758,38872,7.955118,-44.109859,335.5705,5.08,-2.549,B2.5IV,-0.166,911.1712330429193
38788,38901,7.961141,-30.33457,371.7472,4.76,-3.091,A7III,0.151,1501.0667325703694
38795,38908,7.962946,-60.303072,16.2048,5.59,4.542,G2V...,0.573,1.32800588624373
38807,38917,7.964368,-45.577669,89.2061,5.14,0.388,K2III,1.263,60.9256259749656
38847,38957,7.970678,-49.244912,294.1176,4.47,-2.873,B1Vp + B2,-0.18,1228.0046179887881
38852,38962,7.972404,2.224767,74.0741,5.3,0.952,K0III,0.933,36.240985589974414
38884,38994,7.98071,-60.824462,322.5806,5.77,-1.773,B2IVnpe,-0.082,445.8615279480706
38904,39014,7.983835,-45.215844,301.2048,5.98,-1.414,B4V,-0.143,320.3317600852812
38913,39023,7.984921,-23.310396,263.8522,5.09,-2.017,G8II,1.111,558.2130689177261
38951,39061,7.991217,-39.296944,55.5556,5.22,1.496,F3V,0.4,21.958365009731892
38960,39070,7.993762,-60.587061,301.2048,5.19,-2.204,M0II,1.758,663.1320218835529
38969,39079,7.995598,-3.679583,84.246,4.93,0.302,K2III,1.205,65.94775259494851
38985,39095,7.997792,-18.399228,73.9645,4.61,0.265,A1V,0.087,68.23386941416697
39007,39117,8.003264,73.917919,269.5418,5.37,-1.783,K3III,1.424,449.98703387215056
39028,39138,8.005547,-63.567456,153.1394,4.81,-1.115,B3V,-0.173,243.2204009073816
39066,39177,8.013141,17.308703,243.309,5.6,-1.331,K3III,1.317,296.75633580735285
39073,39184,8.013875,-54.151275,235.2941,5.87,-0.988,B5Vn,-0.134,216.3714721779108
39080,39191,8.01552,25.392836,203.252,5.87,-0.67,G8III:,1.021,161.43585568264854
39100,39211,8.020371,-1.392608,137.931,4.69,-1.008,K4III,1.475,220.3941181810109
39102,39213,8.020525,4.879824,94.4287,5.65,0.774,A1V,0.013,42.69725940480335
39110,39221,8.022434,59.047398,46.1255,5.78,2.46,F2:V:,0.421,9.036494737223014
39124,39236,8.02508,16.455309,165.5629,5.99,-0.105,B9.5Vn,-0.024,95.94006315159336
39140,39251,8.027091,-37.28372,175.7469,5.9,-0.324,A3IV,0.147,117.38159324832205
39200,39311,8.03776,2.334571,77.8816,4.39,-0.067,K2III,1.252,92.64031007363995
39249,39360,8.045774,-41.309828,147.0588,5.52,-0.317,Ap Si,-0.152,116.62724050819654
39269,39380,8.051156,-32.463548,144.7178,5.83,0.027,K2/K3III,1.225,84.95716271561207
39313,39424,8.058634,27.794332,78.5546,4.94,0.464,K2III,1.13,56.8067574106772
39318,39429,8.059737,-40.003148,332.2259,2.21,-5.397,O5IAf,-0.269,12554.51673687138
39376,39487,8.071164,-32.674829,641.0256,5.25,-3.784,M2II,1.882,2841.8424680635917
39416,39527,8.078445,-50.590396,363.6364,5.96,-1.843,G5II,1.213,475.55417631520834
39427,39538,8.079768,79.479612,99.0099,5.39,0.412,A0p...,-0.04,59.59365192559373
39455,39566,8.084363,-53.107921,117.6471,5.52,0.167,K3/K4III,1.347,74.67925899308831
39456,39567,8.08458,13.118215,65.7895,5.14,1.049,A1V,0.018,33.143624500925895
39547,39659,8.10511,22.63549,228.3105,5.96,-0.833,M3III,1.652,187.5858173799284
39578,39690,8.111206,-45.266015,427.3504,5.04,-3.114,K3III,1.488,1533.2041990349142
39622,39734,8.121678,-20.554342,473.9336,5.33,-3.049,A3Ib/II,0.1,1444.1090844161206
39644,39757,8.125737,-24.304324,19.4818,2.83,1.382,F2mF5IIp,0.458,24.389337302789126
39667,39780,8.129404,21.581816,23.2883,5.3,3.464,G2IV,0.642,3.5842640804371437
39681,39794,8.132173,-68.617062,172.4138,4.35,-1.833,B6IV,-0.113,471.194269420276
39734,39847,8.140963,51.50667,76.6871,4.78,0.356,A2V,0.048,62.7480161997852
39750,39863,8.143236,-2.983786,324.6753,4.36,-3.197,G2Ib,0.97,1655.0076287699912
39790,39903,8.150213,-61.302429,19.98,4.74,3.237,F5V,0.437,4.417738448896477
39793,39906,8.150455,-19.245014,142.6534,4.4,-1.371,B5V,-0.16,307.8931309741613
39806,39919,8.152641,-48.684413,280.8989,5.66,-1.583,B8Ib/II,-0.101,374.2829122408053
39829,39943,8.157926,-16.248922,518.1347,5.66,-2.912,B4V,-0.153,1272.9167461935601
39840,39953,8.158876,-47.336588,342.4658,1.75,-5.923,WC8 + O9I,-0.145,20379.803862870547
39844,39957,8.159342,-56.085384,120.7729,5.66,0.25,A3m...,0.204,69.18309709189363
39848,39961,8.159977,-44.122773,383.1418,5.2,-2.717,B2IV-V,-0.173,1063.6530750764387
39857,39970,8.161988,-47.937193,338.9831,5.23,-2.421,B1IVe,-0.199,809.841447325789
39882,39995,8.167719,58.248242,263.1579,5.91,-1.191,K4III:,1.365,260.85550118689036
39910,40023,8.174218,25.507334,41.3565,5.73,2.647,G8IV,0.825,7.606765007662268
39922,40035,8.177731,-13.799207,22.3814,5.53,3.781,F7V,0.488,2.6767018556258897
39964,40077,8.186332,-48.461994,258.3979,5.83,-1.231,B3V,-0.146,270.6449949038481
39971,40084,8.187863,-12.926999,54.1712,4.72,1.051,K0III,0.939,33.08262788556977
39978,40091,8.189304,-39.618545,520.8333,4.44,-4.143,K4III,1.59,3955.4873505556175
39983,40096,8.190526,-42.987278,100000.0,4.73,-15.27,A7Ib,0.164,111686324.77805611
39994,40107,8.192501,-7.772539,89.1266,5.36,0.61,G8III,0.892,49.65923214503358
40042,40155,8.199991,-46.644351,751.8797,5.77,-3.611,F7p,0.626,2423.259924092547
40054,40167,8.203535,17.647771,25.0815,4.67,2.673,G0V,0.531,7.426770437146974
40070,40183,8.208554,-46.264285,320.5128,6.0,-1.529,B5V,-0.113,356.1229809427621
40101,40215,8.213552,68.474072,230.4147,5.34,-1.473,G8II,1.037,338.220556669654
40126,40240,8.21913,29.656536,209.6436,5.62,-0.987,B9p SiCr,-0.073,216.17227843354706
40145,40259,8.222213,-15.788221,266.6667,4.99,-2.14,G5Ib/II,1.066,625.1726927756862
40159,40274,8.224866,-35.899518,284.9003,4.78,-2.493,B2ne,-0.11,865.3663429563486
40167,40282,8.226178,-50.196072,221.2389,5.52,-1.204,M1III,1.651,263.99761293548084
40170,40285,8.22671,-46.991628,416.6667,5.14,-2.959,B2.5IV,-0.139,1329.2295883156826
40190,40305,8.230607,56.452246,176.0563,5.88,-0.348,G9III,1.016,120.00518202042646
40206,40321,8.232865,-36.322281,311.5265,5.09,-2.377,B2V:,-0.184,777.6783344557058
40211,40326,8.234143,-40.34789,91.4913,4.42,-0.387,K1II/III,1.17,124.39416235583083
40229,40344,8.237017,-35.490019,68.8705,5.77,1.58,K1III,1.024,20.32357010936221
40242,40357,8.239965,-45.834522,362.3188,5.86,-1.935,B2IV-V,-0.176,517.6068319505681
40314,40429,8.254427,-62.915643,77.5194,5.16,0.713,A+...,0.086,45.16479049291119
40411,40526,8.275256,9.185545,93.0233,3.53,-1.313,K4III,1.481,291.87708481971424
40531,40646,8.297338,59.571133,91.8274,5.63,0.815,A7IV,0.182,41.114972110452236
40563,40678,8.304832,-35.451703,126.2626,5.59,0.084,K2III,1.246,80.61205638638913
40565,40680,8.305219,-65.613192,91.0747,5.06,0.263,K1III,1.129,68.35967668381046
40578,40693,8.306651,-12.632173,12.4938,5.95,5.467,K0V,0.754,0.566500111919533
40587,40702,8.308703,-76.919722,19.5618,4.05,2.593,F5III,0.413,7.99466002520316
40591,40706,8.309258,-36.659288,28.6287,4.44,2.156,A4m...,0.222,11.956387999881212
40657,40772,8.321437,62.507159,141.6431,5.73,-0.026,G8III,0.891,89.2072188725269
40679,40793,8.32562,75.756907,85.9845,5.55,0.878,G8III,0.902,38.79716572936907
40701,40817,8.330274,-71.514906,133.3333,5.33,-0.295,B9III/IV,-0.063,114.28783347897712
40718,40834,8.333486,-71.505377,128.3697,5.63,0.088,A0p,-0.099,80.31561699226565
40728,40843,8.334406,27.217707,18.2715,5.13,3.821,F6V,0.487,2.5798829360403723
40751,40866,8.339158,20.747721,172.7116,5.8,-0.387,K1III,1.137,124.39416235583083
40760,40875,8.340564,57.743278,32.352,5.89,3.34,F4V,0.421,4.017908108489399
40766,40881,8.34226,24.022314,140.2525,5.92,0.185,B9.5V,-0.039,73.45138681571152
40773,40888,8.344115,-77.484477,47.619,4.34,0.951,K0III-IV,1.161,36.27438014764577
40774,40889,8.344533,72.407232,248.7562,6.0,-0.979,M0III,1.537,214.58531598843706
40817,40932,8.353361,-57.97322,543.4783,5.96,-2.716,B1.5III,-0.092,1062.6738654024655
40828,40943,8.355846,-36.484177,456.621,5.18,-3.118,B2IV-V+...,-0.187,1538.8631498199557
40829,40944,8.355895,-20.079058,173.913,5.58,-0.622,A3V,0.771,154.45429874014232
40830,40945,8.356397,-33.054366,308.642,4.83,-2.617,K2/K3III,1.419,970.0631337839573
40875,40990,8.365169,-17.586334,95.2381,5.71,0.816,K0III,1.05,41.07712125533876
40888,41003,8.367918,-73.399985,116.8224,5.28,-0.058,A0/A1IV/V,0.014,91.87556016660622
40921,41037,8.375236,-59.509483,185.5288,1.86,-4.482,K3III+B2V,1.196,5405.053537086696
40922,41039,8.375471,-48.490381,526.3158,4.79,-3.816,B1V,-0.146,2926.846862378789
40958,41074,8.380538,-26.34822,100000.0,5.88,-14.12,F2Iab,0.379,38725764.49216173
40959,41075,8.380588,43.188131,117.2333,4.25,-1.095,K5III,1.55,238.78112829131757
40964,41080,8.381693,-7.54312,395.2569,5.92,-2.064,M1III,1.635,582.9079788672336
40965,41081,8.381991,-52.12373,70.028,5.89,1.664,A0V,0.018,18.810485289187042
41000,41117,8.3894,18.3322,117.7856,5.94,0.585,A9V,0.175,50.81594425605605
41035,41152,8.396809,53.219712,50.4286,5.52,2.007,A3V,0.125,13.715132259364845
41074,41191,8.405637,-80.914202,75.8725,5.67,1.27,G8III,1.018,27.039583641088434
41094,41211,8.409726,-3.75124,26.617,5.61,3.484,F3V,0.478,3.518843888209582
41125,41242,8.415328,-23.153745,173.0104,5.67,-0.52,A1III/IV,0.066,140.60475241299127
41133,41250,8.415891,-42.769834,549.4505,5.97,-2.73,B3V,-0.159,1076.465213629835
41143,41260,8.417706,-24.046212,143.472,5.32,-0.464,K4/K5III,1.476,133.53650333271858
41179,41296,8.42537,-51.727415,213.2196,5.18,-1.464,B2V,-0.164,335.42853083268994
41182,41299,8.426538,2.102209,273.9726,5.74,-1.449,K5III,1.528,330.82627885569786
41190,41307,8.427676,-3.906424,37.5094,3.91,1.039,A0V,-0.012,33.45029868260137
41195,41312,8.428951,-66.13689,32.9707,3.77,1.179,K2IIIvar,1.132,29.40356573672507
41205,41321,8.431002,-64.600618,112.3596,5.95,0.697,G8/K0III,0.971,45.83529174381888
41207,41323,8.431087,-42.153072,220.2643,5.45,-1.265,B3V,-0.142,279.2543841237339
41209,41325,8.43188,7.564506,121.0654,5.13,-0.285,G8II,0.934,113.24003632355566
41212,41328,8.432108,-14.929661,110.9878,5.96,0.734,A3m...,0.167,44.299619910036355
41259,41375,8.440891,-3.987479,50.025,5.6,2.104,A5III-IV,0.218,12.542958923023175
41261,41377,8.44103,27.893583,114.4165,5.58,0.288,K5III,1.421,66.80362046792463
41279,41395,8.444987,-12.534602,84.317,5.52,0.89,K1/K2III,1.167,38.370724549227866
41283,41400,8.445539,12.654612,276.2431,5.56,-1.646,M3III,1.608,396.6431879468582
41333,41451,8.45466,-70.093482,85.6898,5.51,0.845,A0V,-0.024,39.99447497610976
41365,41483,8.46017,-53.08848,61.0501,5.08,1.152,A9/F0III/IV,0.256,30.14393884279467
41397,41515,8.466506,-35.113761,284.9003,5.75,-1.523,B2V,-0.151,354.16040042646176
41460,41578,8.477039,14.210822,105.2632,5.94,0.829,A5V,0.201,40.58821946619183
41498,41616,8.484654,-47.928923,653.5948,5.33,-3.747,B2IV,-0.14,2746.6289924159587
41503,41621,8.485436,-44.160413,438.5965,5.82,-2.39,B2V,-0.16,787.0457896950993
41521,41639,8.490968,-44.724812,800.0,5.03,-4.485,B+...,-0.168,5420.008904016244
41556,41674,8.496011,-46.331693,176.6784,5.98,-0.256,B7IV,-0.127,110.25543321022239
41558,41676,8.496182,67.297441,98.0392,5.89,0.933,G8III,0.972,36.880771722615435
41586,41704,8.504431,60.718169,54.9149,3.35,-0.348,G4II-III,0.856,120.00518202042646
41605,41723,8.507948,-32.159285,323.6246,5.61,-1.94,K3III,1.509,519.9959965335157
41697,41816,8.525145,24.081105,76.6284,5.71,1.288,F0IIIn,0.327,26.595000327215175
41699,41817,8.525257,-19.577462,105.8201,5.42,0.297,B9.5IV/V,-0.061,66.25215359025829
41704,41822,8.526592,18.09442,127.2265,5.33,-0.193,K5III,1.567,104.03991770513517
41743,41861,8.534712,-53.21192,229.8851,5.68,-1.128,G8III+...,0.582,246.15009062337666
41790,41909,8.545139,20.441162,91.4913,5.33,0.523,K3III,1.252,53.80219571891124
41816,41935,8.54861,38.016368,74.7943,5.88,1.511,K2III,1.106,21.65708494710074
41882,42001,8.560676,-38.848815,255.7545,5.92,-1.119,B5III,-0.114,244.11811060548894
41889,42008,8.562077,4.757,505.0505,5.89,-2.627,G5III,1.066,979.0390174480517
41909,42028,8.567116,-2.151555,90.3342,5.8,1.021,A1V,0.007,34.00948065121909
41961,42080,8.576711,65.14517,46.7508,5.47,2.121,A2m,0.207,12.348096078586025
41969,42088,8.578778,-49.944203,260.4167,5.01,-2.068,K1/K2II,1.304,585.0594519500057
41970,42090,8.578858,36.419619,108.8139,5.76,0.577,A2Vnn,0.051,51.1917527999711
42010,42129,8.587658,-58.224735,274.7253,5.27,-1.924,B3V+...,-0.133,512.3892386646796
42015,42134,8.5888,-58.009228,68.0735,4.84,0.675,K0III,0.981,46.77351412871981
42027,42146,8.591166,-7.982292,92.8505,5.72,0.881,A1spe...,-0.004,38.69011316551085
42028,42147,8.591307,-26.843487,179.5332,5.95,-0.321,A1V+...,0.393,117.05770359631377
42053,42172,8.597493,6.62022,25.1256,5.91,3.909,F8V,0.53,2.3790304458806246
42058,42177,8.597787,-50.969651,136.7989,5.79,0.11,B8 Si,-0.132,78.70457896950985
42146,42265,8.61827,9.65558,149.7006,5.92,0.044,A3V,0.083,83.63729915840261
42168,42286,8.6219,-62.853465,103.6269,5.45,0.373,K0III,1.013,61.773185859152
42193,42312,8.627399,-42.989081,558.6592,4.11,-4.626,A6II,0.109,6171.631684555837
42195,42313,8.627602,5.703782,49.1642,4.14,0.682,A1Vnn,0.003,46.472924167620356
42215,42334,8.631154,-26.255,71.0732,5.24,0.981,A0V,-0.03,35.2858025828527
42246,42365,8.638607,32.802021,124.6883,5.96,0.481,K2III:,1.111,55.924228304090015
42253,42372,8.639504,53.401539,81.6993,5.66,1.099,G8IV,0.964,31.651915672262646
42283,42402,8.645955,3.341435,114.2857,4.45,-0.84,K2III,1.216,188.79913490962926
42306,42425,8.651428,-70.386745,73.6377,5.19,0.854,A0V,0.013,39.66431879468582
42311,42430,8.652198,-22.661875,19.3986,5.05,3.611,G3/G5V,0.72,3.1304011900962374
42319,42438,8.653257,65.020907,14.3554,5.63,4.845,G1.5Vb,0.618,1.004615790278395
42333,42452,8.654898,52.711623,160.0,5.91,-0.111,K1III:,1.167,96.47171518961676
42341,42459,8.656626,-53.439767,136.4256,5.45,-0.224,B5V,-0.132,107.05328538333617
42364,42483,8.661799,-29.561084,74.9064,4.86,0.487,G5III,0.9,55.61603195975923
42385,42504,8.666002,-53.054729,135.6852,5.18,-0.483,B4IV,-0.147,135.89391171008015
42390,42509,8.667076,-12.475372,119.0476,4.98,-0.399,K3III,1.415,125.77664324512543
42396,42515,8.668373,-35.308352,127.551,3.97,-1.558,G5II/III,0.936,365.76319300945227
42408,42527,8.67024,64.327936,78.4929,4.59,0.116,K2III,1.179,78.2708409590612
42415,42535,8.671521,-53.015398,147.2754,5.56,-0.281,B7Vn,-0.125,112.82361216489925
42416,42536,8.671554,-52.921887,151.2859,3.6,-2.299,B3IV,-0.168,723.7690370745288
42421,42540,8.671996,-40.263875,85.6164,5.2,0.537,Ap (SiCr),-0.027,53.11289818550132
42445,42564,8.676461,-45.191103,295.858,5.67,-1.685,M0III,1.664,411.14972110452254
42449,42568,8.676953,-59.761003,442.4779,4.31,-3.919,B1.5III,-0.117,3218.103443093442
42452,42570,8.677103,-46.648744,100000.0,3.77,-16.23,F3Ia,0.67,270395836.4108846
42485,42604,8.683629,45.83401,55.2792,5.35,1.637,G0IV,0.993,19.28412775639426
42495,42614,8.684812,-48.92268,606.0606,5.9,-3.013,B1.5V,-0.186,1397.011560541224
42505,42624,8.686982,-47.317125,781.25,4.74,-4.724,A5II,0.137,6754.605666335012
42518,42637,8.688773,-78.963359,94.9668,5.46,0.572,B9IV,-0.101,51.42804319487918
42543,42662,8.695371,-15.943384,64.9351,4.87,0.808,K0IIICN...,1.063,41.38090648167254
42560,42679,8.699142,-45.410714,100000.0,5.2,-14.8,B5Iab,0.171,72443596.0074989
42593,42712,8.704498,-48.09909,100000.0,5.48,-14.52,B1.5Vn,-0.172,55975760.14951093
42596,42715,8.705278,-53.100056,153.1394,5.49,-0.435,B8...,-0.127,130.01695780332912
42607,42726,8.707054,-53.113984,148.5884,4.83,-1.03,B3IV,-0.173,224.90546058357805
42676,42795,8.720091,12.680876,284.0909,5.62,-1.647,A3V+...,0.435,397.0086781121842
42680,42799,8.72041,3.398662,179.8561,4.3,-1.975,B3V...,-0.192,537.0317963702527
42687,42806,8.721431,21.468501,55.5556,4.66,0.936,A1IV,0.01,36.77900704223862
42709,42828,8.726539,-33.186385,269.5418,3.68,-3.473,B1.5III,-0.18,2134.027442848977
42715,42834,8.727854,-49.822802,568.1818,5.15,-3.622,B0IIIn,-0.197,2447.9356661960655
42716,42835,8.727882,-7.23373,235.8491,4.63,-2.233,G2Ib,0.84,681.0829367676388
42765,42884,8.739987,-42.649276,70.1754,4.05,-0.181,G5III,0.874,102.89635722967539
42792,42911,8.74475,18.154309,40.032,3.94,0.928,K0III,1.083,37.05100563019239
42794,42913,8.745059,-54.708821,24.6975,1.93,-0.033,A1V,0.043,89.78421709097269
42798,42917,8.745844,10.08167,129.7017,5.63,0.065,A1p...,-0.069,82.03515443298177
42804,42923,8.747758,-37.147249,485.4369,5.74,-2.691,B2III,-0.139,1038.484455008274
42893,43012,8.765339,-79.504373,152.9052,5.79,-0.132,K5III,1.595,98.35580562269574
42904,43023,8.767124,-46.041527,568.1818,3.87,-4.902,A1III,0.015,7957.927898970918
42907,43026,8.767354,-2.048655,92.5926,5.7,0.867,K0III:,1.097,39.192232245497664
42948,43067,8.772927,-13.54772,75.1315,4.32,-0.059,G8III,0.9,91.96021966586174
42963,43082,8.775152,-45.912504,100000.0,5.43,-14.57,B3Ia,0.238,58613816.45140297
42984,43103,8.778284,28.759898,101.5228,4.03,-1.003,G8Iab:,1.007,219.38149918979101
42986,43105,8.778487,-56.769776,185.5288,4.5,-1.842,B3Vne,-0.169,475.1163763775616
42990,43109,8.779587,6.418809,39.6354,3.38,0.39,G0III-IV,0.685,60.81350012787179
43002,43121,8.782227,12.109952,53.9665,5.89,2.229,A1V,0.12,11.178923907117436
43023,43142,8.787496,-1.897033,123.1527,5.28,-0.172,A3V,0.058,102.04694319421989
43029,43148,8.788568,-46.155415,100000.0,5.71,-14.29,F0Ib,0.554,45289757.99036214
43113,43234,8.807214,5.837812,108.5776,4.35,-0.829,A0Vn,-0.044,186.89599716514905
43184,43305,8.822702,-3.443023,138.1215,5.3,-0.401,B9MNp...,-0.08,126.0085459088238
43204,43325,8.827545,-40.320158,387.5969,5.47,-2.472,A2/A3IV,0.066,848.7895030072438
43224,43347,8.8299,-45.307875,340.1361,4.94,-2.718,A2III,0.043,1064.6331870513125
43229,43352,8.830972,-32.780525,68.6342,5.19,1.007,G8III,0.876,34.450854628657915
43247,43370,8.833953,-29.462997,230.4147,5.86,-0.953,G8III,0.948,209.50770523651806
43269,43392,8.839172,-42.089791,769.2308,6.0,-3.43,O9V,-0.114,2051.1621788255648
43286,43409,8.842204,-27.709844,63.5728,4.02,0.004,K3III,1.272,86.77607449911467
43290,43413,8.842628,-46.529187,100000.0,5.09,-14.91,B0III,-0.205,80167806.3387679
43291,43414,8.842982,-66.792981,51.9211,5.34,1.763,F5IV,0.423,17.171174432444527
43373,43496,8.859559,-7.177226,136.7989,5.55,-0.13,A4m,0.15,98.17479430199843
43376,43499,8.860145,-57.633577,226.2443,5.59,-1.183,B8III,-0.102,258.9405105739233
43408,43531,8.865787,43.726603,81.2348,5.15,0.601,K0III,0.971,50.072583564033515
43427,43550,8.869453,42.002735,161.5509,5.98,-0.062,K0III,1.251,92.21466651242643
43430,43553,8.869936,45.312819,164.7446,5.96,-0.124,K0III,1.233,97.63375665826416
43461,43584,8.876284,32.474157,64.4745,5.67,1.623,A8Vms,0.224,19.53439656398256
43464,43587,8.876625,28.330819,12.3411,5.96,5.503,G8V,0.869,0.5480245321768503
43466,43589,8.877391,-48.359097,318.4713,5.92,-1.595,B3Vn,-0.148,378.44258471709315
43480,43603,8.880005,-38.724086,214.1328,5.79,-0.863,K5/M0III,1.508,192.8412775639425
43521,43644,8.889601,61.962268,88.8099,5.72,0.978,F2III,0.305,35.383435681472214
43546,43669,8.896851,-60.353909,440.5286,5.78,-2.44,B5III,-0.088,824.1381150130021
43548,43671,8.897388,-47.520778,77.2798,5.31,0.87,Am,0.275,39.08408957924019
43597,43721,8.904091,30.579115,141.4427,5.4,-0.353,G7III,1.05,120.55910077295344
43659,43783,8.917457,-60.644609,98.0392,3.84,-1.117,B8III,-0.104,243.6688423459584
43673,43797,8.919936,-54.965768,24.1546,5.7,3.785,F6V,0.481,2.6668586645214787
43674,43798,8.920119,-18.241189,136.7989,5.75,0.07,K2/K3III,1.327,81.65823713585922
43689,43813,8.92323,5.945563,51.2558,3.11,-0.439,G8III-IV,0.978,130.49684141302234
43700,43825,8.925434,-27.681871,75.815,4.87,0.471,A3IV,0.142,56.441688817514226
43709,43834,8.927689,27.927481,149.2537,5.23,-0.64,G8II-III,1.0,157.03628043335516
43726,43851,8.932097,11.626023,213.2196,5.44,-1.204,K5III,1.462,263.99761293548084
43754,43878,8.938686,-52.723475,108.3424,4.68,-0.494,B5V,-0.115,137.27770182085484
43769,43894,8.941814,40.201474,72.2022,5.9,1.607,F3III,0.378,19.824397628726402
43774,43899,8.942813,-16.708748,221.7295,5.95,-0.779,K3III,1.544,178.48429164980067
43778,43903,8.943741,64.603831,94.0734,5.57,0.703,G6III,0.877,45.58269515401941
43783,43908,8.944949,-85.663152,49.7512,5.43,1.946,F0III,0.306,14.507747890889114
43798,43923,8.947218,45.631646,70.7214,5.72,1.472,K1IV,1.125,22.4491550756959
43807,43932,8.949056,32.91043,59.5593,5.44,1.565,A7IV,0.181,20.606299132700006
43812,43937,8.949562,-59.229338,206.6116,4.93,-1.646,B2IV-V,-0.182,396.6431879468582
43844,43970,8.954152,15.322762,45.7247,5.22,1.919,A5III,0.149,14.873048700465302
43876,44001,8.959777,15.581281,46.1255,5.68,2.36,F0IV,0.209,9.908319448927676
43898,44024,8.965434,-48.57291,317.4603,5.88,-1.628,G8/K0II,1.06,390.12160295267597
43939,44066,8.974784,11.857701,57.7367,4.26,0.453,A5m,0.141,57.385213267461886
43948,44075,8.978869,-16.132727,21.0349,5.8,4.185,F7/F8IV/V,0.521,1.8450154191794736
43966,44093,8.981216,-47.234688,68.918,5.17,0.978,Am,0.268,35.383435681472214
44000,44127,8.986828,48.041826,14.5096,3.12,2.312,A7IV,0.223,10.356189770449859
44016,44143,8.990078,-59.083712,26.4201,5.17,3.06,F3V,0.417,5.199959965335158
44027,44154,8.992405,32.418559,90.6618,5.23,0.443,G9III,0.913,57.91619210831198
44064,44191,9.001505,-41.253605,64.5161,4.45,0.402,Fp,0.646,60.14506519775483
44120,44248,9.010685,41.782911,16.0694,3.96,2.93,F5V,0.463,5.861381645140285
44128,44256,9.012707,-60.963828,401.6064,5.8,-2.219,G8II,1.211,672.3571072343188
44155,44283,9.019027,-68.683916,216.9197,5.89,-0.791,M1III,1.634,180.46791465567227
44171,44299,9.022462,-41.864254,131.5789,5.56,-0.036,B5V,-0.135,90.0326431059722
44179,44307,9.023369,32.252296,143.0615,5.89,0.112,A2V,0.088,78.55973322609896
44209,44337,9.029046,-52.188685,112.9944,5.23,-0.035,Ap Si,-0.12,89.94975815300351
44228,44356,9.032774,-0.482673,150.3759,5.64,-0.246,K0III,1.163,109.24460532267929
44254,44382,9.040777,-66.396076,38.2995,4.0,1.084,Am,0.145,32.09223768048434
44262,44390,9.04242,67.629619,96.432,4.74,-0.181,M3III,1.542,102.89635722967539
44277,44405,9.045629,24.452915,120.3369,5.45,0.048,A0III,-0.041,83.32973486343164
44278,44406,9.045783,7.298267,194.1748,5.85,-0.591,K3III:,1.1,150.10667325703693
44343,44471,9.060427,47.156525,109.8901,3.57,-1.635,A1Vn,0.007,392.6449353995997
44376,44504,9.066778,54.283887,119.6172,5.74,0.351,A2V,0.034,63.03764788294872
44383,44511,9.069248,-47.097737,91.8274,3.75,-1.065,K2III,1.174,232.2736796357105
44471,44599,9.085785,-72.602705,122.8501,4.47,-0.977,F6II-III,0.607,214.1903990722123
44485,44613,9.090028,48.530314,97.0874,5.48,0.544,F6II-III,0.475,52.77156817648117
44498,44626,9.093994,-70.538497,296.7359,4.66,-2.702,B2IVe,-0.149,1049.0592077764447
44531,44659,9.099546,5.092316,274.7253,4.99,-2.204,K2II-III,1.189,663.1320218835529
44572,44700,9.108825,38.452215,250.6266,4.56,-2.435,G8Ib-II,1.037,820.3515443298185
44670,44798,9.129115,10.668191,162.8664,5.23,-0.829,B8IIIMNp,-0.092,186.89599716514905
44689,44816,9.133268,-43.432589,166.9449,2.23,-3.883,K4Ib-II,1.665,3113.149665447025
44690,44818,9.133348,29.654235,83.8926,5.42,0.801,G8III,0.888,41.648560934074126
44696,44824,9.134133,-25.858536,171.8213,4.62,-1.555,K4/K5III,1.594,364.75394692560764
44728,44857,9.139867,66.873235,159.7444,5.15,-0.867,K5III,1.514,193.55304139797437
44755,44883,9.14505,-8.589524,188.3239,5.6,-0.775,B9.5III,-0.057,177.82794100389228
44764,44892,9.146483,26.629112,31.0078,5.95,3.493,G5IV,0.654,3.489795674378744
44769,44897,9.147526,33.882217,19.1902,5.95,4.535,F9V,0.585,1.3365955165464416
44773,44901,9.147863,51.604648,28.8184,4.46,2.162,Am,0.288,11.890496789850978
44795,44923,9.15117,-18.328548,83.682,5.73,1.117,A0/A1V,0.0,31.13149665447022
44808,44936,9.153198,-12.357706,138.8889,5.76,0.047,G6III,0.937,83.4065197408663
44819,44946,9.155982,22.045446,114.4165,5.16,-0.132,K0III,0.97,98.35580562269574
44833,44961,9.15988,-8.787648,147.7105,5.47,-0.377,G8II,1.002,123.25370982033444
44872,45001,9.16567,-30.365401,64.9773,5.59,1.526,A4IV,0.179,21.35993860189796
44910,45038,9.173204,67.134018,20.3791,4.8,3.254,F7IV-V,0.489,4.349106072324534
44947,45075,9.181941,63.513633,38.7297,4.67,1.73,Am,0.381,17.701089583174213
44952,45080,9.182804,-58.966896,136.9863,3.43,-2.253,B2IV,-0.19,693.7452139421235
44957,45085,9.184556,-44.867902,100000.0,4.99,-15.01,B5Ia,0.222,87902251.68308842
44972,45101,9.187985,-62.316977,166.3894,3.96,-2.146,B3IV,-0.18,628.6370884130498
44992,45122,9.192607,-46.583911,304.878,5.78,-1.641,B2IV-V,-0.218,394.82077803788275
45028,45158,9.19965,-19.747628,93.1966,5.72,0.873,G8III,0.977,38.976245309771954
45058,45189,9.20848,-43.613262,212.3142,5.56,-1.075,B8V,-0.107,234.42288153199226
45087,45219,9.215452,-59.413928,145.1379,5.54,-0.269,G6II,0.846,111.5835052288668
45106,45238,9.220041,-69.717208,34.6981,1.67,-1.032,A2IV,0.07,225.32013356294826
45138,45270,9.226239,-47.338407,156.25,5.92,-0.049,B9V,-0.051,91.11712330429192
45158,45290,9.230059,43.217825,178.2531,5.3,-0.955,B8IIIMNp,-0.13,209.89398836235245
45182,45314,9.235615,-44.145822,161.2903,5.85,-0.188,B6IV,-0.113,103.56189770449855
45196,45328,9.238335,-55.569629,196.0784,5.26,-1.202,G8II/III,0.98,263.511758986384
45201,45333,9.239041,61.423318,19.5695,5.18,3.722,F9V,0.605,2.826181179810157
45204,45336,9.239405,2.31428,34.7947,3.89,1.182,B9.5V,-0.06,29.322432823031154
45212,45344,9.240136,-43.227493,187.6173,5.24,-1.126,B4V+...,-0.137,245.6970827636836
45255,45386,9.249213,-37.602396,196.8504,5.85,-0.621,K0/K1III+..,0.827,154.31210656577923
45279,45410,9.253848,14.941507,186.2197,5.36,-0.99,K1III,1.319,216.7704104819694
45281,45412,9.253963,34.633516,130.039,5.98,0.41,G6III,0.839,59.70352865838366
45308,45439,9.2602,-38.569942,68.8705,4.92,0.73,K1III,1.084,44.46312674691084
45317,45448,9.262522,-37.413144,50.4796,4.63,1.114,F3/F5V,0.473,31.21763510848165
45324,45455,9.263832,56.741406,220.7506,5.28,-1.44,K5III,1.568,328.09529311311906
45330,45461,9.264639,72.946326,88.1057,5.93,1.205,F0III,0.179,28.707805820246907
45363,45493,9.269808,54.021857,35.8423,4.8,2.028,A5V,0.199,13.452407051486322
45365,45496,9.270024,-57.541473,149.7006,4.34,-1.536,M1III,1.602,358.4264080437143
45374,45505,9.273066,-44.265735,100000.0,5.12,-14.88,K3Ib,1.636,77983011.05232593
45395,45526,9.278158,-8.744759,207.4689,5.49,-1.095,B9III,-0.081,238.78112829131757
45396,45527,9.27826,-6.353144,75.2445,5.24,0.858,K2III,1.172,39.518458892843654
45413,45544,9.282523,-39.401539,105.8201,5.31,0.187,K2III,1.166,73.31620890272109
45425,45556,9.284838,-59.275229,234.7418,2.21,-4.643,A8Ib,0.189,6269.024974761646
45428,45559,9.285478,-14.574069,110.6195,5.83,0.611,K0III,1.049,49.61351535855695
45440,45571,9.288149,-68.689642,32.6371,5.38,2.811,F4V,0.415,6.540335094488948
45450,45581,9.290334,-74.894313,107.5269,5.28,0.122,A1V,0.021,77.8394932626726
45454,45585,9.291005,-74.734591,81.9672,5.86,1.292,A0V,-0.024,26.497200988789636
45460,45590,9.291993,46.817228,130.3781,5.96,0.384,A1V,0.063,61.15049825170284
45500,45631,9.301633,-51.050859,134.2282,5.26,-0.379,B7/B8III,-0.062,123.48096078586018
45529,45661,9.307199,35.36408,86.9565,5.94,1.243,A8V,0.177,27.72043237577702
45544,45675,9.311766,-51.560651,100000.0,5.83,-14.17,B7Iab,0.474,40550853.544838436
45557,45688,9.314069,36.802597,38.2702,3.82,0.906,A1V,0.066,37.80941866832965
45612,45743,9.32587,-15.834663,138.5042,5.79,0.083,K1/K2III,1.285,80.68633703638186
45620,45751,9.329551,-11.974853,103.3058,4.77,-0.301,G8III,0.927,114.92115972032407
45679,45811,9.341394,-9.555695,68.2128,4.8,0.631,F5V+...,0.913,48.70796664925366
45724,45856,9.349117,-62.404632,71.6332,4.79,0.514,G6III,0.926,54.250032163115016
45728,45860,9.350925,34.392562,62.2665,3.14,-0.831,M0IIIvar,1.55,187.24058959867978
45770,45902,9.35822,-25.965439,154.0832,4.71,-1.229,M0III,1.633,270.14690729572465
45783,45915,9.362026,56.699219,230.4147,5.79,-1.023,M4IIIa,1.511,223.46010577312214
45788,45920,9.363909,-55.514686,81.1688,5.61,1.063,A3IVs...,0.19,32.71899836231792
45792,45924,9.36416,-42.19486,176.0563,5.56,-0.668,M3Ib,1.637,161.13875357200024
45809,45941,9.368562,-55.010668,175.4386,2.47,-3.751,B2IV,-0.141,2756.7666102901003
45830,45962,9.373331,-46.047445,162.8664,5.74,-0.319,G6/G8III,0.903,116.84227381673325
45894,46026,9.386739,-28.833873,58.8928,4.71,0.86,G8III,0.892,39.44573020752785
45969,46101,9.401526,-61.648902,110.9878,5.99,0.764,K0III,1.06,43.09233228186263
45975,46107,9.40268,-80.786876,58.1395,5.34,1.518,F3/F5IV,0.454,21.517905703397542
46014,46146,9.410906,26.182324,61.7284,4.47,0.518,K2III,1.222,54.0505353708669
46088,46221,9.423343,-5.117394,275.4821,5.6,-1.6,K5III,1.523,380.1893963205613
46093,46225,9.424253,-61.950476,77.3994,5.77,1.326,A4V+...,0.137,25.680294506673494
46150,46283,9.438324,-53.378909,131.5789,5.09,-0.506,B6V,-0.102,138.8033666567234
46226,46358,9.451788,-71.601895,61.8812,5.46,1.502,K2III,1.079,21.837353276021748
46239,46371,9.45511,-22.343783,48.0077,4.72,1.313,K1III,1.154,25.989624211086646
46259,46390,9.45979,-8.658603,55.2792,1.99,-1.723,K3III,1.44,425.7944535825967
46272,46404,9.462995,-6.071187,30.4136,5.38,2.965,G2V,0.642,5.675446054085471
46322,46454,9.474278,9.056778,33.1675,5.4,2.796,F9V,0.605,6.631320218835524
46325,46457,9.474771,8.188298,124.2236,5.72,0.249,K0III,1.045,69.24684643226364
46328,46460,9.47516,-66.701877,77.6398,5.9,1.45,A0V,0.012,22.908676527677724
46339,46471,9.477775,45.601483,85.8369,5.4,0.732,K0III-IV,0.993,44.38129803081385
46350,46482,9.479763,-62.273134,154.0832,5.91,-0.029,K1III,1.102,89.45404837788688
46376,46509,9.485805,-2.768964,17.334,4.59,3.396,F6V,0.411,3.815926491189337
46378,46511,9.486845,-20.749127,364.9635,5.66,-2.151,K4/K5III,1.587,631.538745374385
46382,46515,9.487423,-35.951335,217.8649,4.51,-2.181,K3III,1.408,649.2321231432136
46445,46578,9.498474,-26.589616,242.1308,5.49,-1.43,K2IIICNII,1.345,325.0872973854344
46461,46594,9.501421,-51.517164,132.626,5.45,-0.163,B8V,-0.078,101.20454110965416
46485,46618,9.506246,-15.577352,73.0994,5.86,1.54,K2III,1.193,21.086281499332888
46487,46620,9.50651,-58.361839,296.7359,5.88,-1.482,M2III,1.676,341.03582265334927
46518,46651,9.511674,-40.466769,18.8147,3.6,2.228,F2IV,0.371,11.189224819552425
46519,46652,9.512006,33.655711,153.8462,5.87,-0.065,G8III:,1.032,92.4698173938222
46524,46657,9.512804,-31.889222,124.3781,5.75,0.276,A0,0.066,67.54605666335011
46568,46701,9.520371,-57.034377,73.2601,3.16,-1.164,K5III,1.538,254.4485615146634
46600,46733,9.525453,63.061861,23.8152,3.65,1.766,F0IV,0.36,17.123794212449283
46601,46734,9.525601,-31.871831,117.6471,5.91,0.557,A9IV,0.258,52.14347854144576
46602,46735,9.525671,35.103273,147.0588,5.39,-0.447,M1III,1.543,131.46192882160844
46603,46736,9.52584,-35.71475,85.5432,5.86,1.199,K3III,1.287,28.866890179482727
46608,46741,9.526752,-73.080913,242.1308,5.46,-1.46,K4III,1.556,334.19504002611427
46617,46750,9.528675,22.967971,100.9082,4.32,-0.7,K5IIIvar,1.541,165.95869074375614
46637,46771,9.532428,11.299827,66.0939,4.99,0.889,K0IIIvar,1.046,38.40608157258116
46641,46774,9.53266,9.715767,153.1394,5.07,-0.855,K3III,1.364,191.4255925021086
46643,46776,9.533036,-1.184664,158.7302,4.54,-1.463,A3V,0.109,335.11973196770776
46678,46811,9.538688,-40.649335,129.8701,5.35,-0.218,G8III,0.897,106.46331870513124
46680,46813,9.539003,-19.400303,115.6069,5.74,0.425,A4III,0.135,58.8843655355589
46720,46853,9.547715,51.6773,13.4789,3.17,2.522,F6IV,0.475,8.534930716135483
46726,46859,9.548826,-13.516804,226.7574,5.95,-0.828,K4III,1.501,186.72393883829483
46747,46880,9.553461,-21.115722,111.1111,5.02,-0.209,K0III,1.023,105.58445924300793
46764,46897,9.557237,-22.863883,80.2568,5.92,1.398,B9.5V,0.023,24.032558049332426
46780,46914,9.562374,-49.005072,254.4529,5.12,-1.908,B4IV,-0.114,504.89375620115544
46795,46928,9.564857,-80.941258,175.4386,5.07,-1.151,B5V,-0.139,251.42010301590201
46817,46950,9.56911,-51.255266,277.0083,5.01,-2.202,B1.5IV,-0.18,661.9116119411212
46819,46952,9.570384,36.397558,56.7215,4.54,0.771,G8III,0.914,42.81539943374175
46841,46974,9.574071,-59.229753,406.5041,4.08,-3.965,B5II,-0.013,3357.3761424295453
46844,46977,9.574703,69.830343,31.9285,4.54,2.019,G4III-IV,0.781,13.564381629092681
46849,46982,9.575736,-5.914948,173.6111,5.56,-0.638,K1III,1.159,156.74727518004374
46873,47006,9.580405,52.051477,80.3859,4.47,-0.056,A2V,0.027,91.70647491149319
46880,47013,9.581508,72.205679,49.0918,5.77,2.315,F7V,0.53,10.327614057613975
46896,47029,9.584399,39.621493,66.0502,4.81,0.711,K0III,0.992,45.24806378555482
46945,47080,9.594334,35.810133,11.3688,5.4,5.121,G8IV-V,0.77,0.7791121911130922
47035,47168,9.611903,31.161734,175.4386,5.57,-0.651,M2III,1.594,158.6353605478501
47042,47175,9.613772,-49.355026,32.3206,4.34,1.793,A5V,0.173,16.70321225815042
47054,47187,9.616725,-25.296759,95.511,5.68,0.78,K0III,1.116,42.46195639463128
47056,47189,9.617384,16.437952,355.8719,5.73,-2.026,K1III,1.223,562.8594992827295
47060,47193,9.618151,81.326382,304.878,4.28,-3.141,K3III,1.488,1571.8098282039189
47066,47199,9.619413,-32.178646,85.7633,5.62,0.953,K1III,1.023,36.20762177566731
47071,47204,9.620184,-53.668508,71.5308,5.44,1.168,A2/A3V,0.137,29.70297844017863
47072,47205,9.620185,6.835802,75.3012,5.0,0.616,K1IIIvar,1.051,49.38556196176077
47091,47224,9.624557,-36.095994,110.1322,5.96,0.75,K2III,1.118,43.65158322401658
47134,47267,9.633736,-43.190944,145.5604,5.51,-0.305,G8II,0.985,115.34532578210919
47167,47300,9.639383,40.239793,37.5799,5.28,2.405,F0V,0.223,9.50604793656281
47177,47310,9.640913,4.649293,90.5797,4.68,-0.105,K3III,1.31,95.94006315159336
47257,47391,9.655839,-61.32806,69.2042,4.51,0.309,B9V,-0.07,65.5239394015981
47267,47401,9.65775,67.27223,154.0832,5.96,0.021,K5,1.528,85.42795299048483
47297,47431,9.664267,-1.14281,80.7103,3.9,-0.635,K3IIIvar,1.313,156.3147642640954
47318,47452,9.671768,-14.332292,133.6898,5.07,-0.56,B4IV/V,-0.149,145.8814260275349
47345,47479,9.678494,-57.983553,72.5689,5.3,0.996,A3IV,0.195,34.801663221500384
47363,47498,9.68393,-57.259542,112.8668,5.8,0.537,K0/K1III,1.083,53.11289818550132
47373,47508,9.685843,9.892308,39.9521,3.52,0.512,A5V+...,0.516,54.35005651294466
47387,47522,9.688058,-23.591514,155.2795,4.76,-1.196,B5V,-0.117,262.05955547333485
47409,47544,9.693087,31.277817,236.9668,5.9,-0.973,K6III,1.579,213.4027442848975
47424,47559,9.696648,-55.213762,574.7126,5.99,-2.807,B4V,-0.119,1155.5799554021294
47435,47570,9.700098,39.757851,106.4963,5.61,0.473,G8III,0.951,56.33781508509383
47457,47592,9.704011,-23.915569,15.0128,4.93,4.048,G0V,0.534,2.0931483034474474
47458,47594,9.704137,69.237537,151.2859,5.72,-0.179,G9III:,1.131,102.70698960262818
47519,47654,9.715895,72.252618,146.6276,5.15,-0.681,K0III,1.029,163.07973610235945
47566,47701,9.725906,29.974473,49.0196,5.64,2.188,A2IV,0.111,11.609138701261816
47582,47717,9.728406,-53.891282,105.1525,5.56,0.451,A0V,-0.042,57.49101815675037
47588,47723,9.728862,14.021692,187.2659,5.36,-1.002,M2III,1.61,219.1795343844129
47623,47758,9.736694,-27.769471,104.0583,4.78,-0.306,A7V+...,0.516,115.45161169214299
47719,47854,9.754117,-62.507903,478.4689,3.69,-4.709,G5Iab/Ib,1.01,6661.929002234552
47772,47908,9.764188,23.774255,75.643,2.97,-1.424,G0II,0.808,323.2957533680941
47807,47943,9.769457,6.708556,602.4096,5.8,-3.099,M1III,1.639,1512.167848791768
47820,47956,9.772352,-76.77612,56.5291,5.43,1.669,G8III,0.901,18.72405895986799
47823,47959,9.773147,11.810043,156.9859,5.67,-0.309,K4III,1.489,115.7710574115271
47824,47960,9.773225,1.785586,80.5802,5.65,1.119,F4IV,0.342,31.07420310388586
47827,47963,9.775104,-44.75506,305.8104,5.58,-1.847,B2.5IV,-0.176,477.3094139287512
47829,47965,9.775462,57.12807,169.4915,5.09,-1.056,M3III,1.594,230.35625001175353
47866,48002,9.785036,-65.072007,440.5286,2.92,-5.3,A9,0.273,11481.536214968817
47977,48113,9.80981,46.021008,18.3688,5.08,3.76,G2V,0.619,2.7289777828080406
48055,48191,9.824471,-37.186765,124.0695,5.95,0.482,K2III,1.245,55.872743899402
48088,48224,9.832541,-45.732736,258.3979,5.09,-1.971,B7III,-0.098,535.0569381731373
48151,48287,9.844985,-46.933923,176.9912,5.72,-0.52,K0IIICN...,1.085,140.60475241299127
48173,48310,9.848775,-62.745116,334.4482,5.56,-2.062,K1IIICN...,1.316,581.835211048072
48182,48319,9.849867,59.038735,35.6379,3.78,1.02,F0IV,0.291,34.04081897010009
48202,48339,9.853347,-59.425774,236.4066,5.79,-1.078,K2IIICNp...,1.354,235.07151159382903
48211,48348,9.855481,-46.193871,99.108,5.62,0.639,K2III,1.166,48.35039205916212
48219,48356,9.85797,-14.846603,80.9061,4.11,-0.43,G6/G8III,0.918,129.4195841449985
48237,48374,9.861298,-46.54762,323.6246,4.58,-2.97,G5Ib,1.172,1342.7649611378642
48253,48390,9.864732,24.395369,41.4594,5.29,2.202,A5IV,0.229,11.460405911366024
48265,48402,9.868433,54.064332,156.0062,4.55,-1.416,A3IV,0.038,320.92237680484357
48300,48437,9.875121,-8.10503,85.1064,5.07,0.42,A2V,0.038,59.1561634175474
48318,48455,9.879398,26.006951,38.0518,3.88,0.978,K0III,1.222,35.383435681472214
48382,48519,9.895257,5.958573,284.9003,5.9,-1.373,M2III,1.662,308.4608137757144
48390,48527,9.897251,-51.146713,704.2254,5.95,-3.289,B2V,-0.152,1801.3578646691399
48422,48559,9.903425,-25.932345,104.8218,4.87,-0.232,K2III,1.199,107.84499632938316
48427,48561,9.904905,-45.283516,305.8104,5.72,-1.707,B+...,-0.114,419.5657223387252
48476,48613,9.914234,-50.243959,92.8505,5.71,0.871,A0V,0.006,39.048108374925356
48478,48615,9.914503,-19.00936,188.3239,4.94,-1.435,K5III,1.559,326.587832172336
48543,48682,9.928612,49.819843,63.7755,5.27,1.247,A3III,0.086,27.61849442075293
48595,48734,9.940549,8.933157,177.6199,5.85,-0.397,K2III:,1.129,125.54516736871392
48609,48748,9.943192,-33.418496,157.4803,5.83,-0.156,K1III,1.202,100.55415018560426
48635,48774,9.947708,-54.56779,487.8049,3.52,-4.921,B5Ib,-0.067,8098.41447325789
48663,48802,9.953776,57.418196,145.5604,5.97,0.155,G8III,0.895,75.50922276654337
48693,48833,9.96141,41.055633,28.1452,5.11,2.863,F6Vs,0.481,6.2344766110500585
48743,48883,9.970382,12.4448,153.1394,5.26,-0.665,B9IV,-0.035,160.69412530128773
48753,48893,9.973019,72.879509,110.4972,5.86,0.643,K3III:,1.155,48.17259035591632
48786,48926,9.981191,-35.890973,33.3111,5.23,2.617,A8IV,0.3,7.819878403894963
48842,48982,9.993395,29.645233,105.1525,5.75,0.641,G9III:,1.059,48.261409326852096
48865,49005,9.997695,56.811807,153.3742,5.5,-0.429,K5III,1.487,129.30043917962797
48889,49029,10.003557,8.044223,124.533,4.68,-0.796,M2III,1.589,181.30091670170208
48925,49065,10.012191,-82.21467,115.0748,5.53,0.225,A0IV,0.035,70.79457843841381
48941,49081,10.016864,31.923672,15.0466,5.37,4.483,G1V,0.676,1.4021678337057588
49024,49164,10.033361,-60.42089,100000.0,5.93,-14.07,A9IV,0.263,36982817.97802674
49080,49220,10.046931,21.949258,289.0173,5.68,-1.625,B2.5IV,-0.178,389.04514499428046
49199,49339,10.072486,-24.285534,70.1754,5.7,1.469,F0V,0.303,22.511270159128795
49222,49363,10.076759,53.891716,50.7357,5.71,2.183,F5V,0.507,11.662724050819648
49261,49402,10.085408,-13.064626,96.1538,4.6,-0.315,B8V,-0.087,116.41260294104909
49344,49485,10.103115,-47.369995,73.692,5.06,0.723,K0IV,0.88,44.75071720476559
49427,49569,10.119305,-17.141733,117.2333,5.59,0.245,K4III,1.49,69.50243175887965
49441,49583,10.122209,16.762664,389.1051,3.48,-4.47,A0Ib,-0.031,5345.643593969719
49451,49593,10.123821,35.244693,28.2406,4.49,2.236,A7V,0.19,11.107082559188644
49496,49637,10.131742,9.997508,90.5797,4.39,-0.395,K4III,1.448,125.31411749414156
49500,49641,10.1323,-0.371637,86.881,4.48,-0.215,A0III,-0.032,106.16955571987242
49528,49669,10.139532,11.967207,24.3132,1.36,-0.569,B7V,-0.087,147.09570767969763
49557,49698,10.145223,-65.815438,113.2503,5.26,-0.01,K0III,0.973,87.90225168308842
49571,49712,10.148957,-51.811261,408.1633,4.85,-3.204,B3IV,-0.12,1665.7123280688083
49622,49764,10.158386,-68.682779,209.205,5.8,-0.803,A0IV,0.015,182.4735830762581
49668,49809,10.168302,-12.815923,27.7393,5.3,3.085,F2/F3IV/V,0.368,5.081594425605605
49671,49812,10.168761,-8.40817,182.8154,5.91,-0.4,A1V,0.026,125.89254117941675
49700,49841,10.176467,-12.354083,34.5066,3.61,0.92,K0III,1.007,37.32501577957206
49703,49844,10.177142,-41.715247,69.4444,5.98,1.772,K3III,1.239,17.02942561877548
49723,49865,10.182184,-8.418462,145.1379,5.64,-0.169,K2III,1.304,101.76536626205335
49752,49893,10.186884,37.4019,195.6947,5.86,-0.598,K3III,1.282,151.0775731924994
49794,49934,10.19624,-58.060544,390.625,5.7,-2.259,B2IVnpe,-0.118,697.5896043328052
49886,50027,10.213435,4.61468,127.551,5.77,0.242,K0III:,1.178,69.69473963563203
49929,50070,10.223016,-51.232971,51.8941,5.27,1.694,A7V,0.257,18.29784734295414
49936,50078,10.224448,-51.755788,104.712,5.78,0.68,A3IV/V,0.136,46.55860935229591
49942,50083,10.225184,-66.372811,94.3396,5.15,0.277,Am,0.217,67.4838730870757
49958,50099,10.228961,-70.037903,104.8218,3.29,-1.812,B8III,-0.074,462.16813609224465
49962,50103,10.229427,-40.346056,147.2754,5.91,0.069,K1III,1.204,81.73348179780709
50050,50191,10.245607,-42.121942,31.0752,3.85,1.388,A2V,0.051,24.25492857109422
50099,50241,10.258767,-43.112369,155.521,5.59,-0.369,K4III,1.52,122.3488805326814
50161,50303,10.270677,29.310501,79.9361,5.49,0.976,A0Vn,0.02,35.448674447379986
50177,50319,10.275639,23.503095,31.1721,5.95,3.481,G2IV,0.655,3.5285802582852694
50191,50333,10.277983,13.728334,179.5332,5.42,-0.851,M1III,1.65,190.7216520593905
50193,50335,10.278171,23.417311,84.0336,3.43,-1.192,F0III,0.307,261.09586865859336
50194,50336,10.278268,25.370705,108.9325,5.84,0.654,K2III:,1.206,47.68699981017778
50229,50371,10.28472,-61.332304,201.6129,3.39,-3.133,K3II,1.541,1560.2708686930619
50230,50372,10.284952,42.914365,42.1585,3.45,0.326,A2IV,0.029,64.50598332848317
50242,50384,10.287378,23.10622,22.805,5.81,4.02,F8Vw,0.5,2.1478304741305343
50272,50414,10.293834,-8.068914,59.312,5.25,1.384,F2III,0.336,24.344451836922016
50306,50448,10.300583,65.108351,79.5545,5.74,1.237,A8III,0.163,27.87404520323769
50314,50456,10.302109,-28.992,813.0081,5.52,-4.03,B9.5Ib/II,0.277,3564.511334262439
50338,50480,10.307847,-41.66849,163.1321,5.97,-0.093,B9V,-0.063,94.8855326727801
50351,50493,10.310561,-56.110393,36.062,5.8,3.015,F6V,0.481,5.420008904016237
50378,50520,10.318083,-64.676258,80.3213,5.66,1.136,A1V,0.042,30.591445594864084
50404,50546,10.324117,48.396762,44.405,6.0,2.763,K0,1.022,6.835967668381047
50413,50555,10.326877,-55.029305,568.1818,4.59,-4.182,K3II,1.6,4100.152405066133
50422,50564,10.328938,19.470914,21.3675,4.78,3.131,F6IV,0.452,4.870796664925367
50440,50583,10.332873,19.841489,39.8883,2.01,-0.994,K0III,1.128,217.57049509257934
50466,50609,10.337977,-47.69909,515.4639,5.66,-2.901,K5/M0III,1.667,1260.0854590882382
50532,50676,10.348557,-56.04322,352.1127,4.5,-3.233,B3III,-0.102,1710.8029875993288
50541,50685,10.350943,68.747651,123.3046,5.88,0.425,A7Vn,0.241,58.8843655355589
50641,50786,10.369607,41.22953,39.4322,5.73,2.751,F7V,0.531,6.911940643980488
50653,50799,10.372108,-41.64996,62.5,4.82,0.841,K1IIIvar,1.095,40.14209182043211
50655,50801,10.372155,41.499516,70.6215,3.06,-1.185,M0III SB,1.603,259.4179362118815
50702,50847,10.382824,-66.901498,123.1527,4.97,-0.482,B8V,-0.128,135.76880641390918
50715,50860,10.385091,33.908145,74.2942,5.89,1.535,A6V,0.147,21.183611352485013
50740,50885,10.390688,-4.074035,104.1667,5.93,0.841,B9p Si(CrSr),-0.048,40.14209182043211
50743,50888,10.391478,-38.009839,41.4594,5.34,2.252,A8V,0.251,10.94460267815079
50788,50933,10.402182,65.566423,104.0583,4.94,-0.146,A0sp...,-0.052,99.63226419544176
50790,50935,10.40239,33.718531,130.039,5.52,-0.05,K1III,1.186,91.20108393559097
50809,50954,10.406592,-74.031612,16.2232,3.99,2.939,F2IV,0.369,5.812995677253879
50847,50993,10.416516,-58.576303,95.9693,5.93,1.019,F2III,0.315,34.07218616593573
50863,51008,10.420887,8.784845,314.4654,5.61,-1.878,M2IIIs,1.63,491.1339996469983
50901,51046,10.428964,-7.059829,121.6545,5.6,0.174,M0.5III,1.528,74.19933277899432
50911,51056,10.431895,33.79612,71.5308,4.72,0.448,F0V,0.26,57.65009137698544
50924,51069,10.434842,-16.83629,71.7875,3.83,-0.45,K4III,1.456,131.82567385564073
50995,51140,10.446924,-54.877302,621.118,5.58,-3.386,K3II/III,1.556,1969.6996148999256
51027,51172,10.45253,-31.067779,112.2334,4.28,-0.971,K4III,1.429,213.01000374112502
51047,51192,10.456798,-57.638805,100000.0,4.65,-15.35,A6Ia,0.474,120226443.46174131
51049,51194,10.457042,-65.704664,68.4463,6.0,1.823,A2V,0.091,16.24800335227319
51055,51200,10.457792,41.601035,66.0939,6.0,1.899,A2V,0.166,15.149559320403432
51087,51232,10.464649,-58.739403,411.5226,3.81,-4.262,F2II,0.317,4413.671434634397
51089,51233,10.464727,36.707212,47.1921,4.2,0.831,G8III-IV,0.908,40.513522022926395
51168,51313,10.481274,-64.172278,813.0081,5.27,-4.28,K3Ib,1.856,4487.453899331318
51217,51362,10.491306,-2.739078,98.7167,5.19,0.218,B9.5V,-0.05,71.25248247522671
51219,51364,10.491383,-29.663832,110.1322,5.58,0.37,K3III,1.42,61.94410750767812
51231,51376,10.493161,-30.607065,133.1558,5.57,-0.052,B9/B9.5V,-0.041,91.3692373681454
51240,51384,10.495037,84.252009,40.6339,5.52,2.476,F0IV,0.244,8.904304435937416
51275,51420,10.501792,38.925132,231.4815,5.79,-1.033,A4V,0.087,225.52775667452468
51290,51437,10.504855,-0.637026,124.0695,5.08,-0.388,B6V,-0.138,124.50878639160531
51291,51438,10.505581,-71.992793,79.8722,4.72,0.208,A2III,0.042,71.9117735782509
51312,51459,10.510461,55.980536,12.7796,4.82,4.287,F8V,0.541,1.6795773139880843
51344,51491,10.516622,-13.58847,160.2564,5.59,-0.434,B8/B9IV/V,-0.028,129.89726288978545
51348,51495,10.517242,-73.22149,316.4557,4.94,-2.562,K4/K5III,1.677,922.1466651242639
51354,51502,10.518048,82.558587,21.5008,5.25,3.588,F2V,0.399,3.197422303204926
51375,51523,10.522775,-53.715484,21.8103,4.89,3.197,F6V,0.5,4.583529174381887
51408,51556,10.530937,32.379554,78.0031,5.9,1.439,A0IV,0.114,23.141952615112523
51413,51561,10.532622,-45.06671,166.9449,5.76,-0.353,B9,-0.194,120.55910077295344
51428,51576,10.533743,-61.685332,148.1481,3.3,-2.553,B4Vne,-0.089,914.53430312046
51437,51585,10.536604,14.13727,212.766,5.43,-1.21,M2III,1.696,265.4605561975539
51461,51610,10.54267,-44.618508,121.8027,5.91,0.482,G6/G8III,0.92,55.872743899402
51474,51623,10.546615,-58.666745,100000.0,5.98,-14.02,A2Iab,0.29,35318316.979195625
51475,51624,10.546853,9.306586,100000.0,3.84,-16.16,B1Ib SB,-0.148,253512863.0497907
51486,51635,10.54913,-47.003353,401.6064,5.02,-2.999,K4III,1.045,1379.1134690236006
51509,51658,10.553865,40.42556,34.626,4.72,2.023,A7IV,0.222,13.514500541175588
51536,51685,10.558587,34.988695,209.6436,5.57,-1.037,A2Vn,0.029,226.36016404497494
51569,51718,10.566912,-23.745165,244.4988,5.08,-1.861,K5III,1.596,483.50392059162147
51626,51775,10.580004,6.953749,81.5661,5.07,0.512,G8II-III,0.921,54.35005651294466
51653,51802,10.583933,8.650425,131.406,5.67,0.077,A2V,0.059,81.13346052282633
51659,51808,10.584878,75.712948,75.815,4.86,0.461,K0III,0.957,56.963937334118356
51665,51814,10.586017,57.082637,26.5252,5.16,3.042,F1V,0.349,5.286886658508809
51672,51821,10.586905,-39.562589,268.0965,5.5,-1.641,C,3.015,394.82077803788275
51690,51839,10.591166,-78.607786,128.041,4.11,-1.427,M0III,1.58,324.1902878227871
51700,51849,10.59314,-57.557636,361.0108,4.45,-3.338,K3/K4II,1.604,1884.5167417215537
51763,51912,10.605706,-59.564392,80.5153,5.08,0.551,K1III,1.172,52.43243172456372
51784,51933,10.608994,-12.230121,25.0752,5.71,3.714,F7V,0.528,2.8470821597992866
51830,51979,10.620481,-27.412634,149.4768,4.87,-1.003,M1III,1.626,219.38149918979101
51837,51986,10.621717,-48.22562,26.8384,3.84,1.696,A3m+...,0.3,18.264172487743544
51854,52004,10.624187,-58.733339,100000.0,5.47,-14.53,A0Ia,0.5,56493697.48123022
51860,52009,10.625909,-13.384543,208.3333,4.89,-1.704,C,2.8,418.40801956742774
51893,52043,10.63407,-57.256309,308.642,5.89,-1.557,B3IV,-0.128,365.4264677506526
51934,52085,10.643043,-16.876572,64.5578,4.91,0.86,G8III,0.922,39.44573020752785
51947,52098,10.645337,31.976237,177.305,4.68,-1.564,G0II,0.823,367.79007042238624
51951,52102,10.645834,-59.182997,719.4245,4.69,-4.595,K4/K5III:,1.562,5997.9107625551005
51977,52127,10.649906,-58.816854,209.205,5.96,-0.643,M1III,1.692,157.47078772898482
51985,52136,10.651581,53.6683,139.0821,5.55,-0.166,K3III,1.27,101.48456628180958
51988,52139,10.65213,37.91,52.3286,5.84,2.246,F9V,0.595,11.005252214205417
52003,52154,10.655112,-55.603268,257.732,4.29,-2.766,G2II,1.025,1112.7561417305205
52070,52221,10.669848,-65.100209,160.5136,5.51,-0.518,B9p Si,-0.158,140.34598729211754
52187,52338,10.696747,68.443499,157.4803,5.74,-0.246,K3III,1.315,109.24460532267929
52189,52340,10.697657,-79.783288,284.0909,5.97,-1.297,B5IV,-0.071,287.6073628863028
52202,52353,10.69908,65.71628,69.541,5.12,0.909,K2IIIvar,1.207,37.705091583339296
52219,52370,10.703926,-64.466426,139.0821,4.76,-0.956,B3V,-0.139,210.0873969240989
52254,52405,10.711269,-59.215759,100000.0,5.36,-14.64,B2.5Ia,0.213,62517269.27756874
52256,52407,10.711997,-32.715673,187.2659,5.63,-0.732,A0V,0.006,170.92280052343324
52268,52419,10.715949,-64.39445,139.6648,2.74,-2.985,B0Vp,-0.22,1361.4446824659497
52271,52422,10.717191,26.325577,48.3793,5.51,2.087,A4Vn,0.16,12.740896859191105
52274,52425,10.717789,69.076214,128.041,5.01,-0.527,K3III,1.406,141.51419329314288
52301,52452,10.722478,4.747669,169.4915,5.77,-0.376,K3III+...,1.168,123.14024122062172
52306,52457,10.7236,23.188404,70.2741,5.08,0.846,A3Vn,0.042,39.95765566188054
52317,52468,10.725639,-60.566619,349.6503,4.58,-3.138,K3Ib,1.7,1567.4727518004374
52318,52469,10.725822,46.203877,37.092,5.18,2.334,F5III,0.324,10.148456628180952
52327,52478,10.728702,57.199203,113.3787,5.79,0.517,A0Vs,-0.038,54.100340686346755
52336,52487,10.73089,-64.249042,359.7122,5.74,-2.04,B3:V,0.012,570.1642722807478
52351,52502,10.735258,-63.961072,150.8296,4.8,-1.092,B5Vn,-0.134,238.1222623276841
52426,52577,10.751118,67.411384,380.2281,5.95,-1.95,C5II,2.382,524.8074602497728
52443,52595,10.754546,-80.469597,106.8376,5.46,0.316,K0III,0.957,65.10284984348614
52481,52633,10.763087,-80.540188,107.5269,4.45,-0.708,B2.5IV,-0.188,167.18603572044654
52486,52638,10.764416,30.682313,117.2333,5.36,0.015,A1Vn,-0.05,85.90135215053961
52526,52678,10.771269,-64.514559,145.9854,5.33,-0.492,B7:V,-0.096,137.0250597124245
52534,52686,10.773484,18.891523,57.2082,5.5,1.713,K3III,1.134,17.98042695177437
52537,52689,10.773689,14.194645,88.1057,5.49,0.765,G4III:,0.908,43.05266104917108
52549,52701,10.774889,-64.263242,145.9854,5.23,-0.592,B7IV,-0.077,150.24499029989144
52575,52727,10.779488,-49.420255,35.9195,2.69,-0.087,G5III SB,0.901,94.36262202767266
52584,52736,10.780898,-64.383474,147.2754,4.87,-0.971,B3IV,-0.149,213.01000374112502
52585,52737,10.781127,-17.296874,63.1313,5.44,1.439,A3V,0.112,23.141952615112523
52590,52742,10.782634,-56.757192,161.2903,5.14,-0.898,B8/B9III,-0.08,199.15902890576118
52673,52827,10.801503,-59.919163,100000.0,5.98,-14.02,A0Ia,0.274,35318316.979195625
52687,52841,10.803921,-31.68785,143.0615,5.87,0.092,A1V,0.028,80.02026771193327
52709,52863,10.811266,-1.958896,167.5042,5.92,-0.2,M2III,1.608,104.71285480508996
52757,52911,10.820953,10.545202,116.6861,5.32,-0.015,A2V,0.035,88.30799004185621
52768,52922,10.823457,-59.323793,225.7336,5.85,-0.918,B9.5IV/V,0.008,202.8616716966293
52789,52943,10.827079,-16.193648,44.0723,3.11,-0.111,K0/K1III,1.232,96.47171518961676
52794,52948,10.828747,-9.852695,104.4932,5.85,0.755,G8III:,1.074,43.45102241715714
52811,52965,10.832506,-34.058183,132.4503,5.61,0.0,A1V,0.038,87.09635899560806
52826,52980,10.838349,-8.897763,95.2381,5.8,0.906,A3m,0.156,37.80941866832965
52881,53035,10.851502,-3.092667,155.0388,5.95,-0.002,K2,1.475,87.2569442770116
52889,53043,10.853067,56.58225,109.529,5.66,0.462,K2III,1.132,56.91149576288411
52910,53064,10.856594,59.320119,83.5422,5.57,0.96,K2III,1.16,35.974933515574236
53000,53154,10.875236,-57.240405,100000.0,5.26,-14.74,B9Ia,0.13,68548822.6452662
53075,53229,10.888526,34.214871,29.0867,3.79,1.472,K0III-IV,1.04,22.4491550756959
53098,53252,10.891536,-20.138731,30.8071,5.23,2.787,F6V,0.48,6.686517721976391
53099,53253,10.891559,-58.853171,29.129,3.78,1.458,K0III-IV...,0.945,22.740499508958955
53103,53257,10.891986,69.853881,44.287,5.91,2.679,G9IV,1.01,7.385841781207968
53107,53261,10.892911,54.585128,200.4008,5.12,-1.389,K3III,1.355,313.0401190096238
53118,53272,10.895031,-70.720337,233.1002,5.99,-0.848,B6V,-0.02,190.1953960442308
53119,53273,10.895476,-2.129205,95.8773,5.45,0.541,G8III,0.966,52.91758304203464
53141,53295,10.899648,43.189956,75.5287,4.66,0.269,A1Vs,-0.039,67.98294904549553
53161,53316,10.904938,-13.758036,151.0574,5.65,-0.246,K0III + (G),0.832,109.24460532267929
53179,53334,10.908222,-61.826622,442.4779,5.95,-2.279,K4III,1.736,710.5587633694735
53222,53377,10.916163,34.034798,88.8889,5.73,0.986,G7III:,1.032,35.12367904656808
53239,53394,10.921456,-60.517003,93.4579,5.93,1.077,K0III,1.065,32.299812405956246
53262,53417,10.92689,24.749718,87.9507,4.3,-0.421,A1,0.016,128.35121968394975
53268,53423,10.928444,0.736922,44.8632,5.91,2.651,F2III,0.425,7.578792209160491
53271,53426,10.928999,33.506929,72.6216,5.02,0.715,K1III,1.101,45.08167045414601
53294,53449,10.933742,6.185371,119.1895,5.91,0.529,M5IIIvar,1.256,53.5056938173137
53347,53502,10.945289,-37.137765,58.2751,4.6,0.773,K0III,1.006,42.73660314969305
53375,53530,10.952183,-50.765018,102.9866,5.9,0.836,A7Vni,0.173,40.3273792976113
53543,53699,10.98715,-33.737595,48.5201,5.7,2.27,F2V,0.374,10.764652136298343
53565,53721,10.99112,40.430257,14.0627,5.03,4.29,G0V,0.624,1.6749428760264369
53567,53723,10.991925,-16.353701,202.8398,5.88,-0.656,M1III,1.6,159.36758810287665
53570,53726,10.992438,36.0931,253.8071,5.99,-1.033,M2III,1.595,225.52775667452468
53584,53740,10.996244,-18.298783,48.8043,4.08,0.638,K1III,1.079,48.39494493016627
53606,53762,10.999831,-43.80711,93.5454,5.81,0.955,B8/B9V,-0.064,36.14098626396132
53618,53773,11.002572,-42.225859,60.1685,4.37,0.473,A3IV,0.116,56.33781508509383
53622,53778,11.003248,-14.083368,142.6534,5.86,0.089,K5III,1.501,80.24167763085845
53625,53781,11.004084,45.526276,253.1646,5.47,-1.547,K5III,1.466,362.0762177566729
53651,53807,11.009347,3.617494,110.4972,4.84,-0.377,K1III,1.144,123.25370982033444
53669,53824,11.012445,6.101449,46.3607,4.98,1.649,A5III,0.166,19.072165205939058
53682,53838,11.014009,39.212092,115.4734,5.06,-0.252,Am,0.255,109.84998450583755
53751,53907,11.030465,-2.484585,179.2115,4.73,-1.537,K5III,1.593,358.7566830392618
53754,53910,11.030677,56.382427,24.4499,2.34,0.399,A1V,0.033,60.311481961781745
53798,53954,11.038827,20.179842,38.8651,4.42,1.472,A1m,0.053,22.4491550756959
53873,54029,11.054133,-11.30347,103.8422,5.51,0.428,G7III...,0.938,58.72188659713031
53893,54049,11.060164,-0.000833,185.8736,5.95,-0.396,K3III,1.218,125.42958923023174
53905,54061,11.062155,61.751033,37.679,1.81,-1.07,F7V comp,1.061,233.3458062281002
53981,54137,11.075343,-47.679103,87.6424,5.67,0.956,A8III/IV,0.256,36.10771451003529
54016,54173,11.081721,-35.804678,158.7302,5.43,-0.573,A0V,0.021,147.63862777538625
54024,54182,11.083619,7.336007,28.9939,4.62,2.308,F2III-IVvar,0.332,10.394413751488006
54046,54204,11.088867,-27.293612,43.2339,4.92,1.741,F3IV/V,0.369,17.522658618857076
54097,54255,11.099324,-27.287853,212.3142,5.69,-0.945,B8V,-0.067,207.9696687103696
54143,54301,11.109015,-62.424113,122.1001,4.62,-0.814,G8III,0.988,184.33168795057549
54169,54327,11.113866,-70.87793,252.5253,5.58,-1.432,B2V,-0.07,325.6866822016701
54178,54336,11.115058,1.955525,63.2111,5.52,1.516,G9IIICN...,0.955,21.557579680386283
54201,54360,11.121308,-42.638681,84.1043,5.15,0.526,Ap SrCrEu,0.029,53.65373995198518
54302,54461,11.142778,-61.947175,100000.0,5.11,-14.89,B9Ia,0.195,78704578.96951
54304,54463,11.143165,-58.975037,100000.0,3.93,-16.07,G0Ia0,1.225,233345806.22810045
54318,54477,11.145557,-28.08067,55.6483,5.43,1.703,A1V,0.069,18.14679779396928
54328,54487,11.146969,24.658464,141.2429,5.7,-0.05,A3IV,0.081,91.20108393559097
54364,54522,11.155302,36.309379,117.096,5.71,0.367,M3.5III,1.4,62.11550208324419
54378,54537,11.160699,43.207736,168.0672,5.89,-0.237,M2III,1.564,108.34278621501396
54380,54539,11.161062,44.498487,44.3066,3.0,-0.232,K1III,1.144,107.84499632938316
54401,54561,11.164831,-32.367529,120.919,5.79,0.378,A1V,0.027,61.48936385126264
54522,54682,11.194302,-22.825847,104.2753,4.46,-0.631,A1V,0.025,155.73993890808558
54586,54746,11.209191,-49.100996,50.4032,5.37,1.858,A2III,0.175,15.732581854464675
54591,54751,11.210005,-60.317625,100000.0,4.59,-15.41,A6Ia,0.541,127057410.52085394
54607,54767,11.212568,-64.16977,95.8773,5.22,0.311,B9V,-0.082,65.40335094488948
54651,54811,11.220746,-44.372216,192.6782,5.77,-0.654,K5/M0III,1.661,159.07429237502194
54668,54829,11.225219,-59.619318,675.6757,5.74,-3.409,B1.5V,-0.106,2011.8703951494342
54679,54840,11.227611,-53.231813,130.039,5.75,0.18,K2III,1.309,73.79042301291011
54688,54849,11.22932,-0.069502,161.8123,5.4,-0.645,A0V,-0.02,157.76112696993485
54702,54863,11.233843,8.060695,60.5694,5.79,1.879,K3III,1.128,15.431210656577916
54712,54872,11.235138,20.523717,17.9147,2.56,1.294,A4V,0.128,26.448436268543603
54718,54879,11.237335,15.42957,50.6073,3.33,-0.191,A2V,-0.003,103.8484455008274
54789,54951,11.253397,23.095502,294.1176,4.56,-2.783,M3III,1.657,1130.3163247386967
54853,55016,11.264417,13.307578,118.4834,5.31,-0.058,K3III,1.189,91.87556016660622
54921,55084,11.277695,-3.651601,56.4653,4.45,0.691,A7IVn,0.21,46.089288098089526
54923,55086,11.278299,49.47625,137.5516,5.88,0.188,K0III:,1.102,73.248713266504
54974,55137,11.288167,2.010556,101.833,5.18,0.141,M0III comp,1.511,76.48917910070716
55055,55219,11.307983,33.094306,122.399,3.49,-1.949,K3III SB,1.4,524.3243172456372
55085,55249,11.315266,1.650395,90.2527,5.9,1.123,K0III:,1.04,30.959932133091723
55102,55266,11.318864,38.185557,58.8235,4.76,0.912,A2V,0.113,37.60105236684958
55116,55280,11.321297,-64.582491,36.6838,5.99,3.168,F6IV,0.471,4.707604832565833
55118,55282,11.322347,-14.778541,56.9476,3.56,-0.217,K0III,1.112,106.36530750764376
55260,55425,11.350117,-54.491019,109.6491,3.9,-1.3,B5Vn,-0.157,288.40315031266056
55269,55434,11.352276,6.029322,67.4764,4.05,-0.096,B9.5Vs,-0.058,95.14807363517585
55395,55560,11.380442,43.482703,163.3987,4.99,-1.076,G8II,0.998,234.63889244641322
55416,55581,11.385596,-56.779355,233.1002,5.82,-1.018,A4:p,-0.004,222.4333998485111
55423,55588,11.386857,-36.164769,323.6246,5.0,-2.55,K4III,1.464,912.0108393559096
55432,55597,11.389283,-64.954714,123.7624,5.09,-0.373,B5,-0.061,122.80046179887881
55433,55598,11.389415,-18.779973,42.8816,5.08,1.919,F3IV,0.439,14.873048700465302
55476,55642,11.398736,10.529509,23.6742,4.0,2.129,F2IV SB,0.423,12.257446320498055
55484,55650,11.400646,1.407765,108.4599,5.39,0.214,G8IIICN...,0.938,71.51547046592816
55491,55657,11.4031,-72.256608,304.878,5.55,-1.871,B2IV-V,0.017,487.97772728648596
55521,55687,11.410164,-10.859323,115.3403,4.81,-0.5,K5III,1.556,138.03842646028852
55539,55705,11.414702,-17.68401,25.2398,4.06,2.05,A9V,0.216,13.182567385564068
55550,55716,11.416369,11.430292,150.3759,5.8,-0.086,K4III,1.376,94.2757508527416
55590,55756,11.424852,-36.063062,84.0336,5.21,0.588,K0III,0.979,50.67572841772822
55597,55763,11.425862,-37.747575,136.7989,5.87,0.19,M3III,1.503,73.11390834834172
55599,55765,11.426771,16.456539,43.9174,5.58,2.367,F2V,0.39,9.844643639803781
55613,55779,11.428717,-63.972475,27.2183,5.18,3.006,F7V,0.495,5.465123745198722
55631,55797,11.43254,55.850459,94.0734,5.73,0.863,K0III,0.988,39.3368880673202
55664,55831,11.443174,-61.115167,418.41,5.22,-2.888,B3IV,-0.077,1245.0878639160544
55682,55849,11.446467,-53.159915,187.6173,5.8,-0.566,K0III+...,0.517,146.6898282206286
55707,55874,11.452644,-12.356749,70.0771,5.93,1.702,F4III-IV,0.49,18.163519311765114
55779,55945,11.465622,2.856265,172.4138,4.95,-1.233,G8II-III,1.0,271.1440008688312
55833,56000,11.476413,-42.674203,214.5923,5.14,-1.518,B9V,-0.028,352.53318119588624
55867,56034,11.484481,39.336974,65.2316,5.3,1.228,A2V,0.019,28.10606200334399
55868,56035,11.484621,61.778368,33.3,5.83,3.218,F5Vawvar,0.382,4.495727713019055
55911,56078,11.494061,-24.464011,136.612,5.77,0.093,A0V,0.067,79.94660025203162
55913,56080,11.494957,15.413269,134.2282,5.74,0.101,K4III,1.371,79.35969681957694
55959,56127,11.505248,-3.003501,185.1852,4.77,-1.568,K4III,1.529,369.1475581654127
55979,56146,11.508065,18.409801,96.5251,5.54,0.617,K0III,1.056,49.340097118795796
55981,56148,11.508651,43.173242,53.4188,5.94,2.302,F4V,0.524,10.452014414584356
56044,56211,11.523407,69.331076,102.145,3.82,-1.226,M0IIIvar,1.613,269.40149410636695
56076,56243,11.529464,-59.442061,100000.0,5.07,-14.93,G0Ia,1.026,81658237.13585939
56083,56250,11.530223,-59.515648,100000.0,5.12,-14.88,A3Ia,0.432,77983011.05232593
56113,56280,11.53789,-29.261022,26.295,4.93,2.831,F8V,0.54,6.42096052567594
56119,56287,11.538888,-66.961823,93.985,5.89,1.025,K1IIICN...,1.136,33.884415613920254
56121,56290,11.539097,61.08252,27.9877,5.46,3.225,F6V,0.515,4.46683592150963
56149,56318,11.546538,-7.827523,147.4926,5.94,0.096,K4III,1.38,79.72600453665314
56150,56319,11.546693,-40.436194,171.2329,5.64,-0.528,M1III,1.578,141.64459272385145
56163,56332,11.54837,-31.087226,119.1895,5.13,-0.251,M1/M2III,1.581,109.74885550989477
56174,56343,11.550038,-31.857625,39.7456,3.54,0.544,G8III,0.947,52.77156817648117
56222,56391,11.560337,-40.586637,118.2033,5.39,0.027,A2IV/V,0.117,84.95716271561207
56276,56445,11.572764,3.060165,27.2257,5.76,3.585,F5V,0.48,3.206269324505465
56283,56452,11.574878,-32.83134,9.5593,5.96,6.058,K0V,0.811,0.3287002239687752
56304,56473,11.57847,16.796915,581.3953,5.95,-2.872,B4V,-0.156,1226.8741046383404
56311,56480,11.579355,-54.264091,130.719,4.62,-0.962,B9V,-0.077,211.25159662408515
56328,56497,11.582473,-49.13649,58.8235,5.5,1.652,K1III/IV,1.041,19.019539604423077
56341,56510,11.584695,54.785419,134.5895,5.63,-0.015,K0III,1.032,88.30799004185621
56349,56518,11.58703,-47.37258,221.2389,5.64,-1.084,M3III,1.682,236.3741608116292
56392,56561,11.596363,-63.019841,128.7001,3.11,-2.438,B9II:,-0.044,822.6213938831102
56404,56573,11.598771,-47.641643,61.8047,5.26,1.305,A7m,0.257,26.18183008218986
56414,56583,11.600744,69.322952,72.8332,5.19,0.878,K0III,0.974,38.79716572936907
56432,56601,11.604987,27.781351,71.582,5.8,1.526,F0V,0.248,21.35993860189796
56437,56606,11.606215,-61.052433,497.5124,5.84,-2.644,B2.5IV,-0.102,994.4890371547928
56451,56620,11.609706,-33.570057,111.6071,5.71,0.472,K0III,1.02,56.38972803349496
56464,56633,11.611365,-9.802247,85.9845,4.7,0.028,B9.5Vn,-0.073,84.87895030072441
56478,56647,11.615814,-0.823749,55.6483,4.3,0.573,G9III,0.983,51.38069802323445
56487,56656,11.616852,-61.283442,71.6846,5.14,0.863,K1III,1.105,39.3368880673202
56506,56675,11.621074,-75.896544,41.511,5.64,2.549,F1III,0.362,8.325302067492423
56532,56700,11.626114,-47.747309,108.3424,5.46,0.286,K2III,1.23,66.92679069358428
56558,56727,11.630127,-67.620379,108.4599,5.94,0.764,K0III,1.013,43.09233228186263
56585,56754,11.635371,-61.826563,87.4126,5.15,0.442,B9IV,-0.04,57.96955946535209
56601,56770,11.639056,43.625429,46.49,5.56,2.223,F2II-III,0.348,11.2408719346973
56610,56779,11.641002,8.134298,152.439,5.24,-0.675,M4III,1.499,162.18100973589299
56633,56802,11.644449,-13.201943,26.7308,5.48,3.345,F7V,0.52,3.9994474976109746
56693,56862,11.658227,-65.397766,153.8462,5.01,-0.925,G2III + A,0.804,204.17379446695296
56753,56922,11.670221,-34.74466,137.5516,4.7,-0.992,B9V,-0.07,217.17008433479904
56800,56970,11.678468,-53.968607,349.6503,5.95,-1.768,M1III,1.67,443.8129803081385
56805,56975,11.679742,21.35273,82.7815,5.26,0.67,K1III,0.984,46.98941086052154
56816,56986,11.681568,-62.090101,272.4796,4.93,-2.247,G3Ib,1.111,689.9220098440475
56828,56997,11.684171,34.201635,9.6117,5.31,5.396,G8Vvar,0.723,0.6047835918818003
56843,57013,11.688836,-43.095667,65.4879,5.54,1.459,A0V,0.044,22.71956437735267
56859,57029,11.69286,31.746058,41.1523,5.73,2.658,F4V,0.44,7.530087105475893
56876,57047,11.695541,-32.499404,123.7624,5.2,-0.263,K5III,1.475,110.96857267741241
56940,57111,11.707889,66.744906,184.5018,5.32,-1.01,K3III,1.267,220.80047330188992
56993,57165,11.724219,-37.190155,260.4167,5.98,-1.098,K3III,1.449,239.441817286338
57003,57175,11.725332,-62.489396,100000.0,5.0,-15.0,F9Ia,0.784,87096358.99560831
57111,57283,11.746049,-18.350674,108.2251,4.71,-0.462,G8III,0.958,133.2907464231338
57156,57328,11.754733,8.258119,37.4111,4.84,1.975,A4V,0.174,14.12537544622754
57190,57363,11.760141,-66.728763,38.9864,3.63,0.675,A7III,0.16,46.77351412871981
57198,57371,11.762216,-45.690134,211.8644,5.28,-1.35,B6III,-0.118,301.9951720402016
57208,57380,11.764322,6.529376,90.0901,4.04,-0.733,M0III,1.501,171.0802987599327
57226,57399,11.767515,47.779406,56.3063,3.69,-0.063,K0III,1.181,92.29963848404535
57266,57439,11.775232,-61.178398,119.4743,4.11,-1.276,G0II,0.895,282.09799536634296
57270,57443,11.775376,-40.500354,9.2208,4.89,5.066,G3/G5V,0.664,0.8195963204818458
57304,57477,11.782116,55.62819,66.0939,5.27,1.169,K3III,1.276,29.675633580735287
57339,57512,11.788654,-57.696498,215.5172,5.42,-1.247,K5III,1.664,274.6628992415958
57389,57562,11.798584,8.245895,59.1716,5.31,1.449,A1,0.038,22.92978591824822
57392,57565,11.799762,20.218931,71.3267,4.5,0.234,A comp SB,0.547,70.21016602403145
57408,57581,11.80403,-66.81491,131.7523,4.75,-0.849,K4III,1.522,190.3706531742075
57433,57606,11.810753,14.28421,59.7372,5.9,2.019,F0V,0.303,13.564381629092681
57440,57613,11.812524,-26.749777,167.2241,5.1,-1.016,M4III,1.594,222.02403953450764
57459,57632,11.817663,14.57206,10.9999,2.14,1.933,A3Vvar,0.09,14.682499678319866
57496,57669,11.828077,-63.788478,182.4818,4.3,-2.006,B3V,-0.149,552.5861556300781
57497,57670,11.828258,34.931758,69.4444,5.73,1.522,F5IV,0.467,21.43877665973507
57523,57696,11.832395,-70.22579,290.6977,4.98,-2.337,G5Ib,1.36,749.5489497919584
57568,57741,11.840911,-62.649381,100000.0,5.68,-14.32,A3Iab,0.233,46558609.35229601
57584,57757,11.844922,1.764718,10.929,3.59,3.397,F8V,0.518,3.8124135110429895
57618,57791,11.85062,-5.333332,91.4077,5.62,0.815,K0IV,1.058,41.114972110452236
57630,57803,11.852419,-45.17347,132.8021,4.47,-1.146,K4III,1.283,250.26493257310798
57668,57841,11.861559,-30.834809,31.1721,5.85,3.381,F8V,0.554,3.8690113165510844
57678,57851,11.864237,-65.20591,111.1111,4.89,-0.339,B4V,-0.123,119.01453387038552
57698,57870,11.869537,-56.987741,102.8807,5.56,0.498,B4III,0.069,55.055409848479435
57763,57936,11.881813,-33.908124,94.9668,4.29,-0.598,Ap Si,-0.1,151.0775731924994
57828,58001,11.897168,53.69476,25.5037,2.41,0.377,A0V SB,0.044,61.54602373713163
57909,58082,11.911816,-25.713887,87.7193,5.26,0.545,G8III,0.883,52.722986142282274
57930,58103,11.916672,-63.27918,100000.0,5.89,-14.11,A3Ib,0.21,38370724.54922792
57937,58110,11.917537,8.443943,52.5762,5.58,1.976,K0III:,0.937,14.112371484118507
57984,58158,11.927814,-28.477103,167.7852,5.93,-0.194,K4III,1.499,104.13578615284342
57986,58159,11.927926,15.646818,151.7451,5.53,-0.376,A3V,0.116,123.14024122062172
58007,58181,11.932892,56.59856,94.8767,5.83,0.944,K1III,1.101,36.50900524844984
58014,58188,11.933599,-17.150829,77.101,5.17,0.735,A0V,-0.022,44.25883723626264
58151,58326,11.961118,-62.448748,187.2659,5.59,-0.772,B3V,-0.152,177.33726245425586
58204,58379,11.970898,-56.31731,233.6449,5.44,-1.403,B8III,-0.062,317.1027438947895
58252,58427,11.979907,-64.33956,100000.0,5.59,-14.41,A3Ib,0.174,50582466.20031138
58285,58460,11.988205,33.167004,227.2727,5.95,-0.833,K1III,1.153,187.5858173799284
58309,58484,11.993796,-78.221839,110.8647,4.88,-0.344,B9Vn,-0.054,119.56387999881213
58334,58510,11.999142,3.655197,93.633,5.36,0.503,A1V,-0.001,54.80245321768504
58401,58576,12.012347,-10.446014,12.7632,5.54,5.01,K0IV,0.76,0.8629785477669701
58412,58587,12.014211,-19.658982,970.8738,5.28,-4.656,B2IV,-0.192,6344.537957757149
58415,58590,12.014553,6.614322,117.7856,4.65,-0.705,A5V,0.122,166.72472125510626
58479,58654,12.027635,36.042086,102.7749,5.59,0.531,K0III,1.019,53.40722340937611
58509,58684,12.035239,43.0456,34.27,5.22,2.545,A7m,0.283,8.356030182312479
58545,58720,12.043815,-69.192288,105.7082,5.89,0.769,B9V,-0.08,42.89434099967816
58583,58758,12.050447,-63.31293,72.0461,4.32,0.032,Am,0.28,84.56682000993546
58628,58803,12.060973,-42.434056,25.3229,5.15,3.132,F6V,0.417,4.866312560731987
58683,58858,12.071277,21.459153,101.0101,5.89,0.868,F0IV-V,0.248,39.15615148396117
58693,58867,12.072008,-63.165711,261.7801,4.72,-2.37,B2IV,-0.081,772.6805850957021
58709,58884,12.077479,-68.328912,106.4963,5.34,0.203,A0V,-0.012,72.24370324363555
58730,58905,12.079616,-76.519061,146.1988,5.04,-0.785,K4III,1.491,179.47336268325265
58746,58921,12.082564,-60.968252,209.6436,5.95,-0.657,M2III,1.691,159.51443869276017
58773,58948,12.086817,8.732985,50.0501,4.12,0.623,G8III,0.967,49.068185676795146
58777,58952,12.087451,76.905734,97.0874,5.78,0.844,G9III,1.029,40.03132821780234
58873,59050,12.106404,-65.709453,125.9446,5.95,0.449,G8/K0III,0.613,57.59701812546713
58895,59072,12.114687,-64.61373,19.755,4.14,2.662,F2III,0.353,7.502396279074636
58973,59151,12.130565,-75.367019,130.2083,5.17,-0.403,K2II/III,1.278,126.24087614670482
58994,59173,12.134788,-50.661278,134.4086,4.46,-1.182,B2IIIne,-0.163,258.70212734646066
59005,59184,12.137422,-48.692487,183.8235,5.34,-0.982,A1V,-0.01,215.1790570339755
59016,59196,12.13931,-50.722425,127.2265,2.58,-2.943,B2IVne,-0.128,1309.784962399686
59020,59199,12.140225,-24.728875,14.9365,4.02,3.149,F0IV/V,0.334,4.790711300030742
59049,59229,12.148281,-44.325989,104.1667,5.75,0.661,A3III,0.24,47.38053933388255
59052,59232,12.148497,-41.231605,487.8049,5.51,-2.931,B3IV,-0.097,1295.3883889748884
59104,59285,12.161475,1.897889,73.046,5.95,1.632,K3III,1.12,19.37313924581955
59127,59309,12.167616,5.807008,44.0529,5.72,2.5,Am,0.352,8.709635899560805
59134,59316,12.168746,-22.619766,97.4659,3.02,-1.924,K2III,1.326,512.3892386646796
59202,59384,12.183354,81.709832,336.7003,6.0,-1.636,K5III:,1.618,393.00674134185346
59212,59394,12.184401,-23.602423,58.8235,5.45,1.602,A1V,0.055,19.915902890576117
59267,59449,12.194202,-52.36846,116.144,3.97,-1.355,B3V,-0.156,303.3891184194272
59286,59468,12.19755,25.87028,271.7391,5.66,-1.511,K4III,1.401,350.26762691381293
59319,59501,12.202581,20.542064,130.3781,5.6,0.024,K0II-III,0.961,85.1922326428547
59322,59504,12.203311,77.616241,33.3778,5.14,2.523,A5m,0.358,8.527073373436284
59335,59517,12.206106,-62.950773,100000.0,5.91,-14.09,B9Ia,0.253,37670379.89839085
59425,59607,12.223623,-38.929188,436.6812,5.77,-2.431,B4III,-0.144,817.3348179780709
59426,59608,12.223872,10.262341,50.1756,5.85,2.348,A2m,0.262,10.018437657240257
59472,59654,12.234085,-45.723919,175.1313,5.31,-0.907,K3III,1.4,200.81678041839857
59546,59728,12.249884,-20.84422,82.85,5.82,1.229,K0IIICN...,1.052,28.08018728116636
59564,59746,12.252366,70.200008,142.8571,5.72,-0.055,K2III,1.179,91.62204901219992
59565,59747,12.252427,-58.748928,105.8201,2.79,-2.333,B2IV,-0.193,746.7925899308835
59592,59774,12.257086,57.032617,24.6853,3.32,1.358,A3Vvar,0.077,24.9344618809783
59621,59803,12.263437,-17.541929,47.1032,2.58,-0.785,B8III,-0.107,179.47336268325265
59637,59819,12.266719,14.899071,60.9013,5.09,1.167,A3V,0.068,29.73034849677021
59649,59831,12.268763,40.66018,236.4066,5.69,-1.178,M1III,1.586,257.75078699705375
59665,59847,12.272372,23.945409,76.4526,4.93,0.513,K0III,0.957,54.30002130657378
59674,59856,12.27504,33.061527,96.9932,4.99,0.056,K1III,1.14,82.71799518641342
59737,59920,12.291551,53.191331,105.7082,5.8,0.679,K6III,1.33,46.6015111702184
59740,59923,12.291827,28.937189,54.9451,5.71,2.01,A4m,0.16,13.677288255958487
59746,59929,12.292917,-67.960736,92.4214,4.06,-0.769,M5III,1.603,176.84793782817994
59816,60000,12.305812,-79.31224,91.4913,4.24,-0.567,B5Vn,-0.123,146.82499678319857
59826,60009,12.307298,-64.003071,109.6491,4.06,-1.14,B2.5V,-0.168,248.8857318282393
59846,60030,12.311199,-0.787184,114.5475,5.9,0.605,A5Vn,0.168,49.88844874600119
59860,60044,12.313901,75.160561,97.8474,5.47,0.517,A1V,0.054,54.100340686346755
59875,60059,12.316608,-55.143002,151.5152,5.01,-0.892,M1III,1.6,198.06147089717396
59938,60122,12.330199,48.984148,180.8318,5.28,-1.006,M0III,1.623,219.9885109049249
59945,60129,12.331766,-0.666803,81.367,3.89,-0.662,A2IV,0.026,160.25072388814195
59973,60157,12.336326,-22.1757,118.3432,5.94,0.574,K0III+...,0.824,51.33339643802892
59986,60170,12.3388,26.619482,49.3583,5.52,2.053,K2III-IV,1.091,13.146192882160852
59988,60172,12.339161,3.312574,94.4287,4.97,0.094,K1III,1.172,79.87300061113133
60003,60189,12.34268,-22.215901,127.3885,5.2,-0.326,B8V,-0.09,117.59801740658484
60017,60202,12.345286,17.792868,88.8889,4.72,-0.024,G8III,1.01,89.04304435937418
60027,60212,12.347461,57.864118,194.9318,5.54,-0.909,K5III,1.452,201.18703951494322
60036,60221,12.348809,-13.565724,61.6903,5.14,1.189,K0III,1.048,29.133992225701643
60075,60260,12.356031,-60.401147,70.4722,3.59,-0.65,K3/K4III,1.389,158.48931924611142
60123,60308,12.365953,-56.374385,694.4444,5.91,-3.298,K4III + (F),1.533,1816.3519311765112
60135,60320,12.368713,-67.522105,101.1122,5.15,0.126,Am,0.195,77.55324957585901
60144,60329,12.370009,-68.307316,100.2004,5.73,0.726,K0III,1.038,44.62723707622523
60166,60351,12.375087,25.84616,90.3342,4.78,0.001,F8:p...,0.515,87.01617721519975
60194,60379,12.380403,-57.676132,110.8647,5.38,0.156,B9V,-0.098,75.43970821979903
60240,60425,12.38933,-24.840669,101.5228,5.66,0.627,K1III,1.153,48.88774438941448
60264,60449,12.393174,-35.412677,136.2398,5.32,-0.352,B8/B9V,-0.066,120.44811285731758
60277,60463,12.395765,-38.911381,102.7749,5.79,0.731,B8/B9V,-0.064,44.422193547105515
60299,60485,12.400414,51.562257,118.4834,4.76,-0.608,G7III,0.877,152.47547676599154
60328,60514,12.405146,26.098606,81.103,5.17,0.625,A3V,0.082,48.97788193684461
60398,60584,12.41756,56.777828,263.1579,5.82,-1.281,M3III,1.622,283.4001005509098
60409,60595,12.419935,-11.61059,70.5219,5.95,1.708,A1V,0.043,18.063420831699762
60423,60610,12.422706,-35.186417,134.5895,5.71,0.065,B9IV/V,-0.066,82.03515443298177
60459,60646,12.43082,39.018616,80.1925,5.01,0.489,G8III-IV,0.955,55.513677743521114
60509,60697,12.440018,27.268237,84.6024,4.92,0.283,F0p,0.277,67.11197196984207
60522,60710,12.442158,-51.450635,137.3626,4.82,-0.869,B3Vn,-0.141,193.9099078614849
60530,60718,12.443311,-63.099092,98.7167,0.77,-4.202,B0.5IV,-0.243,4176.379929509739
60547,60735,12.447692,-32.830121,155.521,5.56,-0.399,B9V,0.007,125.77664324512543
60554,60742,12.448966,28.268423,51.2821,4.35,0.8,K2IIICN+...,1.128,41.68693834703355
60558,60746,12.449805,26.825699,85.1789,4.98,0.328,A4V,0.088,64.38726829014608
60593,60781,12.458019,-58.991756,135.8696,5.38,-0.286,M4/M5III,1.543,113.34438229710335
60607,60795,12.459754,55.712724,127.8772,5.68,0.146,M2III,1.582,76.13774324561511
60635,60823,12.467331,-50.230635,126.2626,3.91,-1.596,B3V,-0.192,378.7913037851569
60667,60855,12.472908,-39.041172,133.8688,5.45,-0.183,B8/B9V,-0.073,103.08607400626256
60715,60904,12.481863,25.912852,72.8863,5.29,0.977,A0p,-0.056,35.41604004264617
60752,60941,12.490845,24.108925,61.6143,5.47,1.522,F5III,0.445,21.43877665973507
60768,60957,12.495344,20.896109,84.0336,5.68,1.058,A3V,0.093,32.870022396877516
60776,60965,12.497739,-16.515432,26.6312,2.94,0.813,B9.5V,-0.012,41.19077848677376
60780,60969,12.498388,-56.52494,156.0062,5.78,-0.186,M1III,1.572,103.37130523505834
60789,60978,12.499267,58.405742,83.7521,5.37,0.755,A5e...,0.205,43.45102241715714
60790,60979,12.499413,-41.735901,226.2443,6.0,-0.773,M2II/III,1.515,177.5006713500653
60809,60998,12.501868,69.201123,190.4762,5.01,-1.389,M3IIIa,1.621,313.0401190096238
60826,61015,12.504846,-23.696419,301.2048,5.63,-1.764,M0III,1.67,442.1809210742687
60879,61071,12.516823,24.567168,82.713,5.47,0.882,A2pvar,0.056,38.65449465982838
60893,61084,12.519429,-57.113212,27.1518,1.59,-0.579,M4III,1.6,148.45676750522713
60945,61136,12.527871,-59.423922,429.1845,5.49,-2.673,F5III,0.622,1021.4097519898492
60967,61158,12.53226,-63.505838,75.1315,5.96,1.581,A8III,0.263,20.30486002716804
60983,61174,12.53451,-16.196007,18.2815,4.3,2.99,F2V,0.388,5.5462571295791046
60989,61181,12.536089,-73.001056,106.6098,5.88,0.741,K1III,1.078,44.01492842868153
61008,61199,12.541134,-72.132988,99.6016,3.84,-1.151,B5V,-0.157,251.42010301590201
61020,61212,12.543334,-13.859105,38.1679,5.74,2.832,F3IV/V,0.376,6.415049325106628
61088,61281,12.558058,69.788238,150.3759,3.85,-2.036,B6IIIp,-0.116,568.0675741067723
61103,61296,12.559516,-12.830203,49.3583,5.58,2.113,G8III/IV,0.861,12.439416235583076
61116,61309,12.56081,33.247584,89.3655,5.42,0.664,K0IIICN...,1.011,47.24980276801951
61124,61317,12.562411,41.35748,8.4395,4.24,4.608,G0V,0.588,1.2496833972112191
61125,61318,12.562986,-9.452077,79.2393,5.48,0.985,A0V,-0.035,35.15604405282981
61166,61359,12.573121,-23.396759,44.6628,2.65,-0.6,G5II,0.893,151.3561248436207
61186,61379,12.578448,-44.673018,28.3206,5.76,3.499,G4IV,0.683,3.470563540079875
61191,61384,12.578902,70.02177,184.5018,4.95,-1.38,K2III,1.312,310.45595881283555
61202,61394,12.580857,22.629259,95.057,4.8,-0.09,A0IV,0.012,94.6237161365793
61225,61418,12.585489,18.377058,138.1215,5.03,-0.671,K2III,1.152,161.5846120949001
61227,61420,12.585602,21.881384,195.6947,5.86,-0.598,K1III,1.242,151.0775731924994
61275,61468,12.595987,-41.021945,35.524,5.12,2.367,A7III,0.224,9.844643639803781
61305,61498,12.600289,-39.869505,72.7802,5.78,1.47,A0V,0.003,22.490546058357815
61365,61558,12.613154,-5.831898,69.0131,5.88,1.685,A3V,0.072,18.450154191794738
61378,61571,12.616204,17.089536,194.5525,5.7,-0.745,K5III,1.436,172.98163592151016
61392,61585,12.619739,-69.135564,96.7118,2.69,-2.237,B2IV-V,-0.176,683.5967668381046
61428,61621,12.628409,-27.138888,34.3289,5.41,2.732,F0V,0.334,7.033961712162471
61429,61622,12.628394,-48.541304,40.2414,3.85,0.827,A2V,0.049,40.66305463404283
61465,61658,12.639557,1.854662,151.0574,5.68,-0.216,M3III,1.592,106.26738654024653
61495,61688,12.645726,-18.2501,67.2948,6.0,1.86,F0V,0.31,15.703628043335524
61527,61720,12.650962,-30.422387,191.5709,5.86,-0.552,K2/K3III,1.207,144.81048230513716
61531,61724,12.652031,21.062559,83.8223,5.49,0.873,G9III,0.978,38.976245309771954
61547,61740,12.654102,-7.995564,90.009,4.66,-0.111,K2III,1.24,96.47171518961676
61596,61789,12.664594,-39.987302,111.8568,4.63,-0.613,B8II/III,-0.082,153.1792715893416
61717,61910,12.687765,-13.013901,78.9266,5.17,0.684,F3IV,0.432,46.38739667560309
61723,61916,12.689723,-46.145581,277.7778,5.84,-1.378,K3II,1.475,309.8846042012061
61739,61932,12.691971,-48.959888,39.9042,2.2,-0.805,A1IV,-0.023,182.81002161427426
61748,61941,12.694345,-1.449375,11.685,2.74,2.402,F0V+...,0.368,9.532350439205146
61767,61960,12.698071,10.235625,36.2713,4.88,2.082,A0V,0.076,12.7997061670518
61773,61966,12.699051,-59.685819,293.2551,4.91,-2.426,B6IV,-0.044,813.5795056053964
61775,61968,12.699199,6.806617,71.5308,5.57,1.298,A2V,0.002,26.351175898638402
61819,62012,12.709858,-48.813109,58.4454,4.66,0.826,K0III,1.075,40.70052394402337
61834,62027,12.713965,-63.058624,373.1343,5.27,-2.589,B2pe,0.195,945.3660459579653
61865,62058,12.719221,-56.176224,117.096,5.99,0.647,B9Vn,-0.074,47.995442493194425
61910,62103,12.727236,-1.576996,66.9792,5.91,1.78,G8IIIp,0.85,16.90440931643263
61938,62131,12.733481,-28.323957,126.4223,5.46,-0.049,K3III,1.346,91.11712330429192
62014,62207,12.749852,39.278916,17.3762,5.95,4.75,G0V,0.557,1.0964781961431846
62030,62223,12.752174,45.440256,320.5128,5.42,-2.109,C7Iab,2.994,607.5751461057412
62074,62267,12.760294,7.673326,77.4593,5.22,0.775,A8m,0.322,42.65795188015925
62075,62268,12.76055,-60.981318,36.8053,4.69,1.86,K1III,1.049,15.703628043335524
62127,62322,12.771346,-68.108119,104.712,3.04,-2.06,B2V,-0.178,580.7644175213123
62130,62325,12.772928,9.539684,45.1467,5.65,2.377,K1III-IV,0.989,9.754387404402998
62132,62327,12.772981,-56.488815,117.9245,4.62,-0.738,B3V,-0.15,171.86996953977382
62161,62356,12.777433,16.577691,104.1667,5.12,0.031,K3III,1.346,84.64474480977
62165,62360,12.779508,-33.315483,108.9325,5.87,0.684,K3III,1.326,46.38739667560309
62207,62402,12.788594,62.781155,60.2773,5.88,1.979,A9V,0.215,14.073431383183483
62228,62423,12.792873,66.790304,227.2727,5.43,-1.353,K5III,1.567,302.83076942657783
62239,62434,12.795359,-59.688764,85.3971,1.25,-3.407,B0.5III,-0.238,2008.1678041839857
62305,62500,12.807297,-27.597384,98.2318,5.65,0.689,G8III,0.947,46.17426594772953
62317,62512,12.810944,60.319822,24.0442,5.83,3.925,F5V,0.467,2.344228815319922
62346,62541,12.815059,14.122584,122.399,5.71,0.271,A1V,0.024,67.8578350950407
62366,62561,12.81855,83.417832,123.0012,5.92,0.47,A0V,0.015,56.49369748123026
62377,62572,12.820496,83.412901,178.8909,5.38,-0.883,A1IIIsh,0.033,196.4264645879856
62381,62576,12.821516,27.552379,92.9368,5.76,0.919,A2V,0.051,37.35940922587999
62413,62608,12.829154,-71.98626,143.2665,5.55,-0.231,G8Ib/II,1.154,107.74571314563667
62445,62641,12.836321,37.516937,109.7695,5.87,0.668,A3V,0.17,47.07604832565833
62487,62683,12.844769,-33.999302,122.6994,4.9,-0.544,B9V,-0.031,143.7474005874361
62507,62703,12.849413,-52.787424,101.833,5.7,0.661,A5V,0.127,47.38053933388255
62535,62732,12.854994,-60.329789,100000.0,5.71,-14.29,A2Iab,0.344,45289757.99036214
62566,62763,12.861645,27.540712,89.1266,4.93,0.18,G0III,0.681,73.79042301291011
62589,62786,12.865815,-39.680431,142.8571,5.99,0.215,B7/B8V,-0.098,71.44963260755135
62664,62861,12.884502,-54.952473,126.7427,5.91,0.395,K3III,1.309,60.53408747539136
62670,62867,12.885258,-48.943315,90.2527,4.33,-0.447,K3/K4III,1.344,131.46192882160844
62689,62886,12.888263,21.244943,86.8056,4.89,0.197,G8III,0.904,72.64404185924761
62697,62894,12.889416,-60.328489,100000.0,5.75,-14.25,B9Ia,0.295,43651583.22401665
62699,62896,12.890607,-40.178872,45.5581,4.25,0.957,A4IV,0.224,36.07447338641916
62734,62931,12.896923,-60.376244,100000.0,5.89,-14.11,B5Ia,0.2,38370724.54922792
62757,62956,12.900472,55.959821,25.31,1.76,-0.256,A0p,-0.022,110.25543321022239
62783,62983,12.905184,-11.64857,68.4932,6.0,1.822,A2V,0.068,16.262975210134087
62785,62985,12.905879,-9.538994,166.9449,4.77,-1.343,M3IIIvar,1.59,300.05440024430936
62803,63003,12.9099,-57.177924,127.0648,4.03,-1.49,B2IV-V,-0.18,343.55794789987465
62805,63005,12.910251,-57.16867,124.8439,5.08,-0.402,B5Vne,-0.089,126.12465753175385
62807,63007,12.910889,-59.146701,117.6471,4.62,-0.733,B4Vn,-0.153,171.0802987599327
62824,63024,12.915702,47.196722,213.2196,5.75,-0.894,M5III,1.451,198.4266498484643
62831,63031,12.916219,-85.123369,107.8749,5.45,0.285,K0III,0.991,66.98846094165262
62833,63033,12.916269,-44.151968,40.0962,5.89,2.874,G2IV,0.633,6.171631684555835
62866,63066,12.922067,-42.915732,202.8398,5.46,-1.076,M0III,1.668,234.63889244641322
62876,63076,12.924598,65.438474,29.2912,5.23,2.896,A5n,0.303,6.047835918818004
62890,63090,12.926725,3.39747,60.8273,3.39,-0.53,M3III,1.571,141.90575216890926
62918,63117,12.932538,-56.835806,100000.0,5.34,-14.66,O9Ib,0.01,63679552.090791486
62921,63121,12.933468,38.314912,36.9004,5.61,2.775,F0V,0.337,6.760829753919817
62925,63125,12.933807,38.31838,35.1989,2.89,0.157,A0spe...,-0.115,75.37025766884257
62943,63143,12.938221,54.099489,86.6551,5.84,1.151,A5m,0.204,30.171715226017724
62963,63165,12.942142,-72.185212,176.3668,5.93,-0.302,G8III,1.115,115.0270547790115
63008,63210,12.951212,-51.198752,112.9944,5.17,-0.095,B8V,-0.066,95.0604793656281
63138,63340,12.979809,75.472508,166.113,6.0,-0.102,K0III,1.03,95.67533686182415
63153,63355,12.982068,17.409446,99.4036,4.76,-0.227,M0III,1.568,107.3494935805236
63212,63414,12.99431,-3.811926,77.9423,5.79,1.331,A3V,0.203,25.562304271125456
63230,63432,12.998665,66.597272,191.5709,5.37,-1.042,K2III,1.282,227.40499508958953
63259,63462,13.004576,30.785021,202.4291,4.88,-1.651,K1IIIp,1.165,398.4740097177752
63291,63494,13.009985,-3.368488,100.3009,5.99,0.983,K2III,1.119,35.22086356184676
63300,63503,13.012125,56.366338,25.4453,4.93,2.902,F2V,0.368,6.014506519775483
63330,63533,13.019337,17.123147,124.6883,5.97,0.491,K0III,0.971,55.41151189716867
63405,63608,13.036278,10.95915,33.6022,2.85,0.218,G8IIIvar,0.934,71.25248247522671
63411,63613,13.037759,-71.548855,27.8707,3.61,1.384,K2III,1.19,24.344451836922016
63485,63688,13.051487,-71.475729,306.7485,5.93,-1.504,B1.5IIIne,0.002,348.0166322150038
63521,63724,13.059256,-49.527264,67.6133,4.83,0.68,A0V,0.029,46.55860935229591
63535,63738,13.062808,-20.583497,28.2087,5.58,3.328,F7V,0.554,4.062561981868435
63698,63901,13.095678,35.798899,104.3841,5.2,0.107,B9V,-0.059,78.92234847899726
63713,63916,13.097853,45.26855,132.626,5.64,0.027,K1III,1.135,84.95716271561207
63742,63945,13.104642,-48.463289,119.6172,4.71,-0.679,B5V,-0.148,162.77960863937983
63745,63948,13.105901,21.153397,49.6771,6.0,2.519,F4V,0.393,8.558546212208237
63747,63950,13.106278,22.616187,225.7336,5.53,-1.238,M5III,1.461,272.3955447120866
63769,63972,13.109743,-41.588443,105.5966,5.59,0.472,K0II/III,1.05,56.38972803349496
63800,64003,13.115069,-35.862033,76.8049,5.63,1.203,A0V,0.05,28.760736288630262
63801,64004,13.11518,-49.906246,143.2665,4.27,-1.511,B1.5V,-0.182,350.26762691381293
63819,64022,13.119646,27.624741,101.626,4.8,-0.235,K5III,1.482,108.14339512979386
63830,64033,13.123418,-59.86051,170.068,5.98,-0.173,B9IV+...,0.435,102.1409751989849
63851,64053,13.127305,-53.459764,100.1001,5.7,0.698,B8V,-0.061,45.793095315174384
63875,64078,13.131614,-10.740408,94.2507,5.15,0.279,K2III,1.138,67.35967762229429
63891,64094,13.135321,-65.306023,100000.0,5.44,-14.56,WC6 + O9.5I,-0.033,58076441.75213124
63919,64122,13.142352,-8.984385,97.0874,5.57,0.634,K3III,1.178,48.573567328785394
63963,64166,13.150909,-23.11807,70.9723,4.94,0.685,K0III,1.048,46.34469197362877
63976,64179,13.153454,10.022468,94.518,5.79,0.912,K0III,1.025,37.60105236684958
64021,64224,13.162578,-10.329327,212.766,5.95,-0.69,K5III,1.49,164.43717232149308
64023,64226,13.163291,16.848611,206.1856,5.91,-0.661,K5III,1.45,160.10319546673313
64034,64238,13.165831,-5.53901,96.8054,4.38,-0.549,A1V,-0.008,144.41090844161207
64037,64241,13.166469,17.529431,17.8253,4.32,3.065,F5V,0.455,5.176068319505676
64042,64246,13.167563,38.498981,63.2911,5.91,1.903,A9III-IV,0.294,15.093848966549519
64128,64332,13.185805,-42.232891,84.8896,5.78,1.136,F7IV,0.521,30.591445594864084
64144,64348,13.189789,-43.368553,68.1663,5.24,1.072,K1/K2III,1.049,32.44890156605365
64185,64390,13.197612,-69.942017,42.1053,5.92,2.798,F3IV/V,0.415,6.619116119411207
64189,64394,13.197904,27.878183,9.1291,4.23,4.428,G0V,0.572,1.4750271017597587
64202,64408,13.200901,-37.803022,20.6697,4.85,3.273,G3V,0.693,4.2736603149693035
64203,64407,13.200984,-16.198601,33.9098,5.04,2.388,F6V,0.46,9.656060985415495
64220,64425,13.204892,-59.920579,116.144,4.58,-0.745,B8V,-0.073,172.98163592151016
64240,64445,13.209145,11.556096,257.0694,5.76,-1.29,M0III,1.499,285.75905433749466
64261,64466,13.21355,-66.226747,90.7441,5.91,1.121,A0V(n),0.048,31.017014994776897
64310,64515,13.223156,-50.699829,112.2334,5.9,0.649,B9V,-0.011,47.907113000307426
64335,64540,13.228597,40.152885,140.8451,4.94,-0.804,K0III,1.061,182.64172487743542
64372,64577,13.236361,-19.930947,38.9712,5.31,2.356,G8III/IV,0.862,9.94489037154792
64375,64580,13.236699,-58.683937,109.1703,5.91,0.719,K0/K1III,1.084,44.915889010593155
64378,64583,13.237578,-59.103235,18.1984,4.9,3.6,F7IV,0.489,3.162277660168378
64383,64587,13.238153,-78.447454,374.5318,5.84,-2.027,F8Ib,1.04,563.3781508509383
64402,64607,13.242023,11.331656,146.6276,5.64,-0.191,M0III,1.514,103.8484455008274
64418,64623,13.245361,-48.957022,72.1501,5.84,1.549,K0IV,1.061,20.912213301552878
64456,64661,13.25416,-67.894589,117.3709,4.79,-0.558,B8V,-0.078,145.61294986160564
64486,64692,13.258882,40.855199,74.0741,5.77,1.422,A7V,0.198,23.50715115938293
64520,64725,13.266322,-19.943103,38.4763,5.21,2.284,K1III,1.011,10.62673865402465
64587,64792,13.279588,9.424156,17.5593,5.19,3.967,G0Vs,0.585,2.255277566745247
64598,64803,13.281425,-31.506196,78.9889,5.1,0.612,K0III,0.959,49.567840659411786
64615,64820,13.286952,-66.783438,366.3004,4.86,-2.959,K2Ib/II,1.48,1329.2295883156826
64617,64822,13.2872,-43.979479,64.8929,5.82,1.759,Am,0.187,17.23455205109162
64618,64823,13.287674,13.675751,99.5025,5.33,0.341,K3III,1.304,63.62092805735179
64639,64844,13.292379,40.572608,81.0373,4.72,0.177,F3III,0.306,73.99459543127244
64647,64852,13.293412,5.469869,207.0393,4.78,-1.8,M2III,1.638,457.0881896148752
64701,64906,13.304034,49.682062,84.246,5.14,0.512,A0V,-0.049,54.35005651294466
64720,64924,13.306763,-18.311196,8.5551,4.74,5.079,G5V,0.709,0.8098414473257883
64722,64927,13.307701,34.098304,153.6098,5.81,-0.122,K4.5III,1.366,97.45407417663063
64758,64962,13.315359,-23.171512,41.0341,2.99,-0.076,G8III,0.92,93.41142557364785
64867,65072,13.3386,40.150548,156.0062,5.6,-0.366,K1III,1.204,122.01128470319304
64904,65109,13.343296,-36.712295,18.0213,2.75,1.471,A2V,0.068,22.469841036401558
64907,65112,13.343843,-52.747825,125.3133,5.47,-0.02,B6V,-0.125,88.71560120379604
64924,65129,13.346761,-55.800688,100000.0,6.0,-14.0,B0.5Ia,0.236,34673685.04525324
64939,65144,13.349367,-46.880008,126.7427,5.76,0.245,K1III,1.106,69.50243175887965
64993,65198,13.361567,2.087243,67.7048,5.69,1.537,A2V,0.045,21.144625616525904
65036,65241,13.369358,5.154764,65.9196,5.89,1.795,A2m,0.109,16.672472125510627
65042,65247,13.371191,-52.182956,100000.0,5.81,-14.19,B2.5Ib,0.072,41304750.1990161
65066,65271,13.377211,-60.988393,108.6957,4.52,-0.661,B3V,-0.141,160.10319546673313
65096,65301,13.383643,-17.735274,93.8086,5.36,0.499,K0III,0.987,55.0047252867634
65118,65323,13.388582,-4.924427,381.6794,5.88,-2.028,K3III,1.431,563.8972803349499
65173,65378,13.398747,54.925362,26.3089,2.23,0.129,A2V,0.057,77.33925780489973
65182,65387,13.400128,-64.535668,79.8085,4.52,0.01,G5III-IV,0.822,86.29785477669702
65215,65420,13.40923,-5.16401,29.967,5.76,3.377,F3V,0.415,3.883291570049549
65261,65466,13.418522,23.854419,87.4891,5.75,1.04,A3IV,0.09,33.419504002611426
65263,65468,13.418694,-74.887818,67.7966,5.04,0.884,K0III,1.11,38.583355990535146
65269,65474,13.419883,-11.161322,76.5697,0.98,-3.44,B1V,-0.235,2070.1413487910413
65272,65477,13.420413,54.987958,25.0564,3.99,1.995,A5V SB,0.169,13.867558288718882
65274,65479,13.420568,-64.485144,39.2003,5.32,2.354,F2III,0.411,9.963226419544174
65317,65522,13.430657,-70.627248,136.0544,5.65,-0.019,Ap,-0.018,88.63392873279338
65330,65535,13.435483,-39.755107,62.3441,5.11,1.136,Kp...,1.181,30.591445594864084
65332,65536,13.435566,72.391476,359.7122,5.82,-1.96,M1III,1.652,529.6634438916581
65340,65545,13.436504,-1.192471,78.3085,5.97,1.501,A7III,0.183,21.85747548686934
65345,65550,13.437943,46.028055,126.2626,5.88,0.374,K0III:,0.985,61.71631684555837
65375,65581,13.445325,-12.707664,134.9528,5.27,-0.381,K5III,1.477,123.70863074892704
65387,65593,13.448922,-41.497562,598.8024,5.69,-3.196,K3III,1.477,1653.4840121711518
65389,65595,13.449205,78.643869,87.6424,5.74,1.026,G2.5IIIb,0.769,33.853221281535426
65433,65639,13.457546,-15.973578,85.9107,4.76,0.09,K1IIICN...,1.096,80.16780633876789
65515,65721,13.473837,13.778787,17.9856,4.97,3.695,G5V,0.714,2.897343587701323
65522,65728,13.474203,59.945787,71.3776,5.4,1.132,A1Vn,-0.01,30.704356507300638
65584,65790,13.486945,10.81831,98.2318,5.65,0.689,K0III,1.052,46.17426594772953
65604,65810,13.490348,-51.165134,155.521,5.04,-0.919,A0V,0.059,203.04860027168058
65729,65936,13.517405,-39.407307,277.7778,3.9,-3.318,G8II/III,1.186,1850.1204347718585
65798,66006,13.532746,-6.255816,122.549,4.68,-0.762,M3III,1.606,175.7114246595095
65857,66065,13.543307,-28.692768,71.582,5.69,1.416,A0/A1V,0.037,23.637416081162932
65883,66091,13.547679,-15.363012,157.7287,5.52,-0.47,K1III,1.228,134.2764961137863
65890,66098,13.549465,-10.165,72.0981,5.21,0.92,K0III,0.964,37.32501577957206
65989,66198,13.568698,55.348434,91.5751,5.6,0.791,A0V,-0.014,42.03393032365494
65991,66200,13.56887,3.658967,56.6572,4.92,1.154,A1p SrCrEu,0.029,30.088462766457255
66025,66234,13.57425,49.015973,55.2792,4.68,0.967,A5V,0.132,35.74374062644807
66038,66247,13.577903,-13.214324,148.1481,5.92,0.067,A0V,0.02,81.88417919005117
66040,66249,13.57822,-0.59582,22.7118,3.38,1.599,A3V,0.114,19.971008660281843
66048,66257,13.579943,37.182415,45.6621,4.91,1.612,F2IV SB,0.404,19.733312795365027
66111,66320,13.592027,-5.396191,97.1817,5.7,0.762,G6III,0.95,43.171784447092264
66191,66400,13.61346,-26.495198,81.5661,5.73,1.172,A7V+...,0.22,29.593749953433893
66208,66417,13.616412,24.613297,140.647,5.72,-0.021,M2III,1.593,88.79734893257664
66218,66427,13.618339,-44.143203,127.2265,5.96,0.437,G8/K0III,0.936,58.23713479437511
66226,66435,13.619731,71.242252,126.1034,5.5,-0.004,K2III,1.219,87.41782564005277
66229,66438,13.62008,-61.691856,35.727,5.63,2.865,F6V,0.493,6.223002851691592
66245,66454,13.623189,-46.427879,126.4223,5.91,0.401,B8V,-0.11,60.20048636844592
66249,66458,13.624345,36.294898,60.9013,4.82,0.897,A7III,0.239,38.124135110429904
66353,66563,13.645021,-29.560867,46.2749,5.81,2.483,F3V,0.431,8.847080928705305
66365,66575,13.646933,-57.622717,100000.0,6.0,-14.0,G5Ib,1.138,34673685.04525324
66424,66634,13.658472,52.921208,53.5906,5.46,1.815,A3Vn,0.113,16.368165214278086
66430,66640,13.659616,10.746269,59.988,5.57,1.68,F0V,0.348,18.535316234148105
66446,66656,13.663488,-40.051708,152.207,5.61,-0.302,K2/K3III,1.301,115.0270547790115
66447,66657,13.664796,-53.466394,131.0616,2.29,-3.297,B1III,-0.171,1814.6797793969301
66456,66666,13.666622,-49.949956,157.4803,5.74,-0.246,M8III,1.496,109.24460532267929
66470,66681,13.669656,-64.576553,69.4444,5.79,1.582,F3III-IV,0.401,20.286167169662928
66516,66727,13.677909,19.955719,100.6036,5.73,0.717,A1V,0.017,44.99870338721506
66527,66738,13.678967,54.681634,160.5136,4.63,-1.398,M2IIIvar,1.63,315.64578912990714
66541,66753,13.682257,-85.786043,83.7521,5.56,0.945,A2m...,0.183,36.47539469256078
66551,66763,13.683986,22.495768,102.9866,5.63,0.566,G9III,1.009,51.713031791696295
66586,66798,13.691625,64.822411,68.2128,5.85,1.681,A2V,0.073,18.518252436381783
66591,66803,13.693549,-8.702984,156.25,5.03,-0.939,M2III,1.623,206.82355559317648
66609,66821,13.695775,-54.559425,83.1947,4.99,0.39,B8Vn+...,-0.055,60.81350012787179
66637,66849,13.700307,-58.787078,239.8082,5.38,-1.519,B9IV,-0.029,352.858025828527
66666,66878,13.706379,82.752408,122.549,5.92,0.478,G9III,0.993,56.078966337451
66691,66903,13.71093,78.064437,100.7049,5.91,0.895,G7III:,1.0,38.194427084004644
66695,66907,13.712063,34.989021,146.8429,5.98,0.146,G5III,0.857,76.13774324561511
66712,66924,13.715287,-41.401043,110.3753,5.96,0.746,K0III,1.019,43.81269820224928
66713,66925,13.715587,-56.767971,884.9558,6.0,-3.735,B0.5III,-0.096,2716.439268839081
66724,66936,13.717698,3.537903,73.0994,5.35,1.03,K1III,1.091,33.728730865886874
66772,66984,13.727802,-42.067521,613.4969,5.96,-2.979,B8III,-0.075,1353.9418114050748
66845,67057,13.741618,-16.179072,252.5253,5.55,-1.462,G1IV/V,0.805,334.81121738605384
66931,67143,13.760249,-26.116009,87.0322,5.81,1.112,A0V,0.023,31.275193114079812
66941,67153,13.761471,-33.043721,19.4024,4.23,2.791,F3V,0.39,6.661929002234552
66960,67172,13.765644,-12.426528,124.6883,5.5,0.021,G8III,0.898,85.42795299048483
66982,67194,13.770435,41.088746,52.5486,5.88,2.277,A5V,0.211,10.695473105661602
66998,67210,13.771964,38.503626,130.719,5.92,0.338,G9III,0.948,63.7969622662579
67019,67231,13.776573,54.432679,89.0472,5.68,0.932,B9p EuCr,-0.039,36.91475581654129
67023,67234,13.777604,-51.432766,80.5153,4.64,0.111,G8/K0III,0.955,78.6321227458418
67027,67239,13.778701,25.702236,89.6861,5.97,1.206,F6IV-V,0.523,28.681377126684662
67032,67244,13.78232,-36.251933,133.8688,5.15,-0.483,A0V,-0.007,135.89391171008015
67038,67250,13.783277,38.542697,97.1817,5.51,0.572,K0III+...,1.036,51.42804319487918
67063,67275,13.78771,17.456906,15.6177,4.5,3.532,F7V,0.508,3.366665743686227
67076,67288,13.790386,-17.859839,207.4689,5.41,-1.175,M2III,1.623,257.03957827688646
67079,67292,13.791005,-50.249291,64.8508,5.92,1.86,A3m...,0.279,15.703628043335524
67088,67301,13.792354,49.313265,31.8674,1.85,-0.667,B3V SB,-0.099,160.99040762157054
67091,67304,13.794052,-50.320682,152.6718,5.46,-0.459,K2III,1.351,132.92295883156825
67171,67384,13.81076,31.190206,87.184,5.61,0.908,K0III,1.032,37.739835253658576
67244,67457,13.824091,-34.450776,56.1167,4.19,0.445,M5III,1.52,57.80960474057178
67246,67459,13.824623,15.797905,80.7754,4.05,-0.486,K5IIIvar,1.52,136.26991969948688
67251,67464,13.825078,-41.687709,133.8688,3.41,-2.223,B2IV,-0.225,674.8387308707573
67259,67472,13.826943,-42.473732,155.0388,3.47,-2.482,B2IV-Ve,-0.17,856.6432555816563
67267,67480,13.828564,21.264105,123.0012,4.92,-0.53,K4III,1.432,141.90575216890926
67272,67485,13.829296,61.489313,125.7862,5.97,0.472,G3V,0.974,56.38972803349496
67281,67494,13.831191,-18.134168,74.9064,4.96,0.587,K0III,1.059,50.72242398926514
67332,67545,13.840189,5.497224,154.7988,6.0,0.051,K0,0.899,83.0998041044432
67392,67605,13.85256,34.664399,207.9002,5.89,-0.699,M2III,1.635,165.80590751089167
67414,67627,13.857205,64.723272,113.8952,4.58,-0.703,M3III,1.572,166.41788566165846
67449,67663,13.863117,-46.898666,487.8049,5.77,-2.671,B2Vp,-0.153,1019.5299775626024
67450,67664,13.863174,-69.401258,223.2143,5.73,-1.014,K5/M0III,1.704,221.61543259597204
67451,67665,13.863188,34.44424,184.1621,4.76,-1.566,K5III,1.611,368.46818914786803
67455,67669,13.863779,-32.994089,105.3741,4.32,-0.794,B5,-0.146,180.9672554788791
67489,67703,13.868021,-52.81153,79.6813,5.26,0.753,B9Vn,-0.084,43.53113592296377
67568,67782,13.886192,28.648131,65.7462,5.91,1.821,A7V,0.202,16.277960863937977
67572,67786,13.886817,-31.927612,195.3125,4.75,-1.704,B4IV,-0.111,418.40801956742774
67573,67787,13.886925,17.932868,211.4165,5.71,-0.916,G5III,0.845,202.48833065305598
67605,67819,13.892437,-35.664248,52.2739,5.53,1.939,F3V,0.444,14.601584968117862
67622,67836,13.895306,-53.373323,276.2431,5.87,-1.336,B5III,0.009,298.12610081722477
67634,67848,13.897507,53.728677,146.8429,5.7,-0.134,A0V,-0.032,98.53715068586186
67647,67861,13.899234,-47.128164,100000.0,5.83,-14.17,B2IIIe,-0.053,40550853.544838436
67711,67927,13.911411,18.397717,11.396,2.68,2.396,G0IV,0.58,9.585173976856456
67713,67929,13.911707,-1.503125,75.5858,5.16,0.768,K2III,1.093,42.933866347043036
67726,67942,13.913646,-67.6521,289.0173,5.74,-1.565,K2III,1.49,368.1289736425313
67757,67973,13.920042,-52.160822,108.2251,5.66,0.488,B8V,-0.072,55.564831283712614
67786,68002,13.925667,-47.288375,117.096,2.55,-2.793,B2.5IV,-0.176,1140.7750129221204
67794,68009,13.927493,-82.66619,245.7002,5.95,-1.002,K2/K3III:p,1.411,219.1795343844129
67862,68079,13.938837,-46.592948,97.561,5.82,0.874,K0IV,1.14,38.94036338797171
67875,68092,13.941077,1.050581,90.2527,5.9,1.123,A8V,0.217,30.959932133091723
67883,68101,13.942489,-54.704665,38.6997,6.0,3.061,G8V,0.78,5.195172830110673
67885,68103,13.942827,27.492082,178.2531,5.02,-1.235,K3IIIvar,1.441,271.6439268839081
67973,68191,13.960809,-63.686696,64.2674,4.71,0.67,K4III,1.075,46.98941086052154
68027,68245,13.971186,-42.100753,161.0306,3.83,-2.205,B2IV,-0.224,663.7430704019089
68051,68269,13.975319,-24.972249,102.0408,5.2,0.156,B8V,-0.086,75.43970821979903
68058,68276,13.977479,21.696219,144.7178,5.76,-0.043,A0Vs,-0.002,90.61498022319977
68064,68282,13.977987,-44.803584,131.0616,3.87,-1.717,B2IV-V,-0.208,423.44791616920764
68115,68333,13.988187,-50.369647,106.1571,5.92,0.79,G8/K0III,0.957,42.072662838444394
68172,68390,14.000037,-25.010403,55.991,5.77,2.029,F6V,0.48,13.440022630821629
68238,68455,14.014596,-66.26891,76.1035,5.96,1.553,F0V,0.352,20.835311605717475
68280,68498,14.022341,8.894906,82.85,5.98,1.389,A2V,0.089,24.23259924092549
68302,68520,14.027443,1.544532,68.9655,4.23,0.037,A3V,0.121,84.17827076608127
68305,68523,14.028748,-45.603421,389.1051,4.34,-3.61,F6II,0.598,2421.0290467361774
68363,68581,14.039662,-27.429773,134.7709,5.47,-0.178,K2/K3III,1.331,102.61243651933424
68450,68670,14.057371,-56.213434,167.2241,5.93,-0.186,K2III,1.207,103.37130523505834
68483,68702,14.063729,-60.373039,120.1923,0.61,-4.789,B1III,-0.231,7171.33482657721
68537,68756,14.073165,64.37585,92.9368,3.67,-1.171,A0III SB,-0.049,256.09435171567696
68596,68815,14.088903,-76.796752,113.1222,5.69,0.422,M6.5III,1.239,59.04729404069869
68642,68862,14.10077,-41.179633,156.4945,4.36,-1.612,B2V,-0.198,384.4147117595778
68675,68895,14.106193,-26.682361,30.9598,3.25,0.796,K2III,1.091,41.84080195674278
68714,68933,14.111395,-36.369954,18.0343,2.06,0.78,K0IIIb,1.011,42.46195639463128
68720,68940,14.111896,-9.313515,58.0383,5.46,1.641,F2IV,0.347,19.21321311403724
68818,69038,14.132154,43.854452,157.2327,5.13,-0.853,M4.2III,1.493,191.07329810428715
68848,69068,14.138145,49.458167,168.3502,5.26,-0.871,M2III,1.637,194.2674323031491
68892,69112,14.147498,77.547514,140.056,4.8,-0.932,K3III,1.368,205.49440413453033
68954,69174,14.159734,-51.504672,251.2563,5.96,-1.041,B9IV,-0.053,227.1956437735269
68971,69191,14.165242,-53.438946,55.9284,4.74,1.002,G8III,0.938,34.60987254853528
69004,69226,14.173315,25.091677,37.4251,4.82,1.954,F9IVw,0.541,14.401243711755706
69047,69269,14.18069,-16.30203,141.2429,4.93,-0.82,M1III,1.684,185.35316234148124
69151,69373,14.201122,69.432548,131.2336,5.18,-0.41,M2III,1.595,127.05741052085419
69167,69389,14.20439,2.409433,79.1766,4.99,0.497,B9p Si,-0.118,55.10614111390659
69193,69415,14.212785,-27.261186,66.7111,5.07,0.949,K2III,1.13,36.3412616064223
69205,69427,14.214929,-10.273702,78.125,4.18,-0.284,K3III,1.323,113.13578641195629
69240,69462,14.221226,-53.665674,653.5948,5.53,-3.547,K5III+...,1.438,2284.546488551829
69261,69483,14.224718,51.789965,50.1002,4.53,1.031,A8IV,0.233,33.69767985844037
69271,69493,14.227997,-0.845463,59.3824,5.89,2.022,F7Vw,0.489,13.526953590130388
69313,69536,14.234773,12.959444,33.9213,5.53,2.878,F6IV,0.537,6.148936385126262
69376,69598,14.245191,-41.837495,136.612,5.61,-0.067,G8III,0.929,92.64031007363995
69390,69612,14.247458,10.10061,81.2348,5.29,0.741,K1III,1.007,44.01492842868153
69396,69618,14.249208,-57.086126,147.7105,5.03,-0.817,B4Vne,-0.074,184.84171953696557
69436,69658,14.256691,-18.20069,75.643,5.53,1.136,A0V,0.001,30.591445594864084
69451,69673,14.26103,19.18241,11.2575,-0.05,-0.307,K2IIIp,1.239,115.55799554021293
69479,69701,14.266908,-6.000547,22.237,4.07,2.335,F7V,0.511,10.139113857366794
69491,69713,14.269439,51.367231,29.0698,4.75,2.433,A9V,0.236,9.264031007363993
69510,69732,14.273074,46.088305,30.3582,4.18,1.769,A0sh,0.087,17.076544728138742
69541,69763,14.277423,-66.587894,400.0,5.72,-2.29,B1.5III,-0.095,717.7942912713615
69606,69829,14.291237,15.26338,233.6449,5.84,-1.003,M3III,1.678,219.38149918979101
69656,69879,14.29995,35.509505,71.582,4.8,0.526,K1III,1.057,53.65373995198518
69673,69896,14.303877,-81.00776,42.337,4.89,1.756,A2m...,0.243,17.282238729497653
69706,69929,14.310627,-18.715968,102.0408,5.86,0.816,Ap Si(Cr),0.013,41.07712125533876
69742,69965,14.316922,-25.815426,18.0343,5.87,4.59,F7Vw,0.518,1.2705741052085415
69751,69974,14.318498,-13.371095,57.1755,4.52,0.734,A1V,0.128,44.299619910036355
69766,69989,14.321188,13.004299,26.096,5.41,3.327,F5IV,0.385,4.066305463404283
69772,69995,14.323302,-37.002907,73.4754,5.93,1.599,A1V,0.082,19.971008660281843
69773,69996,14.323396,-46.058093,103.6269,3.55,-1.527,B2.5IV,-0.184,355.4675819990699
69789,70012,14.325689,-2.265518,80.1925,5.14,0.619,G9III,1.023,49.24929296050272
69804,70027,14.329233,16.306948,57.3394,4.84,1.048,K3III,1.228,33.17416496945389
69813,70035,14.331002,-61.272972,48.3559,5.22,1.798,Am,0.281,16.62646796893536
69831,70054,14.336029,-43.058843,113.1222,5.55,0.282,G8III,0.907,67.17381285473806
69846,70069,14.338763,-56.386497,375.9398,4.3,-3.576,B6Ib,0.082,2346.3889244641323
69867,70090,14.342623,-37.885295,79.3651,4.05,-0.448,A0IV,-0.03,131.58306550959193
69881,70104,14.345159,-45.18706,43.554,4.78,1.585,F0IV,0.31,20.23019178678272
70020,70243,14.372145,-34.786792,420.1681,5.57,-2.547,B8V,-0.088,909.4943385552956
70025,70248,14.373108,-80.108945,197.6285,5.06,-1.419,B4V,-0.108,321.8103443093442
70041,70264,14.376971,-58.459117,117.5088,4.76,-0.59,G8/K1 + F/G,0.795,149.96848355023724
70077,70300,14.383956,-39.511819,140.2525,4.41,-1.325,B2V,-0.185,295.1209226666387
70083,70306,14.384942,-27.754017,48.2625,4.78,1.362,K3III,1.3,24.84276893696803
70104,70327,14.389638,8.446617,65.9196,4.86,0.765,A0V,0.01,43.05266104917108
70140,70363,14.396834,-53.176233,112.9944,5.99,0.725,K1III,1.099,44.668359215096324
70161,70384,14.400243,8.243969,135.5014,5.94,0.28,A3V,0.066,67.29766562843174
70177,70400,14.403151,5.820131,48.7567,5.1,1.66,A5V,0.124,18.879913490962927
70246,70469,14.413508,-24.80631,140.647,5.34,-0.401,K0III,0.962,126.0085459088238
70269,70492,14.418426,-68.195333,621.118,5.56,-3.406,A3Ib,0.435,2006.3190647905747
70274,70497,14.419967,51.850744,14.5307,4.04,3.229,F7V,0.497,4.450409766495371
70351,70574,14.435619,-45.221424,334.4482,4.56,-3.062,B2IV,-0.147,1461.5039720061645
70353,70576,14.436336,-45.379276,97.8474,4.33,-0.623,A7:+...,0.434,154.59662193866743
70380,70602,14.440935,19.2269,89.1266,5.4,0.65,F0m,0.231,47.863009232263806
70415,70638,14.448801,-83.667884,91.659,4.31,-0.501,K2III,1.3,138.16562311673286
70434,70657,14.451973,-65.821646,277.0083,5.87,-1.342,K3III,1.502,299.77816715823843
70440,70663,14.453392,-46.134254,67.8426,5.83,1.672,Am,0.311,18.672393883829486
70470,70692,14.458758,75.695993,110.011,4.25,-0.957,K4III,1.431,210.280983703774
70530,70753,14.469564,-29.491638,120.6273,4.97,-0.437,B7/B8V,-0.074,130.256678613669
70532,70755,14.470038,-2.227957,36.2582,4.81,2.013,G2III,0.693,13.639548675066383
70568,70791,14.477197,49.844851,100.0,5.58,0.58,G3IV,0.864,51.05049999754062
70572,70794,14.478256,-6.900536,191.5709,5.42,-0.992,K5III,1.49,217.17008433479904
70670,70894,14.497366,0.828929,79.3021,5.96,1.464,A5IV,0.159,22.615177461083626
70691,70915,14.502399,-45.321355,146.1988,5.51,-0.315,B8Vn,-0.087,116.41260294104909
70707,70931,14.505823,-49.519018,62.3441,5.38,1.406,A1V,0.056,23.856130399309123
70762,70987,14.519678,-38.869708,96.6184,5.99,1.065,K1III,1.06,32.658783217233584
70777,71002,14.521224,-67.717197,76.0456,5.84,1.435,K1III,1.006,23.227367963571062
70828,71053,14.5305,30.371437,49.0918,3.57,0.115,K3III,1.298,78.34296427662116
70851,71075,14.534636,38.308253,26.6099,3.04,0.915,A7IIIvar,0.191,37.49730022454834
70869,71094,14.538953,26.677284,73.6377,6.0,1.664,A7Vn,0.23,18.810485289187042
70885,71111,14.541926,55.39801,190.1141,5.74,-0.655,K5III,1.529,159.220872705117
70889,71115,14.542374,22.260059,54.0249,5.91,2.247,F2IV,0.391,10.995120668793497
70895,71121,14.543629,-50.457157,176.3668,4.44,-1.792,B2III,-0.177,453.73261693794143
70958,71182,14.558325,-52.679522,100.3009,5.86,0.853,K0III,1.085,39.7008678112184
70959,71184,14.559004,-54.998628,76.4526,5.86,1.443,F6IV-V,0.482,23.056851369472863
71054,71280,14.577676,49.368354,262.4672,5.74,-1.355,M1III,1.56,303.3891184194272
71058,71284,14.578,29.74513,15.8328,4.47,3.472,F3Vwvar,0.364,3.5579513055974274
71125,71352,14.591786,-42.157824,93.7207,2.33,-2.529,B1Vn + A,-0.157,894.5404837788689
71127,71353,14.592079,-41.517436,112.4859,5.88,0.625,B6V,-0.085,48.97788193684461
71193,71419,14.605288,-46.245451,214.5923,5.55,-1.108,K3III,1.489,241.65734514368276
71227,71453,14.61226,-40.21158,147.4926,5.74,-0.104,B8V,-0.112,95.8517397685646
71274,71500,14.622266,-46.133439,418.41,5.39,-2.718,K0III,0.927,1064.6331870513125
71310,71536,14.631454,-49.425828,96.8992,4.05,-0.882,B5V,-0.152,196.24563241736897
71342,71568,14.636837,43.64213,276.2431,5.74,-1.466,K2III,1.481,336.04698246069955
71345,71571,14.637219,18.298379,99.0099,5.9,0.922,K2III:,1.099,37.25632384666037
71347,71573,14.63756,54.023339,110.2536,5.83,0.618,A1V,0.007,49.29467413122059
71392,71618,14.647289,44.4045,57.0125,5.39,1.61,A1V,0.03,19.76969640111861
71453,71681,14.660346,-60.8383,1.3248,1.35,5.739,K1V,0.9,0.44096081645063756
71456,71683,14.660765,-60.833976,1.3248,-0.01,4.379,G2V,0.71,1.543121065657792
71533,71759,14.678442,13.534325,50.813,5.93,2.4,F0V,0.238,9.549925860214358
71536,71762,14.678768,16.418324,93.7207,4.49,-0.369,B9p MnHg,-0.002,122.3488805326814
71557,71783,14.683721,-36.134858,189.7533,5.67,-0.721,Ap Si,-0.081,169.19986025030056
71569,71795,14.68582,13.7283,53.8793,3.78,0.123,A3IVn,0.044,77.76783344557053
71606,71832,14.694097,8.161764,164.7446,4.86,-1.224,G8IIIvar,0.992,268.9056950029252
71611,71837,14.695423,11.660662,123.6094,5.55,0.09,G8III,0.941,80.16780633876789
71634,71860,14.698823,-47.3882,142.4501,2.3,-3.468,B1.5III,-0.154,2124.222477388697
71639,71865,14.699332,-37.793498,103.9501,4.01,-1.074,B2.5V,-0.157,234.20706947938237
71682,71908,14.708492,-64.975138,16.57,3.18,2.083,F1Vp,0.256,12.78792262935846
71731,71957,14.717673,-5.658207,18.2715,3.87,2.561,F2III,0.385,8.233794052101345
71748,71974,14.720431,-24.997753,152.439,5.7,-0.215,B9.5V,0.006,106.16955571987242
71769,71995,14.723712,26.52785,215.9827,4.8,-1.872,M3III,1.672,488.4273784229252
71783,72010,14.727624,-35.173655,64.2261,4.06,0.021,K3III,1.356,85.42795299048483
71786,72012,14.72901,40.459254,209.6436,5.72,-0.887,K4III,1.398,197.15146109965866
71878,72104,14.749778,-35.191826,65.703,4.92,0.832,A0V,0.013,40.47622486878734
71879,72105,14.749784,27.074222,62.1118,2.35,-1.616,A0,0.966,385.83355990535125
71899,72125,14.754017,16.96428,74.5156,4.6,0.239,K0III,0.972,69.88757961347103
71905,72131,14.754802,-62.875648,48.4496,5.36,1.934,A7Vn,0.308,14.66898282206286
71928,72154,14.75839,0.717271,151.2859,5.68,-0.219,B9.5V,-0.021,106.56142021585192
71971,72197,14.766691,-25.443181,30.2847,5.15,2.744,F0V + G/K,0.315,6.95664753528352
71982,72208,14.768319,15.131788,247.5248,5.78,-1.188,M5III,1.335,260.13572566531326
71984,72210,14.768547,-23.153018,103.7344,5.8,0.72,K0III,0.98,44.87453899331323
71994,72220,14.770812,1.892885,41.2371,3.73,0.654,A0V,-0.005,47.68699981017778
72024,72250,14.774724,-47.441116,93.7207,5.74,0.881,A1V,0.066,38.69011316551085
72064,72290,14.783694,-52.383518,79.6813,5.22,0.713,G6III,0.984,45.16479049291119
72070,72296,14.784747,-38.290639,153.6098,5.9,-0.032,K3III,1.336,89.70156084148144
72097,72323,14.789599,-25.624267,227.7904,5.61,-1.178,B9IV/V,-0.043,257.75078699705375
72131,72357,14.795779,-26.0875,109.7695,5.23,0.028,G8/K0III,0.938,84.87895030072441
72144,72370,14.797701,-79.044751,136.9863,3.83,-1.853,K5III,1.433,479.95442493194446
72152,72378,14.799322,-26.646155,137.1742,5.76,0.074,B9.5V,-0.007,81.35795056053963
72206,72432,14.810569,-36.634697,157.7287,5.89,-0.1,M5III,1.369,95.49925860214354
72212,72438,14.812377,-66.593563,431.0345,5.91,-2.263,B2.5V,-0.106,700.164359372975
72261,72487,14.821853,46.116205,48.9956,5.76,2.309,F7IVw,0.482,10.384844550082734
72262,72488,14.821874,-24.25147,310.559,5.68,-1.781,K3III+...,1.275,449.1588901059318
72263,72489,14.821959,-14.149022,72.9395,5.32,1.005,Ap,0.066,34.514373933585624
72298,72524,14.828143,48.720804,68.5871,5.68,1.499,F6V+...,0.501,21.897775550985763
72326,72552,14.832888,28.615832,98.4252,5.8,0.834,A4V,0.046,40.401733537300046
72341,72567,14.837723,23.911844,18.1719,5.86,4.563,G2V,0.576,1.3025667861366892
72345,72571,14.838147,-27.960371,101.5228,4.42,-0.613,K3III,1.366,153.1792715893416
72347,72573,14.838814,82.511944,43.29,5.63,2.448,F9V,0.671,9.136923736814541
72356,72582,14.841577,37.272047,64.3501,5.47,1.427,K0III-IV,1.03,23.399145610550992
72377,72603,14.844773,-15.997237,22.9779,5.15,3.343,F3V,0.401,4.00682154182211
72380,72607,14.845105,74.155505,40.1445,2.07,-0.948,K4IIIvar,1.465,208.54510476931685
72396,72622,14.847977,-16.041778,23.2396,2.75,0.919,A3IV,0.147,37.35940922587999
72404,72631,14.850298,-2.29915,67.0241,4.93,0.799,G8...,0.988,41.72535112317937
72432,72659,14.856493,19.10046,6.7123,4.54,5.406,G8V + K4V,0.72,0.5992389025834781
72437,72664,14.857362,59.293985,138.8889,5.48,-0.233,K4III,1.369,107.94437099844531
72456,72683,14.860641,-43.575359,123.9157,4.32,-1.146,B5IV,-0.154,250.26493257310798
72546,72773,14.876462,-63.809827,505.0505,5.91,-2.607,F8II + A/F,0.66,961.1695415159313
72573,72800,14.880855,-37.80316,150.8296,5.02,-0.872,B7II/III,-0.155,194.44644164481286
72606,72833,14.887097,-73.190071,101.0101,5.59,0.568,G5III,0.82,51.61786054966728
72622,72848,14.889939,19.152798,11.5101,6.0,5.695,K2V,0.841,0.4591980128368683
72702,72929,14.905592,-24.642202,127.8772,5.27,-0.264,K2/K3III,1.336,111.07082559188639
72707,72934,14.906354,-11.898348,103.3058,5.78,0.709,G7III,0.982,45.331490614641204
72732,72959,14.910532,-33.300575,320.5128,5.85,-1.679,K2III,1.429,408.8838902676978
72809,73036,14.926287,-60.114164,49.4315,5.18,1.71,K1III,1.161,18.03017740859569
72822,73049,14.929085,-33.855785,77.821,5.32,0.865,A0V,0.046,39.26449353995997
72860,73087,14.937008,14.446266,183.1502,5.9,-0.414,A0V,-0.031,127.52637064597302
72868,73095,14.938123,-52.809548,61.5006,5.38,1.436,A2III,0.142,23.20598461598921
72873,73100,14.939724,49.628449,25.1067,5.63,3.631,F7V,0.533,3.0732649292042913
72884,73111,14.942239,-47.879198,169.2047,5.62,-0.522,B+...,-0.035,140.86399463612562
72901,73129,14.945554,-62.781016,462.963,5.08,-3.248,B4Vnp,-0.023,1734.6026278792858
72906,73133,14.946142,-11.409701,168.3502,5.48,-0.651,K4III,1.491,158.6353605478501
72938,73165,14.953055,-4.346462,26.9034,4.47,2.321,F0V,0.318,10.270698960262813
72939,73166,14.953244,16.388128,163.1321,5.72,-0.343,G5III:,0.951,119.45380829338862
72957,73184,14.957765,-21.415475,5.8404,5.72,6.888,K4V,1.024,0.1530382532177437
72966,73193,14.959236,-0.167612,89.3655,5.51,0.754,K1III,1.131,43.49106072324536
72972,73199,14.959743,65.93246,140.8451,4.63,-1.114,M5III,1.59,242.9964897703228
72996,73223,14.964755,-76.662655,114.8106,5.37,0.07,K4III,1.442,81.65823713585922
73046,73273,14.975537,-43.13396,117.3709,2.68,-2.668,B2III,-0.184,1016.716800466376
73056,73284,14.977572,-27.657314,113.1222,5.65,0.382,A6IV,0.262,61.26324544438649
73083,73310,14.98155,-11.144014,95.057,5.88,0.99,K3III-IV,1.274,34.99451670283571
73107,73334,14.986025,-42.104194,117.5088,3.13,-2.22,B2IV,-0.208,672.9766562843175
73123,73350,14.989754,4.567761,215.0538,5.91,-0.753,M1III,1.615,174.26091898259304
73142,73369,14.993598,39.265333,51.4933,5.64,2.081,F1III-IV,0.336,12.811500562783971
73188,73415,15.003147,-77.16055,233.6449,5.92,-0.923,G8II,1.052,203.79803862870568
73246,73473,15.016208,-8.518943,90.009,4.91,0.139,B9.5V,0.0,76.63020722739192
73265,73493,15.020303,-38.058398,119.7605,5.88,0.488,K2/K3III,1.246,55.564831283712614
73270,73497,15.022174,-2.754927,227.7904,5.52,-1.268,M0III,1.692,280.02705950106355
73280,73507,15.024195,60.204453,105.7082,5.91,0.789,A4V,0.107,42.11143104363183
73308,73536,15.030255,-0.140295,704.2254,5.71,-3.529,M2III,1.509,2246.984103640156
73312,73540,15.030754,-83.227646,120.7729,5.65,0.24,G8/K0III,0.962,69.82324040771711
73327,73555,15.032436,40.390566,69.0608,3.49,-0.706,G8III,0.956,166.87835113653907
73338,73566,15.035119,-28.060611,101.7294,5.83,0.793,A4IV,0.164,41.95657223387252
73340,73568,15.035141,25.008138,113.8952,4.8,-0.483,K4III,1.506,135.89391171008015
73392,73620,15.048344,2.091303,59.9161,4.39,0.502,K0III,1.026,54.852951394120325
73396,73624,15.049799,-32.643294,118.9061,5.45,0.074,B3V,-0.127,81.35795056053963
73406,73634,15.051683,35.205795,85.8369,5.52,0.852,G8III:,1.023,39.73745050614631
73467,73695,15.063174,47.65406,12.5078,4.83,4.344,G2V + G2V,0.647,1.593675881028766
73486,73714,15.067839,-25.281965,88.4173,3.25,-1.483,M3/M4III,1.674,341.3500729493114
73517,73745,15.074098,26.947649,75.4148,4.52,0.133,K2III,1.24,77.05485366297151
73544,73771,15.079711,-83.038311,598.8024,5.65,-3.236,G8Ib,1.273,1715.5366477283449
73548,73776,15.08003,-64.03135,84.6024,5.16,0.523,G8III,0.935,53.80219571891124
73579,73807,15.085303,-47.051245,135.8696,3.91,-1.756,B5,-0.144,438.9347855347174
73598,73826,15.088656,-41.067236,108.2251,5.13,-0.042,G8III,1.011,90.53155916484845
73613,73841,15.090515,48.150972,84.1043,5.59,0.966,A1V,-0.005,35.77667699361107
73681,73909,15.104638,54.556318,78.9266,5.24,0.754,G8III,0.958,43.49106072324536
73709,73937,15.109222,-30.918483,121.3592,5.97,0.55,Ap Si,-0.076,52.48074602497726
73717,73945,15.110444,-16.256818,213.2196,5.19,-1.454,K5III,1.589,332.35330357747745
73768,73996,15.121682,24.869195,19.5542,4.93,3.474,F5V,0.429,3.551403349828821
73778,74006,15.123874,-49.088612,103.5197,5.77,0.695,G8III,0.92,45.91980128368685
73838,74066,15.136703,-40.58393,110.742,5.75,0.528,B8IV Si,-0.113,53.554997084011326
73859,74087,15.139939,26.301152,158.7302,5.67,-0.333,K2III,1.24,118.35864919618605
73868,74096,15.143212,25.108635,143.0615,5.82,0.042,K1III,1.233,83.79150674384097
73872,74100,15.144223,-42.867921,118.7648,5.85,0.477,B7V,-0.123,56.13064076752012
73889,74117,15.147394,-45.279857,238.0952,4.07,-2.814,B3V,-0.162,1163.054323328467
73956,74184,15.15831,-67.084133,100000.0,5.76,-14.24,F8Iab-Ib,0.675,43251383.10350088
73996,74224,15.168702,-38.792511,131.406,5.98,0.387,G6III,0.867,60.9817663998785
74011,74239,15.171843,-26.332621,130.3781,5.75,0.174,K0III,1.045,74.19933277899432
74068,74296,15.185777,-84.787812,97.1817,5.88,0.942,B9.5V,-0.031,36.57631930094521
74078,74305,15.187773,-55.346032,662.2517,5.45,-3.655,G2Ib/II,1.118,2523.480772480573
74148,74376,15.198918,-48.737819,55.1876,3.88,0.171,B9V,-0.029,74.40463661919195
74153,74380,15.199363,-48.743687,77.7605,5.7,1.246,A3IV,0.144,27.64394371220336
74158,74386,15.201184,18.976031,221.7295,5.9,-0.829,M4III,1.414,186.89599716514905
74164,74392,15.203692,-19.79171,116.4144,4.54,-0.79,Asp...,-0.071,180.3017740859568
74167,74395,15.20476,-52.099247,35.9712,3.41,0.63,G8III,0.918,48.75284901033863
74221,74449,15.213776,-44.500414,154.5595,4.83,-1.115,B3IV,-0.177,243.2204009073816
74311,74539,15.231476,-26.193569,305.8104,5.84,-1.587,G8/K0II,1.139,375.66436461445863
74333,74561,15.235011,31.787845,203.252,5.98,-0.56,K5,1.552,145.8814260275349
74354,74582,15.238658,-70.079476,359.7122,5.75,-2.03,N0v,3.271,564.9369748123029
74368,74596,15.241435,29.164295,77.3994,5.28,0.836,A2V,0.062,40.3273792976113
74376,74604,15.2437,-31.519121,598.8024,4.91,-3.976,F3III,0.374,3391.5638690582196
74377,74605,15.243926,67.346722,25.3421,5.15,3.131,F9IV,0.55,4.870796664925367
74421,74649,15.253154,4.939362,114.4165,5.32,0.028,K0III,1.092,84.87895030072441
74438,74666,15.258376,33.314833,37.3413,3.46,0.599,G8III,0.961,50.164905677322295
74461,74689,15.263633,0.372139,46.1467,5.62,2.299,A4V,0.181,10.480934333628731
74468,74696,15.264907,-48.073661,49.8753,5.96,2.471,A3m,0.21,8.945404837788686
74479,74707,15.267785,-41.491155,540.5405,5.15,-3.514,F:+...,0.564,2216.154325959723
74503,74732,15.273059,-22.399416,144.7178,5.52,-0.283,K2III,1.357,113.03163247386966
74521,74750,15.276859,-60.903996,515.4639,5.74,-2.821,B0.5V,-0.057,1170.5770359631379
74549,74778,15.282471,-60.957255,100000.0,5.04,-14.96,O8.5V,-0.077,83945998.65193999
74556,74785,15.283449,-9.382917,56.7537,2.61,-1.16,B8V,-0.071,253.51286304979072
74564,74793,15.284968,71.823901,122.1001,5.02,-0.414,K4III,1.369,127.52637064597302
74595,74824,15.291917,-58.801208,30.553,4.07,1.645,A3V,0.088,19.14255925021086
74608,74837,15.294136,-63.610465,125.0,4.85,-0.635,K2.5III,1.26,156.3147642640954
74628,74857,15.297178,-30.148673,99.9001,4.35,-0.648,K1II/III,1.1,158.1976398601154
74667,74896,15.306807,20.572778,109.2896,5.68,0.487,G5IV,0.972,55.61603195975923
74672,74901,15.307257,-0.461234,222.7171,5.88,-0.859,K5III,1.507,192.13213114037242
74682,74911,15.308897,-47.875272,102.8807,4.27,-0.792,B8V,-0.086,180.63420831699753
74712,74941,15.313651,-60.496334,100000.0,5.43,-14.57,O7Iab:,-0.089,58613816.45140297
74717,74946,15.315181,-68.679545,56.3698,2.87,-0.885,A1V,0.014,196.7886289706845
74721,74950,15.315661,-40.788222,167.7852,5.59,-0.534,B9V,-0.099,142.42951649732905
74746,74975,15.321888,1.765408,25.3807,5.04,3.017,F8III-IV,0.54,5.410034068634677
74814,75043,15.334763,51.958515,67.659,5.65,1.498,A4V,0.122,21.91795343844129
74820,75049,15.335714,29.616209,82.7815,5.51,0.92,K0III,1.015,37.32501577957206
74868,75097,15.345483,71.834016,149.2537,3.0,-2.87,A3II-III,0.058,1224.6161992650489
74890,75119,15.350554,0.715337,73.3676,5.35,1.022,K3III,1.191,33.978171182708316
74898,75127,15.352114,-5.824853,92.6784,5.54,0.705,K1III,1.047,45.498806015004845
74912,75141,15.356201,-40.647518,271.0027,3.22,-3.945,B1.5IV,-0.227,3296.0971217745796
74948,75177,15.36344,-36.261376,84.317,3.57,-1.06,K5III,1.534,231.20647901755964
74949,75178,15.363495,32.933695,80.3213,5.38,0.856,B9Vn,-0.051,39.591321672816605
74952,75181,15.363507,-48.317628,14.8126,5.65,4.797,G2V,0.639,1.0500258721108844
74977,75206,15.368975,-47.927792,35.8551,4.99,2.217,F8V,0.515,11.303163247386966
75027,75256,15.377014,62.047076,136.9863,5.99,0.307,A0sp...,-0.033,65.6447501951699
75028,75257,15.377048,39.581463,595.2381,5.56,-3.313,K4III,1.626,1841.6199035246714
75031,75260,15.377341,63.341439,112.8668,5.72,0.457,K4III,1.315,57.17418729175535
75035,75264,15.378021,-44.689622,156.9859,3.37,-2.609,B2IV-V,-0.191,962.941712971556
75075,75304,15.385931,-36.858489,159.2357,4.54,-1.47,B4V,-0.155,337.2873086588689
75079,75308,15.386265,-60.657176,40.3388,5.65,2.621,F7V,0.489,7.791121911130926
75083,75312,15.38675,30.287812,17.8635,4.99,3.73,G2V,0.577,2.805433637951713
75094,75323,15.389625,-59.320787,137.5516,4.48,-1.212,B5III + F8,0.169,265.9500032721518
75123,75352,15.397844,-12.369501,172.4138,5.72,-0.463,G8III,1.039,133.41356829031054
75150,75379,15.403303,-10.322266,31.2305,4.92,2.447,F5IV,0.453,9.145343031204598
75182,75411,15.408181,37.377167,34.6861,4.31,1.609,F0V,0.309,19.787913352337373
75209,75439,15.412504,-39.710268,124.6883,5.36,-0.119,Ap...,-0.093,97.18517029401686
75229,75458,15.415494,58.966065,31.027,3.29,0.831,K2III,1.166,40.513522022926395
75272,75501,15.422285,-38.73362,120.3369,4.6,-0.802,A0V,0.0,182.30559606810678
75301,75530,15.429832,15.428036,211.4165,5.16,-1.466,M1III,1.65,336.04698246069955
75336,75565,15.437389,-68.309167,105.042,5.89,0.783,K0III,1.0,42.34479161692072
75343,75572,15.438166,34.335996,157.9779,5.46,-0.533,K4III,1.41,142.2983944579332
75418,75647,15.455037,-36.76756,131.2336,5.46,-0.13,B5V,-0.15,98.17479430199843
75436,75665,15.459193,-64.531504,209.205,5.71,-0.893,K5/M0III,1.646,198.24397628726393
75466,75695,15.463818,29.105703,34.2818,3.66,0.985,F0p,0.319,35.15604405282981
75467,75696,15.464287,60.670217,195.6947,5.9,-0.558,K5III,1.441,145.61294986160564
75501,75730,15.470947,-16.716484,240.3846,5.64,-1.265,K4III,1.545,279.2543841237339
75532,75761,15.477288,1.842081,39.7456,5.15,2.154,A8IV,0.245,11.978432778258552
75599,75828,15.490075,-46.732704,335.5705,5.26,-2.369,K4III,1.731,771.9692476102512
75713,75944,15.511223,-16.609464,155.7632,5.82,-0.142,K0III,1.056,99.2658806871031
75742,75973,15.515488,40.833047,257.0694,5.04,-2.01,K5III,1.589,554.6257129579104
75743,75974,15.515514,64.208693,94.6074,5.74,0.86,K0III-IV,0.976,39.44573020752785
75777,76008,15.523619,77.349352,262.4672,5.0,-2.095,K5III,1.545,599.7910762555094
75782,76013,15.525228,-73.389591,380.2281,5.4,-2.5,B1npe,-0.146,870.9635899560806
75811,76041,15.529718,40.899332,119.0476,4.98,-0.399,A5V,0.086,125.77664324512543
75874,76106,15.543528,-19.67046,70.0771,5.5,1.272,A2IV,0.197,26.989820734720144
75894,76126,15.548673,-16.852844,201.2072,5.53,-0.988,B3V,-0.148,216.3714721779108
75895,76127,15.548829,31.359133,115.0748,4.14,-1.165,B6Vnn,-0.127,254.6830252585042
75901,76133,15.549427,-1.186399,85.9107,5.5,0.83,K0III,1.092,40.55085354483837
75975,76207,15.567143,-40.066432,352.1127,5.82,-1.913,M2III,1.695,507.2242398926514
75987,76219,15.569638,-10.064529,28.9268,4.61,2.303,K1IV,1.0,10.442392185431741
76011,76243,15.574032,-9.183416,122.399,5.16,-0.279,B6IV,-0.09,112.61597469078663
76027,76259,15.577033,-28.046983,97.561,5.13,0.184,K2/K3III,1.306,73.51906920715662
76035,76267,15.578128,26.714693,23.0097,2.22,0.41,A0V,0.032,59.70352865838366
76044,76276,15.580041,10.538867,69.9301,3.8,-0.423,F0IV,0.268,128.58786926343993
76065,76297,15.585681,-41.166757,129.0323,2.8,-2.753,B2IV,-0.216,1099.5120668793497
76075,76307,15.587476,39.010067,189.7533,5.14,-1.251,M2III,1.65,275.67666102901
76079,76311,15.587835,53.922144,118.0638,5.97,0.609,K4III:,1.184,49.70499105762348
76100,76333,15.592105,-14.789537,50.025,3.91,0.414,K0III,1.007,59.48397740692212
76137,76371,15.598126,-44.958389,131.2336,4.55,-1.04,B3IVp,-0.175,226.98648518838212
76142,76376,15.599182,54.630567,78.3085,5.77,1.301,A2V,0.051,26.278465408384932
76163,76397,15.603364,-44.396823,166.9449,5.44,-0.673,M0III,1.497,161.88253626421067
76190,76424,15.608121,16.119085,52.0562,5.93,2.348,F3V,0.354,10.018437657240257
76191,76425,15.608216,10.010176,70.8717,5.26,1.008,K0p,0.925,34.419138826842904
76206,76440,15.612,-66.317037,61.8429,4.11,0.154,K0III,1.161,75.5788013680452
76235,76470,15.61707,-28.135079,68.5871,3.6,-0.581,K3III,1.361,148.73048700465293
76274,76509,15.625562,54.508733,109.1703,5.85,0.659,K1III:,1.098,47.46789794829222
76284,76519,15.62755,69.283344,235.2941,5.65,-1.208,M0III,1.371,264.9720098878964
76297,76532,15.630011,-23.141698,84.246,5.79,1.162,K0III,1.074,29.8675775503349
76299,76534,15.630441,40.353433,52.0291,5.25,1.669,G8III-IV,0.886,18.72405895986799
76317,76552,15.634232,-42.567348,67.0241,4.34,0.209,K4.5III,1.412,71.84557087925968
76333,76568,15.637833,46.797751,35.7015,5.76,2.997,F2V,0.353,5.510614111390657
76334,76569,15.637855,-21.016327,87.3362,5.82,1.114,K0III,1.077,31.21763510848165
76359,76594,15.642833,50.423283,115.4734,5.84,0.528,G8III,0.847,53.554997084011326
76365,76600,15.64427,-29.777754,112.4859,3.66,-1.595,B2.5V,-0.177,378.44258471709315
76383,76618,15.647079,-52.372695,125.3133,5.43,-0.06,B9V,0.005,92.04495717531717
76392,76628,15.648488,-19.301892,95.4198,5.36,0.462,G8III/IV,0.883,56.91149576288411
76433,76669,15.656299,36.635812,145.1379,4.64,-1.169,B7V+...,-0.103,255.6230427112548
76469,76705,15.662772,-34.411926,67.3401,4.66,0.519,G8/K0III,0.964,54.000775906659264
76480,76716,15.665726,-59.908338,30.931,5.95,3.498,F6V,0.505,3.473761519726526
76506,76742,15.67136,-23.818078,117.2333,4.97,-0.375,K3III,1.302,123.02687708123811
76514,76750,15.672598,-73.446685,239.2344,5.64,-1.254,B8IV,-0.04,276.43943712203344
76574,76810,15.683083,16.024588,185.8736,6.0,-0.346,G8III,0.908,119.78432778258546
76593,76829,15.686505,-44.661205,17.4368,4.64,3.433,F5IV-V,0.413,3.6880771722615435
76616,76852,15.692516,19.670401,58.2751,4.51,0.683,A1V,0.062,46.43014072818033
76630,76866,15.696504,12.847528,67.3854,5.34,1.197,A0p Sr,0.033,28.920113962154876
76641,76877,15.698527,-76.081959,129.199,5.95,0.394,B9V,-0.034,60.58986711389654
76642,76878,15.698532,18.464037,53.0786,5.8,2.175,A2m,0.207,11.748975549395297
76644,76880,15.699111,-19.678828,94.6074,4.75,-0.13,K5III,1.574,98.17479430199843
76702,76939,15.710645,-37.424935,79.9361,5.23,0.716,G8/K0III,0.987,45.040167816808726
76709,76945,15.711395,-34.710407,111.4827,4.75,-0.486,B5V,-0.151,136.26991969948688
76716,76952,15.712381,26.295637,44.7828,3.81,0.554,A1Vs,0.02,52.28775553134414
76721,76957,15.714107,52.360903,91.5751,5.48,0.671,B9p...,-0.042,46.94615193825908
76760,76996,15.721161,-84.465273,66.1376,5.57,1.468,A2V,0.118,22.532013356294836
76812,77048,15.73314,32.515807,74.6269,5.57,1.206,G9III:,1.076,28.681377126684662
76816,77052,15.733839,2.515173,14.6585,5.86,5.03,G5V,0.684,0.847227414140596
76819,77055,15.734299,77.794493,113.1222,4.29,-0.978,A3Vn,0.038,214.3877665973507
76824,77060,15.734556,-15.672834,45.7457,5.41,2.108,A6IV,0.238,12.496833972112185
76835,77070,15.737798,6.425627,22.6757,2.63,0.852,K2III,1.167,39.73745050614631
76850,77086,15.739633,-41.819089,143.8849,5.93,0.14,A0V + B,-0.007,76.55966069112566
76927,77163,15.756523,5.447315,113.3787,5.57,0.297,A1V,0.035,66.25215359025829
76991,77227,15.768233,-1.804193,137.931,5.39,-0.308,B8III,-0.035,115.6644774165645
76997,77233,15.769793,15.421826,47.5511,3.65,0.264,A3V,0.073,68.29674408079636
77022,77257,15.77406,7.353073,12.1242,4.42,4.002,G0Vvar,0.604,2.1837353276021747
77036,77272,15.776337,55.474791,269.5418,5.94,-1.213,K3III,1.404,266.19506511518387
77041,77277,15.777772,62.599557,87.7193,5.19,0.475,A2IV,0.062,56.23413251903491
77050,77286,15.77895,-34.682454,117.9245,5.61,0.252,B8V,-0.117,69.05577442196835
77100,77336,15.788144,14.115348,76.6871,5.71,1.286,A3V,0.094,26.64403527724896
77135,77370,15.793867,55.376627,73.8007,5.85,1.51,A3m,0.249,21.67704104819695
77154,77390,15.798078,-65.442291,111.9821,5.54,0.294,A5,0.231,66.43546819760057
77176,77412,15.803696,13.789078,144.7178,5.98,0.177,K2III,1.272,73.99459543127244
77206,77442,15.80956,28.156749,100000.0,5.89,-14.11,C00 (F8pe),0.608,38370724.54922792
77214,77450,15.812327,18.141564,117.096,4.09,-1.253,M1III,1.616,276.18494420752944
77228,77464,15.815777,-3.818513,54.0249,5.53,1.867,A5IV,0.12,15.60270868693061
77276,77512,15.82657,26.068394,52.1376,4.59,1.004,G5III-IV,0.794,34.54617749058202
77280,77516,15.827002,-3.430208,52.0021,3.54,-0.04,A0V,-0.036,90.36494737223013
77305,77541,15.83264,-48.912408,59.5948,5.86,1.984,A2IV,0.068,14.008769839545833
77326,77562,15.835304,-53.20977,94.518,5.78,0.902,B8V,-0.076,37.94897062076348
77342,77578,15.838207,2.196509,83.8223,5.21,0.593,G8III,1.019,50.4428945952414
77386,77622,15.846935,4.47773,21.5983,3.71,2.038,A2m,0.147,13.32907464231338
77398,77634,15.849316,-33.627165,59.8444,3.97,0.085,B9.5III-IV,-0.045,80.53784411990665
77399,77635,15.849652,-25.751295,151.7451,4.63,-1.276,B1.5Vn,-0.072,282.09799536634296
77409,77645,15.851891,-55.055533,662.2517,5.74,-3.365,B2II,0.017,1931.9683170169242
77420,77655,15.85387,35.657382,30.4971,4.79,2.369,K0III-IV,0.996,9.826525828295317
77424,77660,15.854331,-3.090497,49.7512,5.09,1.606,A3Vn,0.135,19.84266498484643
77426,77661,15.85442,20.977919,114.9425,4.74,-0.562,K5III,1.534,146.15039720061645
77442,77678,15.858736,-47.0608,137.741,6.0,0.305,K1IV,1.152,65.76578373554206
77502,77738,15.871269,55.826713,102.8807,5.81,0.748,G8III:,0.972,43.73206651696449
77524,77760,15.877903,42.451518,15.8932,4.6,3.594,F9V,0.563,3.179801427691526
77575,77811,15.888905,-20.16704,94.8767,5.04,0.154,B3V,-0.014,75.5788013680452
77604,77840,15.893533,-25.327142,154.0832,4.59,-1.349,B2.5Vn,-0.073,301.7171522601772
77617,77853,15.897093,-16.729293,51.6529,4.13,0.565,K0III,1.003,51.760683195056785
77622,77858,15.89831,-24.533157,128.866,5.38,-0.171,B5V,-0.011,101.95299775626025
77623,77859,15.898851,-23.978094,130.8901,5.41,-0.175,B2V,-0.033,102.32929922807536
77666,77902,15.909615,20.310968,156.4945,5.45,-0.522,M0III,1.588,140.86399463612562
77671,77907,15.910516,43.138567,200.4008,5.35,-1.159,M3III,1.645,253.2794765689993
77673,77909,15.910981,-25.243741,157.9779,5.87,-0.123,B8III/IV,-0.065,97.54387404403
77703,77939,15.916768,-19.382926,236.4066,5.95,-0.918,B2/B3V,-0.013,202.8616716966293
77716,77952,15.919083,-63.430727,12.3778,2.83,2.367,F2III,0.315,9.844643639803781
77746,77982,15.924891,-68.603001,370.3704,5.11,-2.733,G6VII,1.108,1079.443709984454
77748,77984,15.925023,-26.265993,125.1564,5.63,0.143,A3V,0.141,76.34841051830966
77750,77986,15.925166,42.566193,164.4737,5.73,-0.35,B9p,-0.102,120.22644346174118
77754,77990,15.925665,-60.177647,51.2558,5.78,2.231,Amvar,0.355,11.158350522886675
77776,78012,15.929884,37.946958,41.5628,5.43,2.336,F0IV,0.352,10.12977968760102
77808,78045,15.934982,-60.482477,66.0066,5.76,1.662,A3V,0.087,18.84516741721554
77836,78072,15.940882,15.661617,11.2537,3.85,3.594,F6V,0.478,3.179801427691526
77868,78104,15.948077,-29.214073,144.7178,3.87,-1.933,B2IV/V,-0.199,516.6542425669502
77869,78105,15.948193,-33.966134,42.3729,5.14,2.005,A3V,0.129,13.740419750125149
77870,78106,15.948366,-33.964281,46.0617,5.59,2.273,B9V,0.072,10.734949358052354
77896,78132,15.954048,14.41448,73.9645,5.54,1.195,K1IV,1.141,28.973435877013213
77906,78142,15.955924,-36.185344,242.7184,5.78,-1.146,K0/K1III+..,1.095,250.26493257310798
77923,78159,15.959794,26.87788,67.8887,4.14,-0.019,K3III,1.231,88.63392873279338
77932,78168,15.96124,-20.98308,141.2429,5.84,0.09,B3V,0.012,80.16780633876789
77944,78180,15.963196,54.749762,33.5796,4.96,2.33,F0IV,0.269,10.185913880541165
77971,78207,15.969825,-14.279358,143.472,4.95,-0.834,B8Ia/Iab,-0.08,187.75866989193483
78010,78246,15.976352,-24.831488,170.3578,5.43,-0.727,B5V,-0.092,170.13748158991976
78029,78265,15.980865,-26.114105,179.5332,2.89,-3.381,B1V + B2V,-0.18,1960.6496672266012
78040,78276,15.982697,36.643773,234.192,5.61,-1.238,K5III,1.529,272.3955447120866
78043,78279,15.982821,-65.037585,272.4796,5.74,-1.437,B7III,-0.066,327.1899836231792
78087,78323,15.991743,-41.744436,133.6898,4.99,-0.64,G8III,0.988,157.03628043335516
78148,78384,16.002036,-38.396706,135.5014,3.42,-2.24,B2.5IV,-0.206,685.488226452662
78164,78400,16.005447,-16.53335,35.2113,5.47,2.737,F7V,0.517,7.001643593729745
78165,78401,16.005557,-22.62171,150.6024,2.29,-3.599,B0.2IV,-0.117,2396.624529408638
78199,78436,16.013231,-8.411353,150.1502,5.53,-0.353,A0Vs,0.043,120.55910077295344
78205,78442,16.014204,4.427363,75.0751,5.82,1.443,K0III:,1.003,23.056851369472863
78223,78459,16.017412,33.303509,17.2354,5.39,4.208,G2V,0.612,1.8063420831699757
78244,78481,16.020644,17.818397,76.9231,5.1,0.67,G8III,0.992,46.98941086052154
78256,78493,16.024047,29.851061,95.6023,4.98,0.078,A0p...,-0.05,81.0587682464737
78290,78527,16.031532,58.565251,21.0349,4.01,2.395,F8IV-V,0.528,9.594006315159328
78304,78542,16.034877,52.915917,248.7562,5.93,-1.049,K5III,1.498,228.8758657062362
78316,78554,16.038248,22.804454,54.8847,4.82,1.123,A3V,0.066,30.959932133091723
78354,78592,16.046634,46.036705,113.8952,4.72,-0.563,B9III,-0.094,146.28506869998535
78400,78639,16.053579,-49.229695,67.2948,4.65,0.51,G8III,0.902,54.450265284242114
78410,78649,16.055379,36.631787,200.8032,5.79,-0.724,A2V+...,0.586,169.6680232346464
78411,78650,16.05573,-25.86524,63.6537,4.96,0.941,K3III,1.234,36.610022854654304
78416,78655,16.05672,-38.602541,122.549,4.9,-0.542,B6III/IV,-0.146,143.4828518232589
78422,78661,16.058718,76.793939,157.4803,5.73,-0.256,A3V,0.051,110.25543321022239
78423,78662,16.058931,-57.775064,39.3856,4.63,1.653,A7IV,0.252,19.00203002577232
78426,78665,16.059545,-32.000538,55.2181,6.0,2.29,F5IV/V,0.47,10.56817509213658
78507,78747,16.076899,-37.862951,37.8788,5.91,3.018,F3V,0.409,5.4050535370866895
78580,78820,16.09062,-19.805453,123.9157,2.56,-2.906,B0.5V,-0.065,1265.9017493002452
78581,78821,16.09071,-19.80186,122.1001,4.9,-0.534,B2V,-0.024,142.42951649732905
78628,78868,16.098851,-72.400898,89.2061,5.7,0.948,K1IIICNII,1.169,36.37474856426324
78637,78877,16.101772,-23.606315,161.2903,5.9,-0.138,B8V,-0.071,98.90084450210652
78653,78893,16.105475,67.810134,77.821,5.44,0.985,A0Vn,-0.019,35.15604405282981
78673,78914,16.108176,-45.173185,37.5094,4.73,1.859,Am,0.23,15.71809828203918
78678,78918,16.109874,-36.802288,127.0648,4.22,-1.3,B2.5Vn,-0.184,288.40315031266056
78693,78933,16.113452,-20.669192,144.5087,3.93,-1.869,B1V,-0.046,487.07966649253666
78730,78970,16.121168,-36.755676,54.7945,5.72,2.026,F0/F2V,0.298,13.477210138513502
78750,78990,16.123424,-20.868764,89.1266,4.31,-0.44,G6/G8III,0.831,130.61708881318404
78766,79005,16.126782,-12.74541,112.3596,5.75,0.497,B9V,0.018,55.10614111390659
78767,79007,16.127094,9.891743,99.0099,5.63,0.652,A7V,0.2,47.7749234659094
78804,79043,16.134591,17.04698,112.7396,5.0,-0.26,G8III,0.931,110.66237839776664
78810,79050,16.135439,-26.326679,146.8429,5.35,-0.484,M2III,1.643,136.01913228556703
78832,79072,16.141132,8.53431,247.5248,5.69,-1.278,M3.5IIIa,1.575,282.6181179810158
78858,79098,16.145478,-23.685416,136.0544,5.86,0.191,B9V,0.02,73.04659895204111
78861,79101,16.146162,44.934906,62.5391,4.23,0.249,B9MNp...,-0.045,69.24684643226364
78879,79119,16.149529,36.490944,35.7782,4.73,1.962,K0III-IV,1.015,14.295521400370353
78880,79120,16.149689,3.454475,121.5067,5.93,0.507,K5III,1.471,54.60092497542736
78897,79137,16.153115,6.378695,28.3126,5.93,3.67,K1+...,0.988,2.964831389524342
78913,79153,16.155154,-57.934318,85.8369,5.57,0.902,B9V,-0.024,37.94897062076348
78955,79195,16.164033,-3.466729,146.8429,5.39,-0.444,K4III,1.446,131.09918746497777
78959,79199,16.164609,-33.545805,125.0,5.5,0.015,B8V,-0.075,85.90135215053961
79040,79280,16.180424,75.877563,189.3939,5.48,-0.907,B8V,-0.093,200.81678041839857
79062,79302,16.18391,-29.41622,97.4659,5.09,0.146,K0III,1.131,76.13774324561511
79080,79320,16.188256,-41.119803,64.7249,5.86,1.805,F0IV,0.273,16.51961798229015
79109,79349,16.193899,23.494801,209.205,5.74,-0.863,M4IIIa,1.519,192.8412775639425
79117,79357,16.196556,42.374569,193.7984,5.89,-0.547,K4II+...,1.464,144.14513857582102
79118,79358,16.196682,36.425094,207.0393,5.62,-0.96,K3III SB,1.352,210.86281499332887
79134,79374,16.199926,-19.460708,145.3488,4.0,-1.812,B2IV,0.076,462.16813609224465
79135,79375,16.199997,-10.064253,47.7099,4.93,1.537,A3IV,0.087,21.144625616525904
79147,79387,16.202032,-8.547576,77.3994,5.43,0.986,A4V,0.118,35.12367904656808
79159,79399,16.204456,-28.417305,93.0233,5.67,0.827,B9V,0.012,40.66305463404283
79164,79404,16.205057,-27.926372,146.8429,4.58,-1.254,B2V,-0.172,276.43943712203344
79248,79488,16.220953,5.021086,121.8027,5.46,0.032,K5III,1.472,84.56682000993546
79257,79497,16.222984,-55.540947,66.7557,5.78,1.658,F2III,0.365,18.914723628330144
79270,79509,16.224648,-54.630467,131.2336,4.95,-0.64,G4III,1.017,157.03628043335516
79300,79540,16.230807,-11.837747,116.0093,5.24,-0.082,K3III,1.394,93.92906516183989
79352,79593,16.239094,-3.694323,52.4659,2.73,-0.869,M1III,1.584,193.9099078614849
79355,79596,16.239546,-33.011088,174.5201,5.91,-0.299,K0III,1.021,114.70966197735565
79366,79607,16.24469,33.858613,21.0793,5.23,3.611,F8V,0.599,3.1304011900962374
79412,79653,16.254257,-47.372021,118.2033,5.13,-0.233,B8V,-0.114,107.94437099844531
79423,79664,16.257297,-63.685682,186.2197,3.86,-2.49,G5II,1.105,862.9785477669702
79425,79666,16.257955,18.808087,106.6098,5.72,0.581,K3III,1.126,51.003502395944686
79431,79672,16.260352,-8.369442,13.9005,5.49,4.775,G1V,0.652,1.0715193052376057
79448,79689,16.263834,-57.91235,129.7017,5.61,0.045,A5III,0.137,83.56030182312479
79512,79754,16.278687,-53.811109,237.5297,5.45,-1.429,M2IV,1.696,324.78801876353714
79516,79757,16.279107,29.150261,204.499,5.8,-0.753,A3V,0.063,174.26091898259304
79548,79790,16.283593,-50.068122,450.4505,4.97,-3.298,F9Ia,0.788,1816.3519311765112
79555,79797,16.284849,-67.941285,52.2193,5.95,2.361,A4V,0.159,9.899197750805842
79562,79804,16.287595,59.755023,226.7574,5.37,-1.408,M4IIIa,1.551,318.566423657311
79580,79822,16.291791,75.75533,29.7354,4.95,2.584,F5V,0.393,8.061205638638908
79639,79881,16.304973,-28.61402,41.2882,4.8,1.721,A0V:,0.008,17.848429164980065
79640,79882,16.305358,-4.692511,32.6371,3.23,0.661,G8III,0.966,47.38053933388255
79696,79938,16.316783,-14.872825,325.7329,5.97,-1.594,K3IIICNpvar,1.475,378.09418668329647
79711,79953,16.319783,49.038159,196.0784,5.93,-0.532,K6III,1.369,142.16739313080038
79721,79963,16.321568,-42.673965,106.9519,5.44,0.294,A3Vn,0.099,66.43546819760057
79738,79980,16.325758,-30.906716,48.2625,5.53,2.112,F5IV,0.466,12.450878639160537
79750,79992,16.329011,46.313366,94.2507,3.91,-0.961,B5IV,-0.151,211.0571162884348
79759,80000,16.330687,-50.155508,39.4789,4.01,1.028,G8III,1.08,33.7909187437723
79766,80008,16.33199,39.708584,26.3783,5.48,3.374,F3IV-V,0.41,3.894036338797171
79805,80047,16.339119,-78.695745,233.6449,4.68,-2.163,M5III,1.68,638.5574850788397
79812,80054,16.340345,-55.139706,102.3541,5.76,0.709,G6III,0.97,45.331490614641204
79815,80057,16.340795,-78.667496,187.9699,5.27,-1.1,K3III,1.413,239.88329190194898
79837,80079,16.343939,-24.16932,269.5418,4.55,-2.603,A4II/III,0.758,957.6349769692685
79870,80112,16.353143,-25.592796,213.6752,2.9,-3.749,B1III,0.299,2751.693132808793
79919,80161,16.363536,69.109391,89.9281,5.26,0.491,K2III,1.115,55.41151189716867
79928,80170,16.365338,19.15313,59.0667,3.74,-0.117,A9III,0.299,97.00631337839567
79938,80179,16.367875,1.029039,27.2702,4.82,2.642,F0V,0.338,7.641876239634676
79939,80181,16.368287,30.891996,56.243,4.86,1.11,K0III,0.97,31.33285724315584
79955,80197,16.372618,33.799052,196.4637,5.2,-1.266,M2III,1.631,279.51170539918456
79966,80208,16.374444,-49.572354,141.844,5.32,-0.439,B6IV,-0.047,130.49684141302234
79970,80212,16.374741,-43.912051,289.0173,5.89,-1.415,G2Ib,1.121,320.62693245054675
79973,80214,16.374783,33.703478,182.1494,5.4,-0.902,K5III,1.523,199.89411112356606
80069,80309,16.396437,61.696461,155.2795,5.67,-0.286,G8III,0.956,113.34438229710335
80089,80331,16.39986,61.514213,28.2326,2.73,0.476,G8III,0.91,56.182362813422785
80095,80337,16.400355,-39.19298,12.7779,5.37,4.838,G3/G5V,0.625,1.0111137119549065
80101,80343,16.401718,-20.037327,61.1621,4.48,0.548,K0III,0.996,52.57750822566941
80109,80351,16.403008,6.948207,112.3596,5.83,0.577,A2sp...,0.018,51.1917527999711
80133,80375,16.407037,55.205096,119.9041,5.75,0.356,A2svar...,0.001,62.7480161997852
80148,80390,16.408821,-37.566044,129.0323,5.42,-0.133,B8V,-0.104,98.44643639803782
80157,80399,16.411046,-29.704663,33.0907,5.4,2.801,G0,0.625,6.600852070021595
80217,80460,16.42338,37.394079,74.4602,5.53,1.17,A5V,0.174,29.648313895243422
80221,80463,16.423598,14.03327,76.6871,4.57,0.146,B9p Cr,0.002,76.13774324561511
80232,80473,16.426422,-23.447178,110.742,4.57,-0.652,B2V,0.227,158.78153642056157
80238,80480,16.42874,78.963854,42.8816,5.55,2.389,F0V,0.249,9.647171518961672
80327,80569,16.450399,-18.456251,161.0306,4.22,-1.815,B2Vne,0.217,463.44691973628795
80339,80582,16.453067,-47.554786,162.6016,4.46,-1.596,B4V,-0.07,378.7913037851569
80377,80620,16.462071,-7.597929,176.9912,5.24,-1.0,M2 comp,1.721,218.77616239495518
80385,80628,16.463385,-8.371731,40.95,4.62,1.559,A3m,0.185,20.72048897759003
80402,80645,16.465918,-64.057942,38.8048,5.28,2.336,F4IV,0.383,10.12977968760102
80406,80650,16.4664,68.768137,149.2537,4.94,-0.93,A0III,-0.051,205.11621788255647
80428,80672,16.470685,-37.179881,110.3753,5.79,0.576,K1IIICN...,1.104,51.238923866467964
80431,80675,16.470881,-58.599795,411.5226,5.67,-2.402,B9III,0.008,795.7927898970927
80442,80686,16.474422,-70.084401,12.1168,4.9,4.483,F9V,0.555,1.4021678337057588
80449,80693,16.476106,0.665002,124.8439,5.41,-0.072,K4IIIp,1.461,93.06791831626532
80460,80704,16.477373,41.881677,108.5776,4.83,-0.349,M6III:var,1.289,120.1157617937579
80519,80763,16.490128,-26.432002,169.7793,1.06,-5.089,M1Ib + B2.5V,1.865,9453.660459579653
80538,80782,16.495091,-46.243229,558.6592,5.35,-3.386,B1.5Iap,0.488,1969.6996148999256
80549,80793,16.496367,-14.550879,91.3242,5.66,0.857,G5III/IV,0.823,39.554873505556216
80570,80815,16.503466,-25.115224,126.7427,4.79,-0.725,B3V,-0.116,169.82436524617444
80571,80816,16.503668,21.489613,42.6621,2.78,-0.37,G8III,0.947,122.4616199265049
80598,80843,16.50932,20.479188,192.6782,5.24,-1.184,G8p,1.274,259.1791134615946
80629,80874,16.513713,-61.633503,240.9639,5.19,-1.72,K0II/IIICN.,1.236,424.619563946313
80637,80883,16.515229,1.983923,53.0786,3.82,0.195,A2V,0.022,72.77798045368239
80648,80894,16.518991,-16.612733,74.6826,4.29,-0.076,G8/K0III,0.924,93.41142557364785
80652,80898,16.520398,22.195458,257.732,5.76,-1.296,K5III,1.605,287.3425886674871
80665,80911,16.523037,-34.704366,170.068,4.24,-1.913,B2III-IV,-0.168,507.2242398926514
80699,80945,16.528269,-41.817145,833.3333,5.31,-4.294,B1Ia,0.299,4545.691935849245
80707,80953,16.529786,45.598281,69.3001,5.61,1.406,A4Vn,0.125,23.856130399309123
80729,80975,16.535611,-21.46639,51.7063,4.45,0.882,Ap,0.13,38.65449465982838
80744,80991,16.540463,60.823323,113.7656,5.92,0.64,A2V,0.039,48.30588020397728
80761,81007,16.543246,5.52122,118.3432,5.63,0.264,B9.5III,-0.044,68.29674408079636
80762,81008,16.543415,11.488041,107.6426,4.84,-0.32,K4III,1.495,116.94993910198711
80819,81065,16.557609,-78.897148,47.9157,3.86,0.458,K0IV SB,0.923,57.12155216230428
80876,81122,16.568061,-44.045315,100000.0,4.86,-15.14,B0Ia,0.045,99083194.48927706
80880,81126,16.568384,42.437041,96.5251,4.2,-0.723,B9Vvar,-0.013,169.51182515314002
80895,81141,16.572044,-70.988097,248.139,5.5,-1.473,K1IIICN...,1.235,338.220556669654
81006,81252,16.595775,-65.495399,104.9318,5.5,0.395,G8/K0III,0.949,60.53408747539136
81020,81266,16.598043,-28.216016,145.3488,2.82,-2.992,B0V,-0.206,1370.2505971242451
81043,81289,16.603113,46.613333,306.7485,5.83,-1.604,G8II,1.044,381.59264911893365
81044,81290,16.603174,52.900048,130.8901,5.53,-0.055,B9.5Vn,-0.06,91.62204901219992
81046,81292,16.603812,52.924422,126.4223,5.07,-0.439,B9V,-0.027,130.49684141302234
81054,81300,16.605958,-2.324584,9.7513,5.77,5.825,K2V,0.827,0.4073802778041125
81058,81304,16.606242,-35.255326,105.042,4.18,-0.927,K5III,1.535,204.5502431109354
81059,81305,16.606268,-42.858861,416.6667,5.46,-2.639,O9Ia,0.338,989.9197750805841
81130,81377,16.619316,-10.56709,112.2334,2.54,-2.711,O9.5V,0.038,1057.791322499501
81189,81437,16.633462,56.01554,83.0565,5.28,0.683,K1III,1.055,46.43014072818033
81224,81472,16.640637,-43.398426,192.3077,5.83,-0.59,B2.5IV,-0.053,149.96848355023724
81249,81497,16.645794,48.928342,127.0648,4.86,-0.66,M2.5III,1.562,159.95580286146696
81275,81523,16.651452,-37.21737,112.1076,5.93,0.682,B9.5V+...,-0.035,46.472924167620356
81392,81641,16.677413,4.219789,90.009,5.77,0.999,A1V,-0.004,34.705635400798755
81411,81660,16.681978,64.589046,225.7336,4.84,-1.928,K1p,1.212,514.2804319487918
81444,81693,16.688113,31.602726,10.7158,2.81,2.66,F9IV,0.65,7.516228940182053
81452,81702,16.689004,-48.762957,100000.0,5.57,-14.43,O5,0.169,51522864.458175726
81460,81710,16.689756,-68.296123,202.8398,5.89,-0.646,B7IV,-0.078,157.90649727284276
81474,81724,16.692884,-17.742167,126.4223,4.91,-0.599,G8II/III,1.095,151.2167848791768
81479,81729,16.693527,26.91688,43.7445,5.92,2.715,F2III,0.402,7.144963260755133
81483,81733,16.694507,-49.651552,671.1409,5.62,-3.514,B1II,-0.043,2216.154325959723
81484,81734,16.695134,1.181231,55.5864,5.74,2.015,F2.7III-IV,0.336,13.614446824659497
81491,81741,16.695961,-33.145759,86.881,5.84,1.145,G1II,0.653,30.338911841942704
81504,81754,16.698247,-19.924377,42.0521,5.55,2.431,F3V,0.436,9.281111710201682
81583,81833,16.714933,38.922254,33.3111,3.48,0.867,G8III-IV,0.916,39.192232245497664
81602,81852,16.718126,-77.517435,48.1232,4.23,0.818,K0III,1.06,41.00152405066133
81604,81854,16.71838,77.513973,36.1011,5.99,3.202,F4V,0.43,4.562469770768502
81716,81966,16.744374,-53.152313,223.2143,5.96,-0.784,G8III,1.23,179.30813770804414
81722,81972,16.745165,-40.839675,163.6661,5.64,-0.43,B3V,-0.093,129.4195841449985
81742,81992,16.750053,-28.509657,216.9197,5.99,-0.691,A3IV,0.103,164.58869432193018
81770,82020,16.754946,56.781857,26.1097,4.84,2.756,F2V,0.375,6.880183161430378
81777,82028,16.756255,15.745289,139.0821,5.6,-0.116,M3III,1.637,96.91700839472904
81823,82073,16.763859,8.582616,108.5776,5.15,-0.029,K5III,1.535,89.45404837788688
81830,82080,16.766159,82.037262,93.1966,4.21,-0.637,G5IIIvar,0.897,156.60297206860486
81859,82110,16.772563,-58.503595,302.1148,5.74,-1.661,B2IV-V,-0.101,402.1610443342134
81878,82129,16.777779,-67.109691,213.6752,5.1,-1.549,Ap,-0.08,362.7438014764576
81884,82135,16.779989,-39.376962,88.2613,5.48,0.751,K0III,0.975,43.61139713930644
81920,82171,16.788795,-58.341441,826.4463,5.55,-4.036,B0Iab,-0.096,3584.2640804371426
81921,82172,16.788818,42.238918,231.4815,5.86,-0.963,M4IIIa,1.504,211.44625616525914
81965,82216,16.796227,5.246746,120.6273,5.22,-0.187,B9p (Cr),-0.001,103.46655758424376
82022,82273,16.811077,-69.027715,119.7605,1.91,-3.482,K2IIb-IIIa,1.447,2151.7905703397573
82070,82321,16.820615,45.983323,55.2486,4.82,1.108,A2p...,0.087,31.39062769137658
82099,82350,16.826294,13.261141,100.1001,5.91,0.908,A1V,0.015,37.739835253658576
82112,82363,16.82976,-59.041378,91.7431,3.77,-1.043,K5III,1.562,227.6145393141645
82118,82369,16.830563,-10.783,31.9795,4.64,2.116,F7IV,0.478,12.40509230042225
82144,82396,16.83608,-34.293232,19.5351,2.29,0.836,K2IIIb,1.144,40.3273792976113
82151,82402,16.838717,7.247683,54.407,5.48,1.802,A3m,0.108,16.565326493180176
82171,82422,16.844155,29.806538,327.8689,5.73,-1.849,M1III,1.626,478.18946066590837
82229,82480,16.856925,1.215947,116.144,5.51,0.185,A2Vs,0.055,73.45138681571152
82242,82493,16.859367,-41.230534,100000.0,5.23,-14.77,O9e,0.047,70469306.89671452
82253,82504,16.862573,24.656433,214.1328,5.03,-1.623,K2II-III,1.246,388.32915700495494
82263,82514,16.864509,-38.04738,153.6098,3.0,-2.932,B1.5IV + B,-0.2,1296.5820353826284
82294,82545,16.872263,-38.017536,145.3488,3.56,-2.252,B2IV,-0.21,693.1065451499361
82336,82587,16.882796,31.701674,29.1886,5.34,3.014,F0V,0.319,5.425003216311501
82360,82611,16.888213,47.416725,201.2072,5.99,-0.528,K2III,1.325,141.64459272385145
82369,82621,16.89034,-20.415555,26.9397,5.86,3.708,G5IV,0.685,2.862859270872121
82398,82650,16.895119,-43.050968,232.0186,5.95,-0.878,M3II/III,1.643,195.52396696208865
82419,82671,16.899924,-42.362025,787.4016,4.7,-4.781,B1Iae,0.444,7118.6886726228095
82420,82672,16.900106,-57.909507,217.3913,5.91,-0.776,M0III,1.592,177.99180203953355
82421,82673,16.900131,10.165359,75.188,4.39,0.009,B8V,-0.088,86.37737465291839
82424,82676,16.90051,-41.806389,793.6508,5.46,-4.038,B0.5Ia,0.176,3590.872623694513
82464,82716,16.907484,-42.478891,440.5286,5.84,-2.38,F5Ib-II,0.626,779.8301105232586
82477,82729,16.909731,-42.361313,40.568,3.62,0.579,K4III,1.393,51.09754090546759
82478,82730,16.909915,-6.153982,73.8007,5.23,0.89,K2III,1.1,38.370724549227866
82512,82764,16.915324,20.958488,82.7815,5.39,0.8,G8III,0.966,41.68693834703355
82523,82775,16.916251,-41.150858,694.4444,5.78,-3.428,O8Iab+...,0.132,2047.3872763416373
82550,82802,16.922825,18.433213,120.048,5.35,-0.047,K4III,1.407,90.9494338555295
82554,82806,16.923523,-63.269659,144.0922,5.99,0.197,A0III,0.059,72.64404185924761
82607,82860,16.93375,65.134796,15.2579,4.88,3.963,F6Vvar,0.481,2.2636016404497483
82648,82902,16.941328,-52.283746,116.144,5.94,0.615,A0III,-0.069,49.43106869868354
82669,82925,16.946677,-23.150346,93.1099,5.57,0.725,A0V,-0.018,44.668359215096324
82704,82960,16.953104,-33.259492,290.6977,5.48,-1.837,K5III,1.606,472.93341491865164
82745,83000,16.961139,9.375033,28.0426,3.19,0.951,K2IIIvar,1.16,36.27438014764577
82802,83057,16.971651,-50.641185,159.2357,5.53,-0.48,B9IV,0.016,135.51894123510365
82826,83081,16.977006,-55.990141,149.0313,3.12,-2.746,K5III,1.552,1092.4460532267929
82895,83150,16.992771,-69.268164,241.5459,5.79,-1.125,Ap Si,-0.103,245.4708915685031
82898,83153,16.993069,-53.160438,110.6195,4.06,-1.159,K4III,1.452,253.2794765689993
82921,83176,16.999363,-25.092198,165.8375,5.88,-0.218,M1/M2III,1.607,106.46331870513124
82932,83187,17.001745,-54.597179,51.8135,5.64,2.068,A3V,0.194,12.965820353826278
82941,83196,17.002641,-24.98907,33.7041,5.74,3.102,F3V,0.407,5.002648624210058
82952,83207,17.004827,30.926405,47.5285,3.92,0.535,A0V,-0.018,53.21082592667942
82961,83216,17.00749,-48.647759,106.8376,5.98,0.836,G5IV,0.883,40.3273792976113
82980,83235,17.010275,-35.934133,98.5222,5.95,0.982,K2IIICN...,1.161,35.253318119588606
82999,83254,17.016149,22.632095,952.381,5.69,-4.204,K3III,1.332,4184.080195674273
83007,83262,17.017667,-4.222644,124.2236,4.82,-0.651,K4III,1.483,158.6353605478501
83058,83313,17.026767,33.56827,98.8142,5.27,0.296,A3IV,0.028,66.31320218835526
83081,83336,17.03129,-32.143519,137.1742,5.03,-0.656,B8V,-0.1,159.36758810287665
83112,83367,17.038526,25.50562,95.9693,5.76,0.849,G7III:,1.018,39.847400971777496
83175,83430,17.052186,14.091947,121.0654,4.97,-0.445,M3III,1.6,131.2199899019203
83176,83431,17.052419,-53.237028,27.2257,5.27,3.095,F6V,0.498,5.035006087879046
83221,83478,17.060917,13.605346,76.746,5.91,1.485,A1V,0.01,22.181964198002195
83234,83491,17.064146,-38.152572,64.6831,5.91,1.856,F3V,0.409,15.761589049638374
83278,83535,17.073534,-57.712166,174.5201,5.73,-0.479,B5IV,-0.097,135.39418114050747
83317,83574,17.080376,-34.12293,100000.0,4.83,-15.17,B2Iab,0.257,101859138.8054119
83344,83601,17.088005,0.702559,20.6654,6.0,4.424,F9V,0.578,1.4804713248976245
83351,83608,17.088929,54.470042,27.4348,4.91,2.718,F5,0.471,7.125248247522669
83358,83613,17.089636,12.740828,40.8664,4.89,1.833,A4IV,0.125,16.099040762157053
83378,83635,17.092294,-0.89207,342.4658,5.63,-2.043,B1V,0.104,571.7418729175536
83435,83692,17.105014,22.084153,104.8218,5.56,0.458,K4III,1.299,57.12155216230428
83436,83693,17.105608,-37.22759,142.2475,5.98,0.215,A2IV,0.076,71.44963260755135
83581,83838,17.133907,35.935174,54.2594,5.41,1.738,A5m,0.309,17.571142465950942
83597,83854,17.13746,-17.609052,114.9425,5.98,0.678,K0III,1.011,46.64445252037798
83638,83895,17.146448,65.714683,100.7049,3.17,-1.845,B6III,-0.12,476.4309868054156
83639,83896,17.146539,-30.40373,78.2473,5.93,1.463,Fm,0.276,22.636016404497493
83690,83947,17.159238,40.777033,86.5052,5.07,0.385,K3III,1.275,61.09420249055721
83705,83962,17.163319,-10.523301,41.3223,5.43,2.349,F5IV,0.465,10.009214583192952
83755,84012,17.172968,-15.72491,27.0929,2.43,0.266,A2.5Va,0.059,68.17105263058534
83776,84033,17.178425,-44.557719,96.8054,5.06,0.131,G8/K0III+..,0.867,77.19692476102512
83847,84105,17.194077,-48.873399,341.2969,5.94,-1.726,M1/M2III,1.786,426.97259404803344
83885,84143,17.202552,-43.239189,22.5276,3.32,1.556,F3p,0.441,20.77782097504266
83892,84150,17.204502,-39.506949,62.9327,5.66,1.666,A0/A1V,0.042,18.775866989193503
83919,84177,17.207725,10.585168,334.4482,5.32,-2.302,M2III,1.593,725.7716502674278
83925,84183,17.209047,62.874337,43.0478,5.54,2.37,F0IV,0.216,9.81747943019984
83968,84226,17.216266,-32.438332,543.4783,5.95,-2.726,B1Ib,0.071,1072.5066656157042
83991,84248,17.221673,-67.196591,100.0,5.87,0.87,K0III-IV,1.07,39.08408957924019
84086,84345,17.244127,14.390333,110.2536,2.78,-2.432,M5IIvar,1.164,818.0879579457477
84121,84379,17.250531,24.839204,23.0362,3.12,1.308,A3IVv SB,0.08,26.109586865859324
84122,84380,17.250788,36.809162,115.4734,3.16,-2.152,K3IIvar,1.437,632.1206820052686
84143,84401,17.255346,-33.54842,100000.0,5.6,-14.4,O9,-0.056,50118723.36272725
84144,84402,17.255635,-14.58414,89.3655,5.98,1.224,K1III,1.096,28.209799536634282
84147,84405,17.255836,-26.602829,5.9333,4.33,5.464,K2:III:,0.855,0.5680675741067719
84167,84425,17.259994,-38.593896,30.5904,5.95,3.522,G0V,0.58,3.3978171182708308
84173,84431,17.26152,23.742761,173.3102,5.99,-0.204,K2III,1.335,105.09934271862164
84242,84500,17.275477,1.210545,200.4008,5.89,-0.619,B5Vnn,0.023,154.02811480716133
84256,84514,17.276857,-0.445297,63.0915,4.72,0.72,K2III,1.119,44.87453899331323
84293,84551,17.284349,-32.66284,48.3793,5.53,2.107,F6V,0.514,12.508349283740646
84315,84573,17.288769,33.1001,204.0816,4.8,-1.749,B1.5Vp,-0.166,436.11397139306484
84348,84606,17.294517,37.291498,53.7924,4.64,0.986,A2V,0.043,35.12367904656808
84368,84626,17.300189,-24.286901,90.4159,5.14,0.359,K:...,1.046,62.57487633544405
84373,84631,17.301372,17.317886,139.6648,6.0,0.275,A1V,0.015,67.60829753919815
84398,84656,17.306465,38.811395,97.0874,5.97,1.034,G7III:,1.011,33.60469824606994
84413,84671,17.310275,10.864475,151.0574,5.03,-0.866,K4II-III,1.539,193.37485452952552
84432,84690,17.313287,-44.129746,111.4827,5.76,0.524,B9V,-0.049,53.752664878674445
84433,84691,17.313479,28.822968,97.0874,5.68,0.744,K0III,0.981,43.89347855347172
84451,84709,17.315842,-34.989792,6.8357,5.91,6.736,K4V,1.082,0.1760353953616164
84462,84720,17.317655,-46.636235,8.802,5.47,5.747,M0V,0.764,0.4377236379347655
84473,84731,17.320142,-59.694612,763.3588,5.93,-3.484,K2IIICN...,1.389,2155.7579680386293
84512,84769,17.326961,80.136399,294.1176,5.74,-1.603,K5III,1.499,381.24135110429904
84563,84821,17.336065,25.537603,136.9863,5.36,-0.323,A3III,0.063,117.27353057793782
84575,84833,17.338575,18.057081,147.0588,5.01,-0.827,M2III,1.654,186.55203891005957
84577,84835,17.339203,46.24078,170.9402,5.51,-0.654,M0III,1.586,159.07429237502194
84604,84862,17.34432,32.467743,14.3266,5.38,4.599,G0V,0.619,1.2600854590882373
84622,84880,17.347128,-12.846875,62.3053,4.32,0.347,A0/A1V,0.037,63.27031548665012
84629,84887,17.348391,24.499435,131.0616,5.13,-0.457,A2V,0.0,132.678331072416
84636,84893,17.350101,-21.112933,17.3551,4.39,3.193,F2/F3V,0.394,4.600446663934779
84690,84949,17.362116,39.974649,73.9645,5.55,1.205,F9Vn...,0.667,28.707805820246907
84691,84950,17.3626,53.420428,191.2046,5.69,-0.717,K5III,1.463,168.5776517828978
84710,84969,17.366531,-67.770668,91.1577,4.76,-0.039,K1III,1.194,90.28175649662565
84711,84970,17.366827,-24.999545,133.6898,3.27,-2.36,B2IV,-0.186,765.5966069112561
84720,84979,17.368299,-70.123208,404.8583,5.39,-2.647,B8/B9Vn...,-0.042,997.2407117415497
84789,85048,17.381874,-37.220786,113.1222,5.91,0.642,K1III,1.075,48.21697939006178
84790,85049,17.382007,-58.010327,335.5705,5.86,-1.769,G8Ib/II,1.075,444.22193547105536
84809,85068,17.38531,-56.525547,121.2121,5.76,0.342,G8/K0III,0.994,63.562357993784396
84820,85079,17.387799,-47.468197,286.533,5.21,-2.076,B2IIIne,-0.097,589.3862502405815
84825,85084,17.389331,-28.142831,251.2563,5.3,-1.701,K4/K5III,1.549,417.25351123179394
84853,85112,17.394708,37.145946,120.6273,4.15,-1.257,B9.5III,-0.011,277.20432375777017
84879,85139,17.399338,8.852571,221.7295,5.77,-0.959,K1III,1.251,210.66869257394146
84888,85147,17.400299,-62.864153,444.4444,5.69,-2.549,B2IV,-0.147,911.1712330429193
84898,85157,17.40183,22.960285,42.6985,5.7,2.548,F0IV,0.229,8.332973486343164
84903,85162,17.403636,-44.162576,226.2443,5.1,-1.673,B7III,-0.052,406.6305463404283
84910,85169,17.405221,-60.673799,272.4796,5.76,-1.417,B8Ib/II,-0.067,321.21809339879854
84926,85185,17.40876,16.301006,125.0,5.75,0.265,A3V,0.074,68.23386941416697
84948,85207,17.411675,-21.441479,92.5069,5.82,0.989,K0III,0.939,35.02676269138129
84999,85258,17.421665,-55.529884,198.0198,2.84,-3.644,K3Ib-II,1.479,2498.04351871415
85008,85267,17.423239,-56.377727,341.2969,3.31,-4.356,B1Ib,-0.15,4812.824218676023
85031,85290,17.428155,60.048398,96.8992,5.65,0.718,A1Vn,0.024,44.957277130190555
85053,85312,17.433344,-50.63351,139.6648,5.19,-0.535,K1III,1.055,142.56075936021878
85081,85340,17.439504,-24.175309,25.4972,4.16,2.128,A3IV:m,0.283,12.268741046383399
85096,85355,17.441911,4.14036,276.2431,4.34,-2.866,K3IIvar,1.48,1220.1128470319304
85106,85365,17.443856,-5.086596,30.0752,4.53,2.139,F3V,0.385,12.145069377157785
85120,85379,17.445623,48.260065,115.2074,5.83,0.523,A4V,0.121,53.80219571891124
85123,85382,17.446153,34.695802,88.4173,5.94,1.207,A0V,-0.017,28.654972763642412
85126,85385,17.44698,20.080977,178.8909,5.52,-0.743,B5V,-0.119,172.66328527432367
85130,85389,17.447772,-45.84303,194.9318,5.28,-1.169,B8V,-0.058,255.6230427112548
85150,85409,17.453462,-50.63037,909.0909,5.9,-3.893,B9II,0.063,3141.9552846410684
85164,85423,17.455909,-29.867033,34.2114,4.28,1.609,F3III,0.402,19.787913352337373
85183,85442,17.460431,-29.724567,226.2443,5.98,-0.793,B9.5IV,0.01,180.80065521100082
85211,85470,17.466002,-52.297168,109.6491,5.72,0.52,K2III,1.169,53.95106225151279
85262,85520,17.477476,-55.169686,302.1148,5.93,-1.471,G8II/III,1.113,337.5981048554255
85278,85537,17.48046,0.330625,59.6303,5.41,1.533,A8V,0.237,21.222668969007817
85284,85543,17.482247,-36.77828,245.098,5.98,-0.967,K0III,1.112,212.22668969007816
85407,85667,17.50661,-1.062922,16.3425,5.31,4.243,G8IV-V,0.715,1.7490410399663028
85410,85670,17.507213,52.301387,116.5501,2.79,-2.543,G2II,0.954,906.149802231998
85433,85693,17.512308,26.110645,113.2503,4.41,-0.86,K3IIIvar,1.434,192.30917289101595
85436,85696,17.512732,-37.295811,176.6784,2.7,-3.536,B2IV,-0.179,2261.5177461083626
85439,85699,17.513056,86.968047,46.8823,5.78,2.425,A2m,0.239,9.33254300796991
85455,85715,17.515381,31.158139,120.919,5.63,0.218,G8III,0.96,71.25248247522671
85467,85727,17.518318,-60.683848,60.6796,3.6,-0.315,B8V,-0.104,116.41260294104909
85489,85749,17.522593,2.724507,111.6071,5.57,0.332,G8III,0.844,64.15049325106628
85491,85751,17.523134,-56.920964,561.7978,5.99,-2.758,B7II/III,-0.045,1104.5871839886302
85494,85755,17.523598,-23.962643,124.3781,4.78,-0.694,A0V,0.016,165.0440985652279
85499,85760,17.524298,-80.859134,271.0027,5.83,-1.335,M3III,1.617,297.8516429429191
85528,85790,17.530439,28.407499,82.0345,5.66,1.09,A1V,-0.001,31.915378551007617
85530,85792,17.530695,-49.876145,81.9672,2.84,-1.728,B2Vne,-0.136,427.7598314820376
85544,85805,17.532745,68.135024,64.6831,5.07,1.016,K0III,1.077,34.16646128138224
85557,85819,17.536251,55.184243,30.248,4.89,2.487,Am...,0.251,8.814547044472212
85560,85822,17.536918,86.58646,52.7704,4.35,0.738,A1Vn,0.021,44.136714346343965
85567,85829,17.537767,55.172958,30.4878,4.86,2.439,Am,0.279,9.212977276685555
85626,85888,17.55202,41.243449,99.5025,5.72,0.731,K1III:,1.089,44.422193547105515
85627,85889,17.552052,-41.173066,465.1163,5.84,-2.498,B9Ib/II,0.041,869.3606925094164
85650,85912,17.55634,19.256677,37.6506,5.65,2.771,F6V,0.505,6.78578350950407
85660,85922,17.55829,-5.744803,48.1,5.61,2.199,A5V,0.187,11.492115972032408
85665,85927,17.560145,-37.103821,175.1313,1.62,-4.597,B1.5IV+...,-0.231,6008.9695048348585
85668,85930,17.560941,16.317553,92.9368,5.68,0.839,K0III:,1.002,40.216104433421314
85736,85998,17.57686,9.5867,103.5197,5.8,0.725,A2V,0.04,44.668359215096324
85749,86011,17.57847,-32.581662,100000.0,5.69,-14.31,O5/6(e),0.045,46131757.456038
85757,86019,17.579542,-11.241999,123.3046,5.54,0.085,B8Vn,0.013,80.53784411990665
85769,86032,17.582241,12.560035,14.8965,2.08,1.215,A5III,0.155,28.444611074479155
85773,86036,17.58317,61.874554,14.1904,5.23,4.47,G0V,0.602,1.4190575216890922
85829,86092,17.594332,-46.505684,116.0093,4.56,-0.762,A0V,-0.02,175.7114246595095
85907,86170,17.609121,-38.635308,50.8388,4.26,0.729,G8/K0III/IV,1.075,44.504097664953704
85919,86182,17.610457,48.585634,108.3424,5.35,0.176,K1III,1.142,74.06277836681546
85939,86201,17.615859,68.75797,23.1642,4.77,2.946,F5V,0.43,5.7756384639453335
85956,86219,17.619125,72.455794,111.2347,5.87,0.639,G9III,1.016,48.35039205916212
85965,86228,17.62198,-42.997824,92.081,1.86,-2.961,F1II,0.406,1331.6803762699813
85984,86248,17.624253,-50.059702,101.833,5.89,0.851,K0III-IV,1.109,39.7740669105028
85991,86254,17.625304,24.309991,76.6871,5.76,1.336,A2Vn,0.114,25.44485615146634
85998,86263,17.626445,-15.398557,32.2789,3.54,0.995,F0IIIp,0.262,34.833731503601165
86001,86266,17.626724,-15.571038,473.9336,5.94,-2.439,F0IV,0.357,823.3794052101345
86019,86284,17.630754,-8.118771,231.4815,4.58,-2.243,B8II-IIIMNp,0.132,687.3849195903234
86040,86305,17.634871,-54.500434,44.5633,5.25,2.005,A7V,0.195,13.740419750125149
86048,86313,17.635973,-10.926268,117.7856,5.74,0.385,K0III,1.228,61.09420249055721
86148,86414,17.657747,46.006332,139.47,3.82,-1.902,B3V SB,-0.179,502.1113054699537
86219,86486,17.673276,-49.415587,21.45,4.76,3.103,F3IV,0.415,4.998043135782391
86285,86552,17.687844,-46.92183,245.7002,5.78,-1.172,A0V,-0.004,256.33033198659007
86294,86561,17.689386,51.818182,92.9368,6.0,1.159,K0III:,1.068,29.95021883751126
86298,86565,17.690243,-12.875307,53.1067,4.24,0.614,A2Va,0.086,49.47661736816762
86309,86575,17.692312,6.313156,346.0208,5.97,-1.726,G7III,1.271,426.97259404803344
86347,86614,17.698978,72.148843,22.8363,4.57,2.777,F5IV-V,0.434,6.748387308707568
86353,86620,17.699461,72.156911,23.0627,5.81,3.995,G0V,0.53,2.197859872784824
86356,86623,17.699621,15.95243,34.8554,5.54,2.829,F4Vw,0.387,6.4327992726085075
86400,86667,17.707879,24.564058,124.3781,5.56,0.086,K4III,1.436,80.46370017397997
86403,86670,17.708132,-39.029983,148.1481,2.39,-3.463,B1.5III,-0.171,2114.462561652589
86431,86698,17.714194,-36.945564,211.4165,5.53,-1.096,K5III,1.553,239.0011551484727
86464,86731,17.722659,24.327821,39.0625,5.73,2.771,G2IIIb,0.683,6.78578350950407
86469,86736,17.723833,-21.683194,17.6523,4.86,3.626,F6/F7V,0.469,3.087450475587446
86475,86742,17.724543,4.567303,25.0941,2.76,0.762,K2III,1.168,43.171784447092264
86515,86782,17.733103,53.801715,163.3987,5.75,-0.316,A2V,0.017,116.51987230249999
86529,86796,17.735752,-51.834053,15.5111,5.12,4.167,G5V,0.694,1.8758581737992832
86580,86847,17.745002,-42.729302,72.0981,5.87,1.58,A2/A3IV/V,0.163,20.32357010936221
86604,86871,17.748848,-57.54554,125.9446,5.97,0.469,G8III,0.912,56.545754068762086
86661,86929,17.762221,-64.723871,107.9914,3.61,-1.557,K1III,1.161,365.4264677506526
86705,86974,17.774319,27.720676,8.3105,3.42,3.822,G5IV,0.75,2.5775078699705363
86775,87044,17.785568,17.697014,143.0615,5.61,-0.168,A1V,0.036,101.67168004663759
86803,87072,17.792674,-27.830788,302.1148,4.53,-2.871,F7II,0.6,1225.7446320498061
86804,87073,17.793078,-40.126997,591.716,2.99,-5.871,F3Ia,0.509,19426.743230314907
86805,87074,17.79355,-14.725824,183.8235,5.93,-0.392,B9V,0.009,124.96833972112192
86839,87108,17.798211,2.707276,31.5159,3.75,1.257,A0V,0.043,27.365286541924664
86889,87158,17.80688,20.565441,79.4913,5.69,1.188,G5IV,0.938,29.16083798521233
86924,87194,17.813652,25.622869,64.9773,5.09,1.026,K2III,1.141,33.853221281535426
86942,87212,17.817862,50.781075,66.5336,5.02,0.905,A2V,0.043,37.84425847170932
86950,87220,17.819577,-31.703203,170.6485,4.79,-1.371,B8Ib/II,-0.028,307.8931309741613
86964,87234,17.824155,76.962881,31.7561,5.02,2.511,F6IV-Vs,0.518,8.621840810727011
86991,87261,17.830965,-37.043304,38.5802,3.19,0.258,K0/K1III,1.192,68.67521061488183
87024,87294,17.83642,-40.090435,781.25,4.78,-4.684,A6Ib,0.259,6510.2849843486065
87038,87308,17.839692,29.322143,77.7605,5.51,1.056,K1III,1.071,32.93062701752084
87044,87314,17.84122,-53.612406,303.0303,5.68,-1.727,B2V + B3V,-0.099,427.36603149693076
87119,87390,17.85904,-40.772461,173.3102,5.94,-0.254,M2III,1.572,110.05252214205417
87122,87393,17.859853,-60.164056,123.1527,5.78,0.328,K0III,1.008,64.38726829014608
87189,87460,17.870461,-34.799196,258.3979,5.88,-1.181,B6Ib,-0.111,258.4639635769842
87201,87472,17.872156,-34.416842,242.7184,5.84,-1.086,G8/K0III,1.129,236.8099793873793
87220,87491,17.876512,1.305014,112.7396,5.91,0.65,K5III,1.573,47.863009232263806
87287,87558,17.887274,6.101424,31.1236,5.77,3.305,F4IV-V,0.425,4.149540426343628
87292,87563,17.888341,40.007959,108.4599,5.17,-0.006,K3III,1.166,87.57900363063685
87298,87569,17.889853,-34.895125,252.5253,5.58,-1.432,K3III,1.098,325.6866822016701
87314,87585,17.892134,56.872643,34.5066,3.73,1.04,K2III,1.177,33.419504002611426
87345,87616,17.898548,-34.752721,315.4574,6.0,-1.495,B9IV/V,-0.06,345.1437393358564
87457,87728,17.919762,72.005127,323.6246,5.43,-2.12,F2.5II-III,0.34,613.7620051647946
87477,87747,17.923663,26.049991,100000.0,5.47,-14.53,F2Iavar,0.341,56493697.48123022
87506,87777,17.930781,22.464221,133.3333,5.62,-0.005,K3III,1.249,87.4983775227436
87537,87808,17.93755,37.250539,230.9469,3.86,-2.958,K1IIvar,1.35,1328.0058862437309
87541,87812,17.938445,0.670355,416.6667,5.82,-2.279,B2IV-V,0.058,710.5587633694735
87542,87813,17.938621,-15.812521,73.9645,5.93,1.585,A0V,0.024,20.23019178678272
87561,87833,17.943437,51.488895,47.3037,2.24,-1.134,K5III,1.521,247.5141318074314
87564,87836,17.944955,-28.065394,51.3084,5.76,2.209,A7III/IV,0.207,11.386755619502102
87574,87846,17.946507,-44.342246,88.8889,4.85,0.106,K2III,1.176,78.99507213358163
87575,87847,17.946596,-4.081823,122.6994,5.44,-0.004,G9III,1.162,87.41782564005277
87603,87875,17.951199,0.066665,118.4834,5.95,0.582,A3V,0.11,50.95654806081143
87661,87933,17.962744,29.24788,41.9463,3.7,0.587,K0III,0.935,50.72242398926514
87664,87936,17.963279,-41.716295,138.5042,4.88,-0.827,M0III,1.617,186.55203891005957
87726,87998,17.975041,30.189277,263.8522,4.41,-2.697,F2II,0.38,1044.2392185431747
87740,88012,17.977514,-28.759089,555.5556,5.99,-2.734,B3II/III,-0.077,1080.4383723712297
87766,88038,17.982135,-36.858376,121.8027,5.74,0.312,G8III,0.915,65.34313996495986
87775,88048,17.983775,-9.773632,46.2107,3.32,-0.004,K0III,0.987,87.41782564005277
87788,88060,17.9848,-30.253025,310.559,5.0,-2.461,K5/M0III,1.654,840.2335139076923
87829,88101,17.993545,-4.821126,171.8213,5.86,-0.315,K5III,1.561,116.41260294104909
87844,88116,17.996543,-23.816133,127.3885,4.74,-0.786,B9V,-0.03,179.63873990638913
87850,88122,17.998946,45.501378,175.4386,5.69,-0.531,M0III,1.562,142.03651240480107
87856,88128,18.000949,16.750919,205.7613,4.67,-1.897,K0II-III,1.254,499.8043135782396
87864,88136,18.002526,80.004095,63.5324,5.74,1.725,K2Vvar,0.516,17.78279410038923
87877,88149,18.004388,4.368615,199.6008,4.79,-1.711,B2Ve,-0.1,421.1143104363183
87902,88175,18.008058,-3.690269,23.5516,4.62,2.76,F3V,0.39,6.854882264526615
87920,88192,18.010754,2.931568,377.3585,3.93,-3.954,B5Ib,0.029,3323.533035774778
87994,88267,18.025113,21.595782,127.8772,4.26,-1.274,G5,0.406,281.5788299710311
88018,88290,18.029222,1.305076,89.6861,4.42,-0.344,A2Vn,0.046,119.56387999881213
88025,88298,18.031772,-22.780298,100000.0,5.72,-14.28,B0Iab...,-0.03,44874538.99331323
88057,88331,18.039736,20.833632,288.1844,5.25,-2.048,B3IV,-0.1,574.3809134963176
88107,88380,18.047527,-24.282468,331.1258,5.37,-2.23,F2/F3II/III,0.495,679.203632617185
88131,88404,18.051367,-8.180349,51.3347,4.77,1.218,F5V+...,0.41,28.366124193125145
88195,88469,18.064568,-24.36073,100000.0,5.89,-14.11,O6,0.031,38370724.54922792
88276,88550,18.080662,-35.901442,105.5966,5.98,0.862,K2III,1.16,39.37313537008504
88293,88567,18.083674,-29.580087,266.6667,4.66,-2.47,G0Ib/II,0.774,847.2274141405964
88327,88601,18.090913,2.500099,5.0834,4.03,5.499,K0V SB,0.86,0.5500472528676338
88361,88635,18.096803,-30.424091,29.7,2.98,0.616,K0III,0.981,49.38556196176077
88362,88636,18.097114,32.230674,212.3142,5.72,-0.915,K0III,1.179,202.30191786782717
88382,88657,18.100528,22.218879,226.2443,4.96,-1.813,M3IIIa+...,1.656,462.5940047661603
88395,88670,18.102055,-8.323956,158.7302,5.84,-0.163,B8III-IV,0.184,101.20454110965416
88409,88684,18.104221,-4.751252,36.7647,5.74,2.913,K1IV,0.968,5.953878941276852
88419,88694,18.106585,-36.019788,17.5531,5.94,4.718,G3V,0.615,1.1292757442094157
88439,88714,18.11052,-50.091477,249.3766,3.65,-3.334,B2Ib,-0.101,1877.5866989193503
88451,88726,18.113858,-43.425216,41.841,4.92,1.812,A5V,0.255,16.4134546670214
88469,88745,18.117097,30.56214,15.6421,5.05,4.079,F7V,0.528,2.0342297432117284
88488,88765,18.121767,8.733867,83.612,4.64,0.029,G8III-IV,0.951,84.80080988896916
88494,88771,18.122496,9.563847,26.6312,3.71,1.583,A4IVs,0.159,20.267491520989655
88512,88788,18.12465,43.461891,125.6281,5.0,-0.495,G8III...,0.913,137.4041975012515
88517,88794,18.125708,28.762488,103.6269,3.84,-1.237,B9.5V,-0.018,272.14477464543666
88539,88816,18.130095,-17.154159,77.101,5.52,1.085,K0III,1.132,32.06269324505466
88540,88817,18.130417,26.09734,38.5802,5.79,2.858,A3V,0.127,6.263253647582224
88541,88818,18.130434,26.10128,49.6032,5.83,2.352,A3V,0.158,9.981596274917242
88559,88836,18.133959,36.401264,63.6132,5.49,1.472,K2III,1.161,22.4491550756959
88562,88839,18.134716,-28.457093,103.9501,4.55,-0.534,K0IIICNpvar,0.938,142.42951649732905
88589,88866,18.143,-63.668553,39.8565,4.33,1.328,Am,0.228,25.63303319865898
88610,88886,18.14597,20.814557,280.8989,4.37,-2.873,B2IV,-0.164,1228.0046179887881
88621,88899,18.148018,20.045233,100.8065,5.1,0.083,A8III,0.176,80.68633703638186
88687,88964,18.159415,3.993276,54.7945,5.71,2.016,F2V,0.363,13.601913228556704
88723,89000,18.165004,3.119827,46.9263,5.67,2.313,F5V,0.49,10.34665575842437
88731,89008,18.166387,36.466284,120.7729,5.57,0.16,G8III,0.915,75.16228940182053
88745,89020,18.168281,-30.728666,137.741,5.53,-0.165,K1III + (F),0.979,101.39113857366789
88765,89042,18.173948,-62.002197,17.6118,5.47,4.241,G0V,0.592,1.7522658618857085
88770,89047,18.175443,54.286552,50.226,5.97,2.465,K1III,0.943,8.994975815300352
88788,89065,18.177861,3.324256,123.6094,5.5,0.04,K2III,1.204,83.94599865193973
88822,89099,18.184876,-41.359113,82.713,5.86,1.272,F0Vn,0.295,26.989820734720144
88835,89112,18.187157,-45.954418,128.2051,4.52,-1.02,G5III,1.009,222.8435149270303
88838,89115,18.187714,-75.89151,75.3012,5.86,1.476,K3III,1.253,22.36660149466176
88876,89153,18.19537,-23.701235,78.4929,4.96,0.486,K0III,1.055,55.6672798150948
88879,89156,18.195866,33.447057,237.5297,5.98,-0.899,A3V,0.045,199.34254564980927
88895,89172,18.198377,31.40535,166.9449,4.96,-1.153,M3III,1.643,251.88366278417402
88957,89234,18.209482,-73.672417,42.1408,5.86,2.736,F5V,0.464,7.008095316467935
89013,89290,18.220194,-41.336111,357.1429,5.47,-2.294,B2.5III,-0.155,720.4436204152845
89064,89341,18.229392,-21.058834,100000.0,3.84,-16.16,B2III:,0.195,253512863.0497907
89071,89348,18.231545,64.397287,22.92,4.99,3.189,F5V,0.44,4.617426594772954
89092,89369,18.23775,-21.713164,138.8889,5.49,-0.223,K2III,1.528,106.95473105661601
89161,89439,18.253585,-20.72827,100000.0,5.29,-14.71,B0/1Ia/ab,0.007,66680676.92136246
89162,89440,18.253603,-20.387974,100000.0,5.96,-14.04,B0.5Ib/II,-0.023,35974933.515574306
89170,89448,18.254739,68.75581,84.674,5.96,1.321,K1III:,1.055,25.798829360403722
89204,89482,18.260772,42.159345,181.4882,5.56,-0.734,B7IV,-0.111,171.23794212449283
89209,89487,18.261289,-63.055366,90.3342,5.58,0.801,K0III/IV,0.944,41.648560934074126
89228,89507,18.264843,-44.206461,92.081,5.45,0.629,G8/K0III,0.962,48.797772728648596
89309,89587,18.281417,-3.007401,103.4126,5.99,0.917,G3III,0.89,37.428291224080525
89327,89605,18.285426,-56.023351,233.1002,5.36,-1.478,B3IIIpe,-0.05,339.7817118270833
89331,89609,18.286563,-17.373886,299.4012,5.81,-1.571,K2III,1.569,370.1689610332348
89364,89642,18.293793,-36.761686,44.7427,3.1,-0.154,M2III,1.582,100.36909309200966
89400,89678,18.300886,-27.042641,233.6449,4.66,-2.183,K3III,1.629,650.4291550788015
89494,89772,18.319316,7.259767,46.7946,5.41,2.059,K2III,1.084,13.073744701631322
89495,89773,18.319633,24.446059,298.5075,5.3,-2.075,K4II SB,1.508,588.843655355589
89548,89826,18.331031,36.064547,77.1605,4.33,-0.107,K2IIIvar,1.162,96.11695415159313
89573,89851,18.335775,-15.831697,159.7444,5.39,-0.627,K3III,1.473,155.16722739072335
89583,89861,18.338309,21.961297,120.1923,4.92,-0.479,M1III,1.594,135.39418114050747
89630,89908,18.345955,71.337814,92.8505,4.22,-0.619,A0p (Si),-0.093,154.02811480716133
89640,89918,18.347795,3.377165,79.8722,4.85,0.338,G8III,0.911,63.7969622662579
89648,89925,18.349158,29.858925,56.1798,5.61,1.862,A5m,0.231,15.674727518004376
89653,89931,18.3499,-29.828103,106.6098,2.72,-2.419,K3III,1.38,808.3510373900685
89657,89935,18.350283,28.869954,80.6452,5.12,0.587,A7V,0.212,50.72242398926514
89660,89937,18.350736,72.732843,8.0574,3.55,4.019,F7Vvar,0.489,2.1498096103893576
89684,89962,18.355167,-2.898825,18.5426,3.23,1.889,K0III-IV,0.941,15.289736466907097
89690,89968,18.356385,-18.859999,378.7879,5.76,-2.132,F8II,0.67,620.5831792990614
89703,89981,18.359075,49.121593,198.8072,5.02,-1.472,M2III,1.619,337.909187437723
89745,90023,18.369083,23.285176,199.6008,5.41,-1.091,K5III,1.633,237.9030445880624
89759,90037,18.371828,-38.656894,148.5884,5.09,-0.77,K4/K5III,1.498,177.010895831742
89774,90052,18.376477,12.02968,134.7709,5.99,0.342,A2V,0.056,63.562357993784396
89788,90067,18.380288,17.826616,111.2347,5.25,0.019,K3III,1.25,85.58546212208236
89795,90074,18.38141,-36.669556,170.6485,5.33,-0.831,B7Ib/II,-0.121,187.24058959867978
89817,90096,18.386712,-12.014755,188.6792,5.71,-0.669,B5V,0.006,161.2872362170403
89819,90098,18.387117,-61.493901,143.6782,4.35,-1.437,M1III SB,1.462,327.1899836231792
89845,90124,18.39134,-36.237987,87.8735,5.52,0.801,K0III,1.015,41.648560934074126
89854,90133,18.393456,-75.044277,59.4884,5.47,1.598,A0V,0.043,19.989411112356596
89856,90135,18.394329,-8.934383,63.3714,4.66,0.651,K0III,0.932,47.81894606659081
89860,90139,18.394967,21.769752,36.4697,3.85,1.04,K2III,1.168,33.419504002611426
89877,90156,18.398507,58.800736,56.4653,4.98,1.221,A3V,0.082,28.287853879701313
89906,90185,18.402868,-34.384616,43.9367,1.79,-1.424,B9.5III,-0.031,323.2957533680941
89912,90191,18.40383,39.507239,134.5895,5.11,-0.535,A3IVn,0.047,142.56075936021878
89921,90200,18.405067,-44.110256,149.4768,5.24,-0.633,B2.5Vn,-0.163,156.02708686930617
89981,90260,18.417066,-30.75657,196.0784,5.58,-0.882,K0III,1.138,196.24563241736897
90010,90289,18.422511,-20.541679,125.7862,4.81,-0.688,A1/A2V,1.31,164.13454667021404
90034,90313,18.427444,8.032006,241.5459,5.64,-1.275,G8III-IV+..,0.884,281.8382931264455
90063,90342,18.432996,29.82893,124.2236,5.81,0.339,A2IV,0.068,63.73823014383464
90065,90344,18.433069,65.56348,96.5251,4.82,-0.103,K2III,1.179,95.76349769692685
90135,90414,18.448336,-48.117243,152.6718,5.44,-0.479,K0/K1III+..,0.855,135.39418114050747
90143,90422,18.449561,-45.968459,85.1789,3.49,-1.162,B3IV,-0.179,253.98028137728156
90162,90441,18.453475,0.196108,143.8849,5.2,-0.59,G0III+...,0.487,149.96848355023724
90206,90485,18.463745,-29.816865,36.6032,5.9,3.082,F8V,0.517,5.095654806081141
90217,90496,18.466179,-25.4217,23.9693,2.82,0.922,K1IIIb,1.025,37.25632384666037
90218,90497,18.466326,6.194104,216.9197,5.71,-0.971,B8III-IV,-0.034,213.01000374112502
90261,90541,18.474198,-38.995671,126.1034,5.63,0.126,A2m...,0.14,77.55324957585901
90288,90568,18.480505,-49.070588,38.6997,4.1,1.161,G8/K0III,0.995,29.89509927814587
90315,90595,18.486626,-14.565813,97.9432,4.67,-0.285,A1IV/V,0.076,113.24003632355566
90326,90606,18.488891,-80.232708,119.0476,5.95,0.571,K2III,1.173,51.475431993126236
90357,90637,18.493253,23.866202,375.9398,5.87,-2.006,B6IV,-0.096,552.5861556300781
90362,90642,18.494717,-1.985308,70.4225,5.38,1.141,K0III,0.961,30.45089066974223
90367,90647,18.495823,77.547068,125.3133,5.65,0.16,K4III,1.192,75.16228940182053
90382,90662,18.498871,-47.220546,198.0198,5.69,-0.794,K2III,1.258,180.9672554788791
90384,90664,18.499086,-57.523143,97.561,5.74,0.794,K0III,0.987,41.91794659325637
90406,90687,18.503295,-18.728794,90.1713,5.63,0.855,K0III,1.057,39.62780342554393
90480,90762,18.517903,16.928556,133.5113,5.76,0.132,A2V,0.053,77.12585649892138
90481,90763,18.518012,-32.989114,88.8889,5.37,0.626,A5V,0.182,48.932792408193684
90515,90797,18.522896,-62.278302,134.5895,4.63,-1.015,B8III,-0.116,221.81964198002194
90522,90804,18.523804,-10.795836,330.033,5.77,-1.823,B2V,0.379,466.8743343920188
90524,90806,18.523971,-18.402697,68.3995,5.12,0.945,B9/B9.5V,0.016,36.47539469256078
90548,90830,18.529287,-45.914814,216.9197,4.92,-1.761,B6IV,-0.101,440.96081645063776
90559,90842,18.532284,-43.507383,337.8378,5.71,-1.934,K2III,1.322,517.130317916963
90562,90844,18.532498,-1.002977,188.3239,5.93,-0.445,A4III,0.17,131.2199899019203
90571,90853,18.533874,-45.757382,366.3004,5.07,-2.749,B3III,-0.127,1095.4687673339965
90605,90887,18.539257,-39.704001,70.2741,5.16,0.926,A3V,0.079,37.11931900441403
90623,90905,18.542923,57.045599,649.3506,4.77,-4.292,F7Ib,0.611,4537.326169379414
90631,90913,18.545367,-14.865662,884.9558,5.47,-4.265,K3Iab,1.998,4425.88372362626
90633,90915,18.546154,23.616801,230.9469,5.88,-0.938,K5III,1.49,206.6331517564482
90640,90923,18.54721,30.554209,109.6491,5.47,0.27,B8IV,-0.077,67.92036326171846
90648,90930,18.548704,-73.965596,108.8139,5.88,0.697,K0III,0.992,45.83529174381888
90688,90968,18.556426,-38.725985,298.5075,5.67,-1.705,B9.5,-0.06,418.79356511791826
90700,90982,18.558383,-42.31251,170.9402,4.62,-1.544,G5III,0.994,361.0771451003532
90709,90991,18.560839,-14.853614,69.5894,5.74,1.527,A0/A1V,0.043,21.34027442848976
90722,91004,18.564857,-24.032283,632.9114,5.49,-3.517,K3III,1.795,2222.2862543282035
90731,91013,18.565749,52.353517,195.6947,5.38,-1.078,K0III,1.091,235.07151159382903
90733,91014,18.566046,-33.01656,404.8583,5.28,-2.757,B2III/IV,-0.115,1103.570289964014
90823,91105,18.583998,-10.977206,100.9082,5.12,0.1,G8III,0.926,79.43282347242817
90835,91117,18.586785,-8.244073,61.0501,3.85,-0.078,K2III,1.317,93.58365435835302
90836,91118,18.586834,18.20341,198.4127,5.79,-0.698,A0Vn,0.006,165.6532649318019
90857,91139,18.591777,23.60553,144.3001,5.62,-0.176,G8III,1.015,102.42359141215688
90935,91217,18.607731,9.122491,38.5208,5.38,2.452,F5III,0.387,9.103323996799094
90953,91235,18.610373,33.469036,154.5595,5.41,-0.535,B8II-IIIp..,-0.101,142.56075936021878
90955,91237,18.610854,6.671805,33.0797,5.43,2.832,F3V,0.386,6.415049325106628
90979,91262,18.61564,38.783692,7.6787,0.03,0.604,A0Vvar,-0.001,49.93441887213498
91033,91315,18.625974,62.526591,119.0476,5.74,0.361,A0V,-0.045,62.45971525332756
91039,91322,18.626656,-0.309472,160.5136,5.76,-0.268,A2V,0.067,111.48078033638414
91064,91347,18.631785,-21.397725,104.3841,5.93,0.837,A5IV,0.189,40.29025350832952
91122,91405,18.641865,-23.504893,151.0574,5.78,-0.116,B8III,-0.018,96.91700839472904
91156,91438,18.648168,-21.051871,13.0839,5.85,5.266,G5V,0.673,0.6817105263058533
91178,91461,18.653968,-47.909767,109.4092,5.84,0.645,A3V,0.233,48.08393484497287
91211,91494,18.659768,-43.185878,196.0784,5.42,-1.042,M2III,1.654,227.40499508958953
91242,91525,18.66467,52.196075,165.5629,6.0,-0.095,A0p...,-0.067,95.0604793656281
91249,91532,18.666774,-7.790799,178.5714,5.82,-0.439,K4III,1.536,130.49684141302234
91441,91726,18.704563,-9.052549,62.0732,4.7,0.735,F2IIIp d Del,0.358,44.25883723626264
91471,91755,18.710543,55.539457,104.3841,5.03,-0.063,B9.5p...,-0.07,92.29963848404535
91507,91792,18.71726,-71.428113,66.9792,4.01,-0.12,K2III,1.134,97.2747223776965
91559,91845,18.725348,-8.275215,165.0165,4.88,-1.208,G8II,1.112,264.9720098878964
91568,91854,18.727035,-64.551425,108.9325,5.76,0.574,K0III,0.967,51.33339643802892
91589,91875,18.729706,-38.323441,62.9327,5.11,1.116,A0/A1V,0.075,31.160183031054608
91597,91883,18.730999,31.926613,50.3018,5.68,2.172,F1III-IV,0.36,11.781484060029255
91632,91918,18.738711,-35.641987,143.0615,4.86,-0.918,B2V,-0.168,202.8616716966293
91633,91919,18.738984,39.670123,49.776,4.67,1.185,F1V,0.17,29.241523778433354
91639,91926,18.739661,39.612721,47.6872,4.59,1.198,A8Vn,0.18,28.89348981559081
91684,91971,18.746209,37.605115,47.8698,4.34,0.94,Am,0.192,36.643757464783334
91686,91973,18.746722,37.594615,47.6872,5.73,2.338,F0IVvar,0.285,10.111137119549067
91687,91974,18.747112,-25.010914,177.305,5.82,-0.424,B8III,0.033,128.70635762533323
91688,91975,18.747205,2.060038,142.6534,5.02,-0.751,B9V,-0.055,173.94021397803064
91702,91989,18.74921,-39.686188,400.0,5.4,-2.61,K1/K2III+..,0.85,963.8290236239706
91737,92024,18.757465,-64.871259,28.547,4.78,2.502,A7V,0.199,8.693606925094164
91740,92027,18.757879,5.500128,188.6792,5.82,-0.559,A1V,0.041,145.74712612565295
91754,92041,18.76094,-26.990778,73.3676,3.17,-1.158,B8.5III,-0.107,253.04630494613966
91756,92043,18.761035,20.546308,19.2086,4.19,2.773,F6V,0.483,6.773295140086068
91769,92056,18.762989,74.085553,96.8054,5.25,0.321,K0II-III,0.953,64.8037294192291
91801,92088,18.767911,26.66213,78.125,4.83,0.366,K3III,1.199,62.172738929396054
91824,92111,18.772391,-22.392176,209.6436,5.37,-1.237,K5III,1.591,272.14477464543666
91825,92112,18.772849,75.433964,85.8369,5.37,0.702,A1Vn,0.049,45.62469770768503
91830,92117,18.77461,-0.961692,111.8568,5.89,0.647,A2m,0.131,47.995442493194425
91846,92133,18.778634,52.98796,396.8254,5.91,-2.083,B2.5V,-0.096,593.1984396649729
91849,92136,18.778701,-10.125048,100000.0,5.69,-14.31,F2Ib-II,0.584,46131757.456038
91874,92161,18.783686,18.181519,28.8934,4.34,2.036,A5III,0.148,13.353650333271858
91888,92175,18.786242,-4.747867,280.8989,4.22,-3.023,G5II...,1.087,1409.9379493587232
91915,92202,18.791375,-5.705147,100000.0,5.38,-14.62,K0Ibpvar,1.28,61376200.516479455
91939,92226,18.795726,-40.406167,121.3592,5.2,-0.22,G5/G6III,0.781,106.6596121230258
92007,92294,18.810538,-65.077679,67.7048,5.71,1.557,A9V,0.268,20.758692704951976
92021,92308,18.814024,-43.680047,103.0928,5.46,0.394,A2Vn,0.133,60.58986711389654
92025,92312,18.814829,19.32872,87.6424,5.89,1.176,A1V,0.022,29.484923138943664
92079,92367,18.824257,-45.8101,109.8901,5.8,0.595,G6IV,0.891,50.35006087879047
92094,92382,18.826388,-43.434102,147.7105,5.6,-0.247,B9IV,-0.077,109.34526967309193
92102,92390,18.827807,-20.324656,286.533,5.22,-2.066,K2III,1.404,583.9827246189302
92103,92391,18.828043,-5.912863,534.7594,5.99,-2.651,K2Ib,1.568,1000.9214583192958
92110,92398,18.82942,32.81282,401.6064,5.93,-2.089,B3IV,-0.154,596.4856499193785
92117,92405,18.831366,32.551058,70.9723,5.22,0.965,A3V,0.1,35.80964371026361
92133,92420,18.834665,33.362667,294.9853,3.52,-3.829,A8:V comp SB,0.003,2962.1019360527675
92199,92488,18.849586,-9.774096,854.7009,5.82,-3.839,F2Ib,0.594,2989.5099278145867
92225,92512,18.853348,59.388351,104.8218,4.63,-0.472,K0II-III SB,1.185,134.52407051486315
92260,92549,18.859712,52.975117,25.6674,5.51,3.463,G9IVa,0.843,3.5875668303926154
92319,92609,18.870288,-62.187593,438.5965,4.22,-3.99,B2II-III,-0.15,3435.5794789987463
92324,92614,18.87123,21.425142,124.3781,5.43,-0.044,B9p...,-0.068,90.69847815057929
92340,92630,18.874229,-46.595119,317.4603,5.51,-1.998,M0III,1.641,548.5295139412035
92356,92646,18.877675,-52.10737,83.3333,5.18,0.576,G8/K0III,0.962,51.238923866467964
92399,92689,18.887096,50.708221,139.8601,4.92,-0.808,G8III,0.903,183.31584286708534
92438,92728,18.895433,36.971721,303.9514,5.58,-1.834,B2.5V,-0.138,471.6284552998378
92457,92747,18.900025,-21.359845,502.5126,5.68,-2.826,G8/K0II,1.206,1175.9801740658495
92471,92761,18.902827,-22.744834,344.8276,4.86,-2.828,K1II,1.412,1178.148406002925
92478,92768,18.90368,27.909528,111.3586,5.64,0.406,K4III,1.361,59.923890258347825
92492,92782,18.90661,71.297192,105.4852,4.82,-0.296,K0III,1.151,114.39314495393073
92502,92791,18.908412,36.898613,225.7336,4.22,-2.548,M4IIvar,1.575,910.3323996799097
92524,92814,18.911976,-15.603036,429.1845,5.08,-3.083,B3II,0.141,1490.0471117870993
92527,92818,18.912468,22.645076,144.7178,4.57,-1.233,G4III+...,0.782,271.1440008688312
92532,92822,18.913095,48.859401,55.2792,5.84,2.127,F3III,0.452,12.280046179887881
92534,92824,18.91323,-87.605843,78.7402,5.29,0.809,K3III,1.304,41.342810804713444
92541,92831,18.914494,41.602723,81.9672,5.46,0.892,G8III,1.034,38.30010812264485
92543,92833,18.914588,33.968576,358.4229,5.99,-1.782,G8III+...,0.922,449.57277130190556
92554,92845,18.918649,-22.671328,83.9631,5.0,0.38,K1Ib/II,1.348,61.37620051647942
92564,92855,18.92109,-26.296722,69.8324,2.05,-2.17,B2.5V,-0.134,642.6877173170194
92571,92862,18.922249,43.946088,91.4077,4.08,-0.725,M5IIIvar,1.397,169.82436524617444
92581,92872,18.92429,6.61529,88.2613,5.58,0.851,G9III,1.041,39.7740669105028
92591,92882,18.92528,-16.376635,31.7158,5.56,3.054,F5/F6IV/V,0.445,5.2287755531344144
92639,92931,18.93352,-23.173751,194.9318,5.91,-0.539,B6III,-0.021,143.08694127493388
92645,92937,18.935034,18.10541,92.2509,5.69,0.865,K1III,1.092,39.26449353995997
92654,92946,18.936995,4.203595,47.4158,4.62,1.24,A5V,0.161,27.797132677592884
92659,92951,18.937401,4.202132,51.9481,4.98,1.402,A5Vn,0.204,23.9441817286338
92661,92953,18.938044,-42.710676,90.5797,5.35,0.565,G6III-IV,0.998,51.760683195056785
92677,92969,18.940481,65.258084,96.1538,5.62,0.705,G8III,0.938,45.498806015004845
92697,92989,18.944582,-37.343241,131.9261,5.36,-0.242,B3V,-0.147,108.8428737943594
92705,92997,18.945851,57.814851,84.674,5.67,1.031,K1III,1.155,33.69767985844037
92723,93015,18.949177,-67.233495,153.3742,4.4,-1.529,F5Ib-II:,0.53,356.1229809427621
92725,93017,18.950441,32.901273,14.8721,5.2,4.338,G0V,0.594,1.6025072388814185
92733,93026,18.951019,-5.846314,62.0347,4.83,0.867,K1III,1.057,39.192232245497664
92758,93051,18.954608,2.535346,348.4321,5.56,-2.151,B9IIIp...,0.004,631.538745374385
92764,93057,18.955688,-20.656346,632.9114,5.02,-3.987,B9.5Ib,0.137,3426.099724881373
92793,93085,18.962167,-21.106654,111.9821,3.52,-1.726,G8/K0II/III,1.151,426.97259404803344
92811,93104,18.967194,38.266188,177.305,5.89,-0.354,B7IV,-0.09,120.6701909593275
92831,93124,18.970763,17.360912,473.9336,5.33,-3.049,F8Ib,0.731,1444.1090844161206
92855,93148,18.974378,-52.938629,187.6173,4.85,-1.516,A0V,-0.051,351.8843888209584
92870,93163,18.976812,-60.20055,172.7116,5.14,-1.047,K1III-IV,1.355,228.45464885518268
92881,93174,18.978721,-37.107357,30.1841,4.83,2.431,F3IV/V,0.396,9.281111710201682
92886,93179,18.979701,13.906648,78.3699,5.91,1.439,F0spe...,0.251,23.141952615112523
92902,93194,18.982395,32.689557,190.1141,3.25,-3.145,B9III,-0.049,1577.6112696993484
92910,93203,18.984928,13.622245,48.4262,5.27,1.845,F8V,0.573,15.9220872705117
92931,93225,18.989945,-12.840517,146.1988,5.51,-0.315,B4V,-0.038,116.41260294104909
92951,93244,18.993711,15.068298,47.5059,4.02,0.636,K2III,1.082,48.48417387084463
92963,93256,18.995966,26.230404,99.2063,5.26,0.277,K2III,1.228,67.4838730870757
92987,93279,19.000229,32.145514,338.9831,4.94,-2.711,K3III,1.465,1057.791322499501
92994,93287,19.000987,-66.653618,136.0544,5.98,0.311,K0III,0.977,65.40335094488948
93006,93299,19.003799,50.533466,205.7613,5.39,-1.177,B2.5IV,-0.182,257.5134990410314
93047,93340,19.012072,55.658301,150.8296,5.51,-0.382,G5IIbCN...,0.862,123.82262309589933
93100,93393,19.021488,26.291411,199.2032,5.69,-0.806,B5V,-0.086,182.9784734295414
93115,93408,19.023991,46.934812,37.4392,5.0,2.133,A7V,0.186,12.212371301653082
93136,93429,19.028008,-5.739115,44.1306,4.02,0.796,K1IIIvar,1.079,41.84080195674278
93205,93498,19.041022,-24.846826,78.9889,5.63,1.142,K2III,1.232,30.42285727480961
93213,93506,19.043532,-29.880105,27.0416,2.6,0.44,A3IV,0.062,58.07644175213118
93233,93526,19.048472,-3.698987,153.1394,5.4,-0.525,A1V,-0.005,141.2537544622754
93244,93537,19.051057,-19.245686,606.0606,5.96,-2.953,K0II/III,1.158,1321.9042534417247
93248,93542,19.051907,-42.095105,59.2066,4.74,0.878,A0Vn,-0.027,38.79716572936907
93258,93552,19.054915,-38.253147,68.4932,5.73,1.552,F2III/IV,0.328,20.854510476931683
93279,93574,19.058242,-68.755544,56.3063,5.89,2.137,F8V,0.553,12.16746203979131
93285,93580,19.058959,1.818768,54.8847,5.82,2.123,A4V,0.182,12.325370982033443
93329,93624,19.065985,-51.018604,99.8004,5.93,0.934,K0/K1III,1.236,36.8468189147868
93372,93667,19.073627,-31.047079,147.0588,5.49,-0.347,A0V,0.026,119.89470404794197
93388,93683,19.07805,-21.741496,43.554,3.76,0.565,K0III,1.012,51.760683195056785
93418,93713,19.081991,53.396654,111.1111,5.4,0.171,A0Vn,-0.014,74.40463661919195
93422,93717,19.082687,-4.03142,88.7311,5.4,0.66,K1III,1.12,47.424198526024455
93423,93718,19.082741,31.744072,189.7533,5.63,-0.761,M0III,1.548,175.54966296212348
93452,93747,19.090169,13.863478,25.4582,2.99,0.961,A0Vn,0.014,35.94181463147148
93468,93763,19.094772,-15.660419,219.2982,5.93,-0.775,B8IIIsp...,-0.015,177.82794100389228
93510,93805,19.10415,-4.882554,37.9219,3.43,0.536,B9Vn,-0.096,53.161839507396266
93520,93815,19.10554,-52.34091,56.7215,5.17,1.401,F7V,0.532,23.96624529408638
93530,93825,19.106971,-37.063437,17.304,4.23,3.039,F7IV-V,0.523,5.301515066784585
93548,93843,19.11048,28.628595,39.968,5.53,2.521,F0III,0.296,8.542795299048484
93550,93845,19.110665,24.250793,107.1811,5.78,0.629,A4III,0.104,48.797772728648596
93560,93855,19.114477,-16.229276,259.0674,6.0,-1.067,B7V,-0.025,232.7019378848164
93567,93862,19.115445,-48.299144,117.9245,5.95,0.592,A0V,-0.017,50.48937562011557
93569,93864,19.11567,-27.670423,37.2856,3.32,0.462,K1/K2III,1.169,56.91149576288411
93572,93867,19.116279,11.071228,214.1328,5.07,-1.583,B8III,-0.055,374.2829122408053
93608,93903,19.121703,36.100157,274.7253,5.25,-1.944,B6IV,-0.109,521.9152658354482
93622,93917,19.123769,32.501738,41.58,5.2,2.106,F0V,0.367,12.519875206248813
93701,93996,19.137973,-19.290289,396.8254,5.56,-2.433,B2V,-0.087,818.8417919005117
93710,94005,19.139156,-40.496703,54.7345,4.57,0.879,K1III,1.07,38.761448670024116
93718,94013,19.140507,52.425731,71.0227,5.88,1.623,K1IV,1.086,19.53439656398256
93773,94068,19.149976,6.073207,45.7875,5.23,1.926,F0III-IV,0.346,14.777467061719923
93788,94083,19.152716,76.560502,27.3,5.11,2.929,A9V,0.308,5.866782664019767
93819,94114,19.157869,-37.904474,38.432,4.11,1.187,A0/A1V,0.042,29.187708481971423
93846,94141,19.162731,-21.023615,156.25,2.88,-3.089,F2II/III,0.377,1498.3042106226599
93855,94150,19.164642,-68.424448,37.3832,5.31,2.447,G8/K0III/IV,0.901,9.145343031204598
93862,94157,19.166015,-41.892256,444.4444,5.86,-2.379,B5V,-0.08,779.1121911130926
93865,94160,19.167154,-39.340796,145.3488,4.1,-1.712,K0II/IIICN.,1.163,421.50234972104437
94007,94302,19.194597,56.859213,105.4852,5.13,0.014,G8III,1.008,85.98050666611744
94016,94311,19.196114,31.283456,273.224,5.93,-1.253,B9p Si,-0.062,276.18494420752944
94042,94336,19.201416,49.855755,24.4499,5.85,3.909,G4V+...,0.666,2.3790304458806246
94081,94376,19.209225,67.661541,29.8686,3.07,0.694,G9III,0.99,45.96211446660011
94090,94385,19.211309,-7.939518,300.3003,5.35,-2.038,B3V,0.094,569.1149576288414
94139,94434,19.220463,-25.906786,520.8333,5.79,-2.793,K2III,1.387,1140.7750129221204
94143,94437,19.220979,-12.282584,166.113,5.51,-0.592,K3III,1.442,150.24499029989144
94182,94477,19.228529,2.293707,217.8649,5.14,-1.551,B8II-III,-0.071,363.412616064223
94186,94481,19.229302,39.145968,425.5319,4.43,-3.715,B2.5IV,-0.15,2666.8586645214805
94195,94490,19.231987,57.705102,50.6586,5.0,1.477,K2III,1.156,22.346010577312224
94261,94556,19.244319,-45.193527,91.3242,5.91,1.107,G8III,0.902,31.419552846410713
94325,94620,19.254822,21.232118,91.8274,5.65,0.835,A4V,0.121,40.36453929676048
94329,94624,19.255581,15.083651,212.3142,5.58,-1.055,G8II-III,1.067,230.14418174085066
94335,94630,19.256905,30.526381,389.1051,5.88,-2.07,M0III,1.665,586.1381645140291
94348,94643,19.259007,-25.256682,91.4913,4.86,0.053,K0/K1III+..,0.569,82.9468695095263
94352,94648,19.259229,73.355468,44.8833,4.45,1.19,K3III,1.257,29.10717118066605
94408,94703,19.270289,21.390428,248.7562,4.76,-2.219,B4IV,-0.058,672.3571072343188
94417,94712,19.272706,-45.466033,167.2241,5.38,-0.736,K3III,1.349,171.55366477283468
94418,94713,19.272804,38.133731,255.102,4.35,-2.684,K0II,1.258,1031.8106352675927
94425,94720,19.274108,14.544616,125.6281,5.65,0.155,B9.5V,-0.02,75.50922276654337
94432,94727,19.275287,4.834795,164.4737,5.59,-0.49,A3IV,0.101,136.77288255958496
94484,94779,19.28504,53.368459,38.0662,3.8,0.897,K0III,0.95,38.124135110429904
94494,94789,19.286729,-66.661048,91.5751,5.52,0.711,A4IV/V,0.17,45.24806378555482
94525,94820,19.293911,-18.952908,147.7105,4.88,-0.967,K0III,1.013,212.22668969007816
94532,94827,19.295454,23.02554,373.1343,5.46,-2.399,B0.5IV,0.02,793.5969681957695
94539,94834,19.296944,11.595422,127.2265,5.28,-0.243,F0IV,0.196,108.94316796591328
94590,94885,19.309026,1.085129,113.7656,5.1,-0.18,K2II-IIIvar,1.143,102.80162981264735
94689,94982,19.327597,12.37468,103.4126,5.53,0.457,F0III,0.265,57.17418729175535
94691,94986,19.327776,-35.421452,276.2431,5.59,-1.616,B4III,-0.122,385.83355990535125
94743,95038,19.337783,57.645129,242.1308,5.91,-1.01,M1III,1.626,220.80047330188992
94771,95066,19.342473,-5.415766,47.2813,4.98,1.607,G8III-IV...,0.937,19.824397628726402
94778,95073,19.343246,-0.892161,134.2282,5.46,-0.179,B9III,-0.041,102.70698960262818
94782,95077,19.34393,-22.402535,55.371,5.59,1.874,A6:m...,0.276,15.502437888710416
94786,95081,19.344467,65.714531,70.1754,4.6,0.369,A2IIIs,0.033,62.00118642087245
94873,95168,19.361211,-17.847197,38.9257,3.92,0.969,F0III/IV,0.228,35.67795882885623
94881,95176,19.362117,-15.955018,546.4481,4.52,-4.168,F2p,0.079,4047.6224868787403
94892,95188,19.364137,-18.308388,101.833,5.84,0.801,K0III,1.062,41.648560934074126
94927,95222,19.372651,-0.252345,103.7344,5.81,0.73,G8III:,1.093,44.46312674691084
94946,95241,19.377303,-44.458965,96.1538,3.96,-0.955,B9V,-0.085,209.89398836235245
94965,95260,19.380801,26.262403,120.4819,5.22,-0.185,B6III,-0.119,103.2761405761398
94966,95261,19.380888,-54.423931,48.216,5.03,1.614,A0Vn,0.02,19.696996148999236
94999,95294,19.386976,-44.799778,41.1353,4.27,1.199,F2III,0.35,28.866890179482727
95052,95347,19.398103,-40.61594,55.7414,3.96,0.229,B8V,-0.105,70.53424142580965
95057,95352,19.399027,43.388171,135.1351,5.85,0.196,G6.5IIIa,0.924,72.71098031596613
95077,95372,19.402105,29.621338,258.3979,4.99,-2.071,B3IV,-0.12,586.6782664019767
95152,95447,19.416164,11.944415,15.1768,5.17,4.264,G8IVvar,0.761,1.715536647728346
95161,95456,19.41779,-29.309359,91.3242,5.91,1.107,K3III,1.278,31.419552846410713
95182,95477,19.421247,-24.508575,77.2201,5.02,0.581,A4IV/V,0.235,51.003502395944686
95190,95485,19.422665,-13.89713,154.7988,5.72,-0.229,K2III,1.372,107.5474208972789
95202,95498,19.424611,19.798365,83.2639,5.14,0.538,K0III,0.999,53.06400191947747
95206,95503,19.424906,-23.962457,153.1394,5.45,-0.475,K3III,1.442,134.89628825916532
95207,95501,19.424972,3.114775,15.5255,3.36,2.405,F0IV,0.319,9.50604793656281
95260,95556,19.435868,36.317896,216.9197,5.17,-1.511,B9sp...,-0.12,350.26762691381293
95261,95557,19.4364,-15.053251,214.1328,5.71,-0.943,B7IV,0.007,207.58692704951963
95264,95560,19.437013,20.097733,72.8863,5.6,1.287,A0V,-0.006,26.619506511518374
95268,95564,19.438654,-21.776693,132.2751,5.57,-0.037,K1/K2III,1.228,90.11560443397042
95276,95572,19.440037,13.023801,55.991,5.76,2.019,F6III,0.456,13.564381629092681
95286,95582,19.441302,19.891493,187.9699,5.84,-0.53,M0III,1.558,141.90575216890926
95289,95585,19.441969,0.33857,869.5652,4.64,-5.057,F2Ib,0.576,9179.09786057337
95323,95619,19.449022,-29.743225,69.9301,5.66,1.437,B8/B9V,-0.014,23.184620954131294
95360,95656,19.457212,52.320436,107.5269,5.73,0.572,A1V,-0.002,51.42804319487918
95393,95690,19.463366,-54.325272,164.7446,5.7,-0.384,K4III,1.406,124.05092300422251
95434,95732,19.472444,2.93003,294.9853,5.84,-1.509,B6III,-0.003,349.62300400270186
95473,95771,19.478427,24.664905,91.1577,4.44,-0.359,M0 comp,1.502,121.22717925364971
95487,95785,19.482523,24.768723,157.7287,5.82,-0.17,K0III,1.023,101.85913880541169
95495,95793,19.483608,1.950448,61.1995,5.79,1.856,A0V,0.088,15.761589049638374
95523,95822,19.489487,14.596019,91.7431,5.57,0.757,K0III,1.05,43.37105635004414
95524,95823,19.489951,-43.445195,62.383,5.7,1.725,Am,0.214,17.78279410038923
95554,95853,19.495098,51.729779,37.2024,3.76,0.907,A5Vn,0.148,37.77461093882191
95566,95865,19.497829,-26.985615,71.736,5.46,1.181,K1/K2III,1.12,29.349452222697927
95638,95937,19.511066,-2.788887,162.0746,5.03,-1.019,M1IIIvar,1.77,222.63836295529075
95648,95947,19.512023,27.959681,133.1558,3.05,-2.572,K3II+...,1.088,930.6791831626532
95652,95951,19.51261,27.965276,122.549,5.12,-0.322,B8V,-0.095,117.16556739113025
95700,95999,19.519709,-68.43392,387.5969,5.98,-1.962,K4/K5III,1.638,530.6400191947749
95714,96014,19.522039,50.306706,141.6431,5.55,-0.206,K1III,1.274,105.29312128434388
95716,96016,19.522672,26.617171,60.5327,5.89,1.98,K0III-IV,0.915,14.060475241299136
95752,96052,19.529534,34.452968,263.8522,4.74,-2.367,B3IV,-0.15,770.5485366297152
95799,96100,19.539149,69.661175,5.7547,4.67,5.87,K0V,0.786,0.39084089579240183
95839,96141,19.54828,-53.185618,115.7407,5.76,0.443,Am,0.3,57.91619210831198
95876,96178,19.556007,-45.271748,121.6545,5.59,0.164,A0p,-0.02,74.88589075216439
95896,96198,19.561557,49.262319,406.5041,6.0,-2.045,M4.5III,1.545,572.7960309858292
95927,96229,19.568153,7.378941,32.9924,4.45,1.858,K3III,1.176,15.732581854464675
95932,96234,19.569024,-40.034638,129.7017,5.89,0.325,A5IV-III,0.105,64.56542290346553
95956,96258,19.572161,51.23662,25.113,5.71,3.711,F7V,0.475,2.8549598169004082
95973,96275,19.57636,19.773403,169.4915,5.0,-1.146,B8IIIn,-0.093,250.26493257310798
95986,96288,19.578127,42.412509,176.6784,5.34,-0.896,A2V,0.06,198.79250210418817
96000,96302,19.580813,29.462954,171.2329,5.39,-0.778,A0V+...,0.581,178.3199772232918
96026,96327,19.585349,-10.560444,140.2525,5.12,-0.615,G8III,1.122,153.4616982799294
96039,96341,19.586942,-48.099202,113.6364,4.88,-0.398,G9III,1.096,125.66085200763307
96104,96406,19.600459,-24.719081,90.2527,5.64,0.863,A1m...,0.185,39.3368880673202
96138,96441,19.607372,50.221103,18.3352,4.49,3.174,F4V,0.395,4.681661397243642
96156,96459,19.610555,44.694936,40.833,5.17,2.115,K0III,0.928,12.416523075924106
96162,96465,19.611786,-24.883623,58.1395,4.59,0.768,B8/B9V,-0.075,42.933866347043036
96165,96468,19.612022,-1.286601,119.9041,4.36,-1.034,B5III,-0.079,225.73557110214452
96179,96481,19.61457,11.273206,371.7472,5.98,-1.871,G0Ib,0.881,487.97772728648596
96180,96483,19.614847,-7.027477,515.4639,4.93,-3.631,B0.5III,-0.046,2468.3116896973465
96193,96496,19.617595,-18.231052,121.8027,5.66,0.232,K0III,1.237,70.33961712162473
96212,96516,19.621498,16.462802,147.2754,5.67,-0.171,G8IIIvar,1.007,101.95299775626025
96232,96536,19.626227,-14.301801,30.5623,5.46,3.034,F7V,0.501,5.3259857484906155
96252,96556,19.62981,-4.64764,32.1543,5.45,2.914,F3IV,0.429,5.948397740692211
96314,96620,19.644769,54.973793,40.8831,5.89,2.832,F6Vasv,0.482,6.415049325106628
96359,96665,19.653234,5.397773,239.2344,5.18,-1.714,B3V + B3V,-0.001,422.2795013060568
96377,96683,19.656279,30.153321,81.6327,4.68,0.121,G8III-IV...,0.971,77.91121911130922
96386,96693,19.657356,42.818278,200.0,5.41,-1.095,B9III,-0.063,238.78112829131757
96450,96757,19.668275,18.01389,130.3781,4.39,-1.186,G0II,0.777,259.6569790273785
96453,96760,19.668657,-23.429086,109.8901,5.97,0.765,K0III,1.038,43.05266104917108
96500,96807,19.6787,-0.621233,107.9914,5.64,0.473,A3IV,0.123,56.33781508509383
96501,96808,19.678717,-16.293268,73.7463,5.3,0.961,K1III,1.109,35.94181463147148
96519,96825,19.680601,45.524942,49.6278,5.06,1.581,F5II,0.426,20.30486002716804
96530,96837,19.68415,17.476041,134.7709,4.39,-1.258,G8II,1.041,277.45975598804154
96533,96840,19.684869,13.815682,100000.0,5.98,-14.02,B5V,-0.078,35318316.979195625
96588,96895,19.696945,50.52506,21.0793,5.99,4.371,G2V,0.643,1.5545331940607845
96643,96950,19.708648,-16.123996,54.3183,5.06,1.385,F3IV/V,0.319,24.32204009073816
96650,96957,19.709447,11.826583,261.7801,5.28,-1.81,F3V:+...,0.575,461.31757456037957
96670,96977,19.71239,32.426741,602.4096,5.93,-2.969,A5III,0.118,1341.5287982661257
96756,97063,19.72598,-15.470105,48.9237,5.49,2.042,F5V,0.46,13.2800588624373
96770,97077,19.72859,25.771929,101.7294,5.5,0.463,G8III,0.939,56.859102469885514
96774,97081,19.729192,41.773108,174.8252,5.86,-0.353,M0III,1.598,120.55910077295344
96811,97118,19.737943,37.354355,88.6525,4.89,0.152,G8III,0.948,75.71815097147055
96814,97122,19.738446,69.337065,132.1004,5.9,0.295,A2III,0.072,66.3743070401909
96858,97165,19.749574,45.13081,50.5817,2.86,-0.66,B9.5III,-0.002,159.95580286146696
96921,97229,19.761096,7.613158,53.6193,5.89,2.243,A3IV,0.18,11.035702899640144
96951,97260,19.767005,-31.908571,217.8649,5.51,-1.181,B8III,0.024,258.4639635769842
96970,97278,19.770994,10.613261,121.0654,2.72,-2.695,K3II,1.507,1042.3174293933046
96981,97290,19.772707,-19.761113,63.6537,4.87,0.851,K0III,1.061,39.7740669105028
96986,97295,19.773777,33.727598,21.2314,5.0,3.365,F5,0.476,3.9264493539959964
97056,97365,19.789795,18.534286,182.1494,3.68,-2.622,M2II + B6,1.313,974.5407417663063
97067,97376,19.79105,38.407614,144.9275,5.83,0.024,B8Vn,-0.087,85.1922326428547
97093,97402,19.796816,25.384058,126.9036,6.0,0.483,K0II-III,0.993,55.82130689177264
97112,97421,19.800321,-56.362611,49.554,5.33,1.855,A9Vn,0.196,15.776112696993485
97124,97433,19.80285,70.26793,45.3721,3.84,0.556,G8III,0.888,52.19152658354482
97163,97473,19.811683,11.815896,157.7287,5.75,-0.24,F2V:+...,0.546,108.64256236170655
97186,97496,19.816294,19.142042,78.1861,5.01,0.544,A3V,0.095,52.77156817648117
97189,97499,19.817279,-10.870763,96.432,6.0,1.079,K5III,1.233,32.240368719181866
97224,97534,19.823694,-72.503378,43.63,5.39,2.191,A4III,0.234,11.577105741152703
97287,97598,19.837238,-47.557392,408.1633,5.91,-2.144,M1III,1.678,627.4801619978521
97319,97630,19.842776,38.722419,212.3142,5.18,-1.455,M2IIIa,1.665,332.6595532940047
97323,97634,19.843702,40.599759,649.3506,5.68,-3.382,B1III,-0.058,1962.4563241736896
97324,97635,19.843813,52.988001,62.0732,5.03,1.065,K3IIIvar,1.286,32.658783217233584
97335,97646,19.845775,-59.193667,84.9618,5.41,0.764,A0IV,0.082,43.09233228186263
97338,97649,19.846388,8.868322,5.1295,0.76,2.21,A7IV-V,0.221,11.376272858234303
97339,97650,19.846329,-10.763512,27.8707,5.38,3.154,F0V,0.402,4.768699981017778
97365,97675,19.850456,10.415727,19.1902,5.12,3.705,F8V,0.563,2.8707805820246897
97368,97679,19.851141,22.610046,193.0502,4.9,-1.528,B2.5V,-0.153,355.795130559743
97438,97749,19.864056,-39.874367,92.4214,5.32,0.491,A0p,-0.045,55.41151189716867
97446,97757,19.866408,47.027339,100000.0,5.6,-14.4,O9.5Ia,-0.078,50118723.36272725
97454,97765,19.867109,24.992162,518.1347,5.54,-3.032,A1Iab,0.68,1421.6739313080038
97464,97774,19.868658,47.931795,510.2041,5.91,-2.629,B2III,-0.174,980.8441360309063
97472,97783,19.870001,-19.044991,115.8749,5.88,0.56,K0III,0.979,51.99959965335157
97493,97804,19.874547,1.005661,423.7288,3.87,-4.265,F6Ibv SB,0.63,4425.88372362626
97505,97816,19.877143,-54.971026,172.4138,5.76,-0.423,G8/K0III,0.915,128.58786926343993
97559,97870,19.88816,57.523482,194.1748,5.14,-1.301,B5V,-0.125,288.66890179482726
97560,97871,19.888538,-3.114464,80.1282,5.63,1.111,A5pvar,0.231,31.30401190096238
97575,97886,19.891026,24.079614,102.5641,4.57,-0.485,B9.5III,-0.047,136.14446824659495
97617,97928,19.902299,-8.574211,193.7984,5.76,-0.677,K5III,1.664,162.4800335227319
97627,97938,19.904134,8.461453,56.2746,4.71,0.958,K0III,1.023,36.04126286491436
97650,97961,19.908632,24.319388,144.3001,5.56,-0.236,A0III,-0.018,108.243044760913
97655,97966,19.910459,-8.227289,147.929,5.7,-0.15,B7Vn,-0.079,100.0
97669,97980,19.912444,0.273627,113.8952,5.6,0.317,A0III,0.098,65.04291550788011
97674,97985,19.913403,36.995676,369.0037,5.79,-2.045,Fp,0.773,572.7960309858292
97721,98032,19.921026,-41.868288,55.7414,4.12,0.389,K0III,1.063,60.869537233490085
97725,98036,19.921887,6.406763,13.6986,3.71,3.027,G8IVvar,0.855,5.360434578161428
97744,98055,19.927167,52.438948,86.2813,4.91,0.23,A4Vn,0.124,70.46930689671467
97755,98066,19.930651,-26.299506,25.9875,4.7,2.626,G3/G5III,0.748,7.755324957585906
97757,98068,19.931045,38.486705,442.4779,4.95,-3.279,B5IV,-0.086,1784.8429164980066
97762,98073,19.932051,58.845969,280.8989,4.98,-2.263,K5II-III,1.584,700.164359372975
97774,98085,19.933684,16.634799,100000.0,5.71,-14.29,G5Ibv SB,0.903,45289757.99036214
97792,98103,19.937292,11.423721,67.2948,5.28,1.14,A1IV,0.014,30.47894989627983
97799,98110,19.938438,35.083424,41.3736,3.89,0.806,K0IIIvar,1.019,41.45720317867256
97851,98162,19.94912,-27.169899,255.102,4.54,-2.494,K3III,1.462,866.1637419723033
97863,98174,19.951749,-58.901351,85.3971,5.24,0.583,B9.5IV,0.014,50.90963695230937
97883,98194,19.953852,40.367824,340.1361,5.46,-2.198,B5V,-0.09,659.4775259494854
97923,98234,19.962624,16.789163,139.6648,5.54,-0.185,B9III,-0.048,103.2761405761398
97947,98258,19.965842,-15.49149,81.4332,5.01,0.456,A2V,0.055,57.22687092228429
98014,98325,19.977216,30.983665,142.6534,5.51,-0.261,B9Vn,-0.06,110.76434916697433
98021,98332,19.978116,-69.163957,70.1262,5.74,1.511,Am,0.224,21.65708494710074
98026,98337,19.979285,19.492148,79.2393,3.51,-0.985,K5III,1.571,215.77444091526667
98042,98353,19.982555,-26.195767,96.0615,4.84,-0.073,G8II/III,0.882,93.15367652385743
98064,98375,19.986261,23.101281,49.1159,5.68,2.224,F0,0.345,11.230523475410829
98072,98383,19.989006,45.772541,138.8889,5.92,0.207,A5III,0.185,71.97803728026993
98101,98412,19.995605,-35.276305,158.9825,4.37,-1.637,B2.5IV,-0.15,393.3688806732022
98105,98416,19.996485,-9.958238,22.2025,5.87,4.138,F8V,0.598,1.9266374595240803
98110,98421,19.997595,-34.697799,48.4966,5.3,1.871,A4/A5IV,0.17,15.545331940607856
98114,98425,19.998665,37.042885,404.8583,5.15,-2.887,B3IV,-0.133,1243.9416235583083
98127,98438,20.000919,17.516511,312.5,5.33,-2.144,M4IIIa,1.576,627.4801619978521
98150,98461,20.004425,-37.701719,107.7586,5.95,0.788,G8/K0III,0.989,42.150234972104414
98159,98470,20.005621,-33.703452,21.2495,5.65,4.013,F7V,0.498,2.1617227843354705
98167,98478,20.006418,-66.94936,73.2601,5.75,1.426,K0IV,1.033,23.42070694793825
98184,98495,20.009845,-72.910504,32.2165,3.97,1.43,A0V,-0.032,23.334580622810034
98201,98512,20.013424,-45.112918,81.367,5.8,1.248,A8III,0.295,27.59306855817509
98215,98526,20.016383,8.557735,212.3142,5.9,-0.735,K5III,1.529,171.39573075084252
98232,98543,20.018346,27.753573,72.4638,4.66,0.359,A4III,0.184,62.57487633544405
98260,98571,20.022655,50.104695,133.1558,5.06,-0.562,K1II-III,1.122,146.15039720061645
98272,98583,20.024594,64.820974,180.1802,5.22,-1.059,M1III,1.598,230.99362801731854
98297,98609,20.029086,24.800423,331.1258,5.88,-1.72,B4V,-0.134,424.619563946313
98298,98608,20.029093,-59.375893,145.7726,4.95,-0.868,M6III,1.356,193.73139245819553
98313,98624,20.03123,-66.943966,72.4638,5.32,1.019,K2IVCN...,1.218,34.07218616593573
98321,98633,20.032944,-13.637217,90.9918,5.69,0.895,A1IV,0.079,38.194427084004644
98324,98636,20.03373,24.938043,67.981,5.23,1.068,F2III,0.374,32.568668220166984
98375,98688,20.044299,-27.709845,137.5516,4.43,-1.262,M4III,1.64,278.48384078050054
98389,98702,20.04696,67.873565,131.406,4.51,-1.083,K3III,1.313,236.15655239177184
98425,98738,20.054555,18.500993,248.139,5.99,-0.983,K3Iab:,1.42,215.37733556621748
98441,98754,20.058338,16.031255,195.6947,5.73,-0.728,B9MNp...,-0.095,170.29425618775483
98448,98761,20.059291,-37.940699,112.3596,4.77,-0.483,K4III,1.417,135.89391171008015
98454,98767,20.060373,29.896805,15.8579,5.73,4.729,G6IV+...,0.749,1.117892390711744
98504,98819,20.068399,17.070173,17.7683,5.8,4.552,G1V,0.6,1.3158306550959187
98508,98823,20.068976,7.277966,141.6431,5.51,-0.246,K0III,1.063,109.24460532267929
98527,98842,20.072108,-32.056296,89.1266,4.99,0.24,K1III/IV,1.208,69.82324040771711
98529,98844,20.073098,-0.709309,127.8772,5.67,0.136,K4III,1.301,76.84223711000263
98548,98863,20.076715,32.218598,100000.0,5.62,-14.38,B1.5Ia comp,0.76,49203953.56814511
98604,98920,20.08597,19.991071,49.1642,5.09,1.632,K2III,1.058,19.37313924581955
98646,98962,20.092444,61.99542,52.687,5.4,1.791,K3III,1.191,16.73400906839313
98710,99026,20.103823,53.165688,36.5631,5.81,2.995,F5V,0.445,5.520774392807572
98715,99031,20.106055,35.972468,23.9464,5.38,3.484,K0IV,0.85,3.518843888209582
98764,99080,20.114835,23.614425,154.5595,5.08,-0.865,B3V,-0.162,193.19683170169242
98804,99120,20.1231,-52.880793,331.1258,4.93,-2.67,M1II,1.591,1018.5913880541169
98855,99171,20.13384,-0.678185,46.9484,5.97,2.612,K1IV,1.023,7.855973322609894
98924,99240,20.145157,-66.182068,6.1084,3.55,4.62,G5IV-Vvar,0.751,1.23594743344451
98939,99255,20.148145,77.711419,96.5251,4.38,-0.543,B9III,-0.046,143.6150652907477
98986,99303,20.157116,36.839621,317.4603,4.93,-2.578,B2.5V,-0.139,935.8365435835292
99087,99404,20.175982,26.904169,129.8701,5.51,-0.058,A3III,0.087,91.87556016660622
99143,99461,20.186632,-36.101212,6.015,5.32,6.424,K2V,0.868,0.23463889244641298
99156,99473,20.188413,-0.821461,87.7963,3.24,-1.477,B9.5III,-0.066,339.46890538007864
99182,99500,20.193007,62.078542,48.3559,5.7,2.278,F5V,0.53,10.68562674599961
99200,99518,20.19666,26.80899,432.9004,5.51,-2.672,K3II-III,1.397,1020.4694319422
99213,99531,20.200195,26.478806,246.9136,5.91,-1.053,B7Ve...,-0.107,229.72063071583523
99254,99572,20.207186,-12.617497,27.7008,5.84,3.628,F5V,0.476,3.0817684166115114
99312,99631,20.220523,-1.009339,216.9197,5.44,-1.241,K5III,1.43,273.1492422089182
99320,99639,20.22168,46.815675,187.2659,4.8,-1.562,A5IIIn,0.1,367.11319968796414
99336,99655,20.223288,56.567722,48.8281,4.28,0.837,A3IV-Vn,0.114,40.29025350832952
99344,99663,20.224331,60.640569,177.9359,5.81,-0.441,K5III,1.476,130.73744701631327
99356,99675,20.227196,46.741329,271.0027,3.8,-3.365,K2II+...,1.27,1931.9683170169242
99419,99738,20.237369,28.694817,91.1577,5.19,0.391,A7IVn,0.191,60.75751461057411
99423,99742,20.237949,15.197609,45.977,4.94,1.627,A2V,0.072,19.462561593612413
99428,99747,20.238617,-52.44577,210.084,5.65,-0.962,K4III,1.497,211.25159662408515
99451,99770,20.242229,36.806302,42.6985,4.93,1.778,A2V,0.151,16.93557708691518
99505,99824,20.254415,25.591957,303.9514,4.79,-2.624,B3V,-0.181,976.3375665826426
99507,99825,20.254806,-27.032977,8.9111,5.73,5.98,K3V,0.878,0.3531831697919567
99523,99841,20.256604,33.729084,97.4659,5.7,0.756,K0III,0.926,43.41102097073453
99529,99848,20.257867,47.714208,324.6753,3.96,-3.597,K3Ib-II comp,1.451,2392.2138475120555
99534,99853,20.2584,23.508906,588.2353,5.18,-3.668,G2Ib SB,1.016,2553.877135779325
99554,99874,20.262816,27.814242,103.8422,4.5,-0.582,K3III,1.258,148.86753594923644
99569,99889,20.266837,45.579525,34.2583,5.87,3.196,F5V:,0.447,4.587752705471356
99631,99951,20.279746,24.671102,134.2282,5.3,-0.339,G8III,0.951,119.01453387038552
99648,99968,20.282024,40.365075,483.0918,5.27,-3.15,K5II,1.65,1584.893192461114
99696,100017,20.291918,66.853687,17.5685,5.91,4.686,G3V,0.602,1.163054323328467
99706,100027,20.29413,-12.508212,174.5201,4.3,-1.909,G3Ib,0.928,505.3589947531675
99723,100044,20.296445,38.03293,100000.0,4.77,-15.23,B2pe,0.377,107646521.3629835
99741,100062,20.300388,-21.80996,96.9932,5.86,0.926,G8III,1.002,37.11931900441403
99743,100064,20.300904,-12.544852,32.4465,3.58,1.024,G6/G8III,0.883,33.91563869058218
99748,100069,20.301941,40.732082,595.2381,5.83,-3.043,O9V,0.073,1436.1506529074773
99775,100097,20.306876,55.397095,90.4977,5.76,0.977,A2Vs,0.118,35.41604004264617
99786,100108,20.307958,36.999803,62.5,5.58,1.601,A2V,0.056,19.934254564980925
99799,100122,20.310853,34.982775,970.8738,5.14,-4.796,F5Ib,0.66,7217.719496687
99873,100195,20.323223,-19.118533,343.6426,5.28,-2.401,K2III,1.394,795.0601750844196
99898,100221,20.326863,62.257472,115.8749,5.71,0.39,B9V,-0.043,60.81350012787179
99932,100256,20.333386,13.548091,80.3213,5.96,1.436,A5m,0.299,23.20598461598921
99937,100261,20.334998,68.880317,205.3388,5.59,-0.972,M5III,1.472,213.2062835811655
99952,100276,20.339279,17.792928,167.2241,5.82,-0.296,K5III,1.5,114.39314495393073
99985,100310,20.344393,-12.75908,77.6398,4.77,0.32,B9IV,-0.047,64.86344335482381
100020,100345,20.350187,-14.781367,100.2004,3.05,-1.954,A5:n,0.79,526.744488331906
100032,100357,20.3532,63.980122,215.0538,5.69,-0.973,K5III,1.561,213.4027442848975
100109,100435,20.36762,24.446099,305.8104,5.5,-1.927,B8IIIn,-0.09,513.8069802323445
100111,100437,20.368156,45.794994,124.2236,5.58,0.109,K0IIIvar,1.077,78.77710195856797
100128,100453,20.370473,40.256679,561.7978,2.23,-6.518,F8Ib,0.673,35253.318119588555
100143,100469,20.374305,-42.049548,66.1376,5.6,1.498,A0V,0.002,21.91795343844129
100175,100501,20.379249,41.026012,259.0674,5.95,-1.117,M0III,1.632,243.6688423459584
100215,100541,20.386304,5.342987,75.5858,5.3,0.908,G8III-IV,0.983,37.739835253658576
100248,100574,20.395658,37.476449,414.9378,5.87,-2.22,B2Vne,-0.173,672.9766562843175
100260,100587,20.397671,32.190172,76.6284,4.43,0.008,K3III,1.331,86.45696780339125
100264,100591,20.398106,-42.422868,95.511,5.64,0.74,A3V,0.201,44.05548635065532
100412,100738,20.424119,-28.663269,153.8462,5.86,-0.075,G8II/III,1.101,93.3254300796991
100425,100751,20.427459,-56.73509,54.8246,1.94,-1.755,B2IV,-0.118,438.5306977749856
100428,100754,20.427925,21.409642,145.7726,5.68,-0.138,G6III,0.921,98.90084450210652
100533,100859,20.450624,49.383367,37.5657,5.73,2.856,F0V:,0.339,6.274801619978518
100555,100881,20.455336,-18.211721,167.2241,5.08,-1.036,B4V,-0.049,226.15177461083604
100581,100907,20.459517,38.440332,81.4332,5.63,1.076,A3V,0.072,32.329575336809405
100639,100965,20.470687,81.422708,139.6648,5.38,-0.345,G9III,1.01,119.6740531307243
100701,101027,20.481004,-17.813687,30.2663,4.77,2.365,F3V,0.386,9.8627948563121
100741,101067,20.488997,36.454729,793.6508,5.9,-3.598,A1Ib,0.407,2394.4181728633826
100750,101076,20.489926,30.368555,235.8491,4.01,-2.853,F5II,0.404,1205.5910077295343
100757,101084,20.490863,56.06819,265.9574,5.89,-1.234,B9Vn,-0.052,271.3938487641589
100758,101082,20.490931,81.091277,63.7349,5.96,1.938,K0III+...,0.942,14.615039720061645
100767,101093,20.493015,62.994105,41.841,4.21,1.102,A7III,0.199,31.564578912990697
100775,101101,20.494167,-2.885531,61.2745,4.91,0.974,K2III,1.16,35.514033498288214
100797,101123,20.498307,-18.583178,66.357,5.94,1.831,A1V,0.062,16.12872362170402
100812,101138,20.500983,48.951569,278.5515,4.94,-2.285,B2.5IV,-0.087,714.4963260755135
100917,101243,20.521893,49.220297,122.399,5.44,0.001,M2III,1.566,87.01617721519975
100934,101260,20.525112,74.954619,121.3592,5.18,-0.24,A0p...,0.1,108.64256236170655
101019,101345,20.539915,-9.853384,24.4021,5.66,3.723,G3V,0.689,2.8235793691102984
101095,101421,20.553547,11.303263,101.3171,4.03,-0.998,B6III,-0.123,218.37353276021747
101101,101427,20.554894,-80.964862,160.0,5.76,-0.261,G6/G8II,1.122,110.76434916697433
101148,101474,20.565052,35.250852,847.4576,4.61,-5.031,K2Ib comp,1.593,8961.898068616147
101149,101475,20.565234,46.693866,132.2751,5.78,0.173,B9sp...,-0.14,74.26770437146976
101151,101477,20.565297,-44.516048,71.736,5.12,0.841,K0III,0.999,40.14209182043211
101156,101483,20.565845,13.027255,72.4113,5.39,1.091,A3IVs,0.093,31.88599693386385
101263,101589,20.588482,14.674213,67.4764,4.64,0.494,A3V,0.12,55.25861556300781
101285,101612,20.593003,-60.581749,27.7932,4.75,2.53,F1III,0.291,8.472274141405961
101365,101692,20.61212,-2.549957,398.4064,4.91,-3.092,K5II,1.606,1502.4499029989145
101389,101716,20.617964,26.461947,97.371,5.59,0.648,B9V,-0.05,47.95125740813503
101442,101769,20.625816,14.595087,30.931,3.64,1.188,F5IV,0.425,29.16083798521233
101445,101772,20.626116,-47.291502,30.1477,3.11,0.714,K0III,0.998,45.12321133443373
101446,101773,20.626465,-61.529918,58.1395,4.86,1.038,Fm delta Del,0.447,33.48112173860538
101472,101800,20.630311,11.377676,57.9374,5.42,1.605,A2V,0.05,19.860949173573715
101515,101843,20.638501,-81.289063,195.6947,5.89,-0.568,K5III,1.692,146.96028989796503
101519,101847,20.638967,-1.105121,103.4126,4.31,-0.763,G8III SB,0.949,175.87333541355733
101539,101867,20.642038,21.201174,71.3776,4.81,0.542,A0V,-0.03,52.86886658508811
101540,101868,20.642198,24.115958,160.2564,5.06,-0.964,B5IV,-0.133,211.64109507708656
101542,101870,20.643053,23.680494,625.0,5.91,-3.069,K0II-III+..,0.953,1470.9570767969778
101553,101882,20.645552,13.315125,617.284,5.69,-3.262,K3Ib,1.509,1757.114246595095
101570,101899,20.649867,30.334265,108.5776,5.68,0.501,K2III,1.088,54.903496102520336
101580,101909,20.65138,15.838199,413.2231,5.99,-2.091,B3V,-0.145,597.585429715573
101587,101916,20.652161,10.086203,30.1205,5.07,2.676,G5IV+...,0.702,7.406277836681546
101594,101923,20.654533,-14.95476,348.4321,5.24,-2.471,B7III,-0.129,848.0080988896916
101607,101936,20.656914,0.486445,71.4796,5.15,0.879,K1III,1.06,38.761448670024116
101629,101958,20.660635,15.912072,77.821,3.77,-0.685,B9V,-0.057,163.68165214278085
101654,101983,20.667347,-60.548892,24.6609,5.11,3.15,F8V,0.544,4.786300923226383
101655,101984,20.667485,-18.138659,177.9359,5.15,-1.101,M1III,1.647,240.1043343569321
101657,101986,20.667549,43.458878,137.5516,5.97,0.278,K2III,1.186,67.4217467576244
101684,102014,20.672174,-33.431843,72.6216,5.47,1.165,K1III,1.118,29.785164294291896
101696,102026,20.6757,-16.12418,100.4016,5.79,0.781,K0III,0.997,42.42286549229506
101736,102066,20.684039,32.307287,244.4988,5.53,-1.411,G8IIb,0.871,319.44787242086915
101761,102092,20.689902,-31.598289,138.8889,5.75,0.037,M1III,1.551,84.17827076608127
101767,102098,20.690532,45.280338,432.9004,1.25,-6.932,A2Ia,0.092,51617.86054966733
101824,102155,20.699028,41.716875,335.5705,5.68,-1.949,B8II-III,-0.107,524.3243172456372
101826,102157,20.699186,-66.760682,240.9639,5.14,-1.77,B8Vvar,-0.061,444.63126746910837
101831,102162,20.700731,-76.180592,101.1122,5.99,0.966,F4III-IV,0.45,35.77667699361107
101846,102177,20.703508,50.34003,390.625,5.41,-2.549,B2V,-0.107,911.1712330429193
101877,102208,20.709755,82.531158,108.1081,5.75,0.581,A0V,0.0,51.003502395944686
101922,102253,20.719722,66.657447,42.7899,5.59,2.433,A8V,0.218,9.264031007363993
101950,102281,20.724315,15.074581,68.4463,4.43,0.253,A7IIIp d Del,0.302,68.99220098440475
102002,102333,20.733966,-51.920971,24.1721,4.51,2.593,A6:var,0.278,7.99466002520316
102027,102358,20.739457,56.488405,336.7003,5.91,-1.726,M3III,1.643,426.97259404803344
102057,102388,20.747919,25.270617,99.6016,4.92,-0.071,K2III,1.183,92.98223905853808
102064,102395,20.749314,-66.203212,41.425,3.42,0.334,A5IV,0.163,64.0324324468947
102091,102422,20.754811,61.838782,14.2653,3.41,2.639,K0IV,0.912,7.6630207227391915
102100,102431,20.755878,57.579725,27.2926,4.52,2.34,F8IV-V,0.535,10.092528860766844
102122,102453,20.761043,30.719715,61.6523,4.22,0.27,K0III,1.051,67.92036326171846
102154,102485,20.76826,-25.270898,14.6778,4.13,3.297,F5V,0.426,4.180228289540324
102156,102487,20.769441,-21.514032,80.8407,5.91,1.372,A1V,0.066,24.615009062337666
102157,102488,20.770178,33.970256,22.2916,2.48,0.739,K0III,1.021,44.09608164506378
102166,102497,20.772238,-39.199262,99.5025,5.48,0.491,B8/B9V,-0.078,55.41151189716867
102200,102531,20.777462,16.124134,37.9507,5.15,2.254,A2Ia+...,0.495,10.924460532267922
102201,102532,20.77764,16.124296,38.7297,4.27,1.33,K1IV,1.042,25.58585886905645
102240,102571,20.786319,34.374123,136.4256,4.93,-0.744,K3IIIvar,1.294,172.82238729497664
102258,102589,20.790149,36.490717,235.8491,4.53,-2.333,B6IV,-0.083,746.7925899308835
102268,102599,20.79265,80.552262,122.2494,5.36,-0.076,K1III,1.144,93.41142557364785
102287,102618,20.794598,-9.495776,63.6943,3.78,-0.241,A1V,0.0,108.74267195462436
102293,102624,20.795621,-5.027701,179.5332,4.43,-1.841,M3IIIvar,1.639,474.6789794829222
102302,102633,20.796759,6.008209,131.406,5.57,-0.023,A0V,-0.01,88.96107044092288
102304,102635,20.797025,47.831869,179.8561,5.6,-0.675,K5III,1.466,162.18100973589299
102362,102693,20.808084,-43.988544,35.4233,5.11,2.364,F1IV,0.361,9.87188301068396
102393,102724,20.815637,46.114134,714.2857,4.81,-4.459,B3Ia,0.571,5291.758304203465
102441,102772,20.821559,-25.78124,295.858,5.86,-1.495,B8II,-0.069,345.1437393358564
102442,102773,20.821733,-68.776521,92.5926,5.41,0.577,K0III,1.122,51.1917527999711
102459,102790,20.824709,-46.226826,126.5823,4.9,-0.612,K5III,1.494,153.03825321774377
102500,102831,20.8328,-33.779722,116.0093,4.89,-0.432,G8III,1.004,129.65820353826285
102513,102843,20.834695,44.059304,40.9668,5.06,1.998,A4me...,0.198,13.829293697959438
102560,102891,20.844938,-12.544906,80.9717,5.87,1.328,K1III,1.075,25.63303319865898
102585,102916,20.850211,-37.913332,180.1802,5.52,-0.759,K3III,1.38,175.22658618857096
102614,102945,20.857152,-5.626633,60.7165,5.99,2.073,F5IV-V,0.464,12.906247820605376
102618,102949,20.857844,28.250505,369.0037,5.66,-2.175,F5Ib,0.616,645.6542290346556
102619,102950,20.858347,-51.608179,143.0615,5.06,-0.718,K1II/III,1.125,168.73298906258032
102631,102962,20.860681,-62.429335,76.3359,5.67,1.256,A2,0.203,27.390502512868633
102647,102978,20.863692,-26.919133,258.3979,4.12,-2.941,K4III,1.633,1307.3744701631329
102673,103004,20.868801,27.096979,57.8035,4.56,0.75,G8III,0.835,43.65158322401658
102674,103005,20.869082,-5.507059,199.2032,5.55,-0.946,B9III,-0.076,208.16130409176395
102714,103045,20.877565,-8.983318,48.216,4.73,1.314,A3m,0.325,25.965697902737833
102758,103089,20.887431,44.38726,161.0306,4.8,-1.235,B5V,-0.134,271.6439268839081
102763,103094,20.88849,45.181673,308.642,5.48,-1.967,K0II,1.088,533.0893422367019
102796,103127,20.894494,-39.809865,122.6994,5.34,-0.104,K2III,1.318,95.8517397685646
102814,103145,20.898304,33.437891,184.1621,5.47,-0.856,K5III,1.522,191.60198320684577
102868,103200,20.909344,28.057621,178.5714,5.03,-1.229,K4III,1.481,270.14690729572465
102887,103219,20.912304,75.92557,124.3781,5.99,0.516,G5III,0.946,54.150191895348954
102894,103226,20.913283,-17.922894,111.8568,5.78,0.537,K0III,1.122,53.11289818550132
102895,103227,20.913498,-58.454155,187.6173,3.67,-2.696,K0III,1.25,1043.277881459965
102962,103294,20.926858,13.721536,147.0588,5.19,-0.647,K0III,1.119,158.05200152842568
102966,103298,20.927381,12.568558,60.4961,5.54,1.631,A4V,0.131,19.39099078614849
102980,103312,20.930501,47.417656,100000.0,5.68,-14.32,B8Ia,0.408,46558609.35229601
103027,103359,20.940407,50.728598,51.2821,5.83,2.28,F0III,0.337,10.665961212302573
103028,103360,20.940526,49.195847,234.7418,5.92,-0.933,G8II-III,1.054,205.68375866278862
103039,103371,20.942994,44.924722,100000.0,5.96,-14.04,O6...,0.02,35974933.515574306
103057,103389,20.946479,-26.296378,21.9684,5.7,3.991,F7V,0.507,2.205972021747326
103069,103401,20.948341,-9.697545,167.5042,5.49,-0.63,K5III,1.474,155.59656316050734
103081,103413,20.952893,41.167136,114.8106,3.94,-1.36,A1Vn,0.027,304.7894989627983
103128,103460,20.96129,-16.031539,54.8546,5.89,2.194,A2/A3III,0.18,11.545161169214305
103179,103511,20.971209,22.325908,138.6963,5.3,-0.41,K4III,1.419,127.05741052085419
103187,103519,20.972067,44.471711,79.3021,5.55,1.054,G8III,0.973,32.99134337888642
103195,103527,20.973871,10.839286,75.3012,5.51,1.126,G6III:,0.934,30.87450475587447
103198,103530,20.975009,50.461791,331.1258,5.59,-2.01,B5Vn,-0.144,554.6257129579104
103213,103545,20.978289,-14.483128,87.184,5.95,1.248,A9V,0.244,27.59306855817509
103237,103569,20.984577,4.293481,54.0833,5.3,1.635,F5III...,0.464,19.31968317016924
103240,103571,20.984753,4.29461,56.5611,5.24,1.477,G0V,0.457,22.346010577312224
103266,103598,20.990377,59.438594,188.6792,5.54,-0.839,K4III,1.411,188.62532453510673
103300,103632,20.997098,47.520951,434.7826,4.74,-3.451,B1ne,-0.084,2091.221330155289
103320,103652,21.001106,7.516197,75.815,5.98,1.581,A7V,0.283,20.30486002716804
103341,103673,21.005976,-51.265312,28.0112,5.76,3.523,F5IV-V,0.48,3.394689053800784
103344,103675,21.007691,19.329581,160.5136,5.69,-0.338,M3III,1.588,118.90496789850985
103400,103732,21.019702,46.155773,467.2897,5.38,-2.968,B1V,-0.206,1340.2937734183104
103406,103738,21.021517,-32.257767,70.2247,4.67,0.438,G8III,0.89,58.1835211048072
103478,103810,21.035834,56.669614,282.4859,5.83,-1.425,B8III,-0.058,323.5936569296281
103504,103836,21.040873,-38.53097,67.3401,5.93,1.789,K2III,1.106,16.76486266073897
103550,103882,21.049433,-38.631447,35.3732,5.32,2.577,F3V,0.424,8.11334605228263
103624,103956,21.063225,53.2859,114.2857,5.93,0.64,K0III,1.001,48.30588020397728
103649,103981,21.067979,-5.823066,153.8462,5.53,-0.405,G4,0.683,126.4736347471151
103684,104019,21.073417,-19.854991,49.505,4.82,1.347,A5V,0.169,25.18836627841739
103696,104031,21.076292,5.502862,235.8491,5.63,-1.233,K5III,1.65,271.1440008688312
103708,104043,21.078621,-77.023767,43.535,5.13,1.936,F4III,0.49,14.64198642935277
103725,104060,21.082184,43.927852,258.3979,3.72,-3.341,K5Ibv SB,1.609,1889.7310544316758
103750,104085,21.08729,-54.727042,112.1076,5.17,-0.078,K2III,1.201,93.58365435835302
103766,104101,21.090756,5.958199,48.9237,5.94,2.492,F8V,0.538,8.774047879567533
103770,104105,21.09145,78.126392,123.4568,5.91,0.452,B8Vn,-0.065,57.438091349631755
103804,104139,21.099118,-17.232861,49.7265,4.08,0.597,A1V,-0.01,50.25739801095915
103813,104148,21.100317,-30.12512,92.4214,5.69,0.861,K0/K1III,1.047,39.409416073228584
103836,104171,21.10649,71.431797,48.7329,5.88,2.441,F3IV,0.386,9.196021966586175
103839,104174,21.106855,-32.341618,100.6036,5.2,0.187,K2III,1.104,73.31620890272109
103842,104177,21.107087,-41.385965,218.3406,5.55,-1.146,K3III,1.35,250.26493257310798
103850,104185,21.108401,31.184657,518.1347,5.77,-2.802,F7.5Ib-IIv,0.554,1150.270547790115
103859,104194,21.110026,47.648403,316.4557,4.56,-2.942,K4II,1.569,1308.5791612450996
103879,104214,21.114794,38.749415,3.4865,5.2,7.488,K5V,1.069,0.08806432284180643
103899,104234,21.118797,-25.005853,139.8601,4.49,-1.238,K5/M0III,1.604,272.3955447120866
104027,104364,21.142417,-63.92826,156.9859,5.75,-0.229,K0III,1.18,107.5474208972789
104028,104365,21.142673,-21.193669,55.1268,5.3,1.593,A0V,0.0,20.081678041839858
104034,104371,21.144135,30.205637,115.7407,5.6,0.283,B9V,-0.048,67.11197196984207
104046,104382,21.146119,-88.956499,86.1326,5.45,0.774,F0III,0.283,42.69725940480335
104102,104440,21.156052,-73.172968,19.7668,5.67,4.19,G3IV,0.59,1.8365383433483453
104122,104459,21.159902,-11.371693,48.852,4.5,1.056,G8III,0.926,32.93062701752084
104180,104516,21.17099,53.5631,135.8696,5.75,0.084,B9III,-0.111,80.61205638638913
104184,104521,21.172361,10.131579,36.2976,4.7,1.901,F0p,0.262,15.121678487917672
104305,104642,21.196733,59.98661,100000.0,5.64,-14.36,B0V,0.11,48305880.20397738
104342,104680,21.203806,-40.269362,31.6656,5.83,3.327,F5IV,0.45,4.066305463404283
104394,104732,21.215607,30.226916,43.8789,3.21,-0.001,G8II SB,0.99,87.17661466018497
104400,104738,21.21751,-39.424922,32.9598,5.25,2.66,F5V,0.46,7.516228940182053
104412,104750,21.221479,-27.619333,112.4859,5.41,0.155,K3III,1.425,75.50922276654337
104414,104752,21.221933,-36.423527,112.1076,5.97,0.722,K0III,0.967,44.7919531254284
104417,104755,21.222351,-70.126267,273.9726,5.06,-2.129,M2III,1.578,618.8708114190298
104520,104858,21.241337,10.006981,18.4877,4.47,3.136,F5V+...,0.529,4.848417387084461
104549,104887,21.246517,38.045317,20.3417,3.74,2.198,F1IV,0.393,11.502705477901149
104625,104963,21.260528,-20.651696,197.2387,5.17,-1.305,K0II/III,1.161,289.73435877013213
104630,104968,21.261779,77.012296,291.5452,5.92,-1.404,K5III,1.531,317.39494085622255
104637,104974,21.262456,-15.1715,187.6173,5.31,-1.056,M2III,1.639,230.35625001175353
104641,104978,21.262738,-53.263084,131.2336,5.73,0.14,A6IV,0.191,76.55966069112566
104649,104987,21.263731,5.247845,58.3431,3.92,0.09,G0III+...,0.549,80.16780633876789
104742,105080,21.287289,55.798001,369.0037,6.0,-1.835,K3III,1.447,472.06304126359043
104764,105102,21.290265,39.394681,884.9558,4.22,-5.515,B9Iab,0.098,13995.873225726178
104800,105138,21.298632,34.896898,196.8504,4.41,-2.061,B2Vne,-0.103,581.2995677253883
104802,105140,21.298966,-32.172539,55.8659,4.71,0.974,A0V,0.07,35.514033498288214
104805,105143,21.299246,-17.985138,163.6661,5.4,-0.67,B5II/III,-0.118,161.43585568264854
104826,105164,21.303076,-4.519478,311.5265,5.83,-1.637,B5V,-0.13,393.3688806732022
104848,105186,21.307551,43.945945,100000.0,5.04,-14.96,O8,-0.061,83945998.65193999
104861,105199,21.30963,62.585573,15.0376,2.45,1.564,A7IV-V,0.257,20.62528697846573
104886,105224,21.314452,11.203373,289.0173,5.97,-1.335,K5III,1.612,297.8516429429191
104920,105259,21.321025,58.623502,591.716,5.51,-3.351,B3Vv comp,1.114,1907.2165205939068
104929,105269,21.322828,38.237473,662.2517,5.89,-3.215,F2Ib,0.505,1682.6740610704674
104930,105268,21.322838,64.871855,609.7561,5.19,-3.736,B3IVe,-0.045,2718.9423544022143
104943,105282,21.324652,49.510294,167.2241,5.75,-0.366,B6V,-0.119,122.01128470319304
104979,105319,21.331096,-53.449427,30.2847,4.39,1.984,A5V,0.191,14.008769839545833
105041,105382,21.346008,-40.809465,60.4595,4.8,0.893,A2p,0.029,38.26484865951095
105071,105411,21.351217,23.855966,82.9187,5.58,0.987,K1III,1.057,35.09134383585525
105072,105412,21.351199,-4.560125,90.9091,5.87,1.077,G7III:,0.912,32.299812405956246
105073,105413,21.35134,7.354503,200.8032,5.81,-0.704,M2III,1.663,166.57123280688103
105156,105497,21.36678,49.388848,100.9082,5.68,0.66,K0III,1.1,47.424198526024455
105162,105502,21.36811,19.804508,47.7783,4.08,0.684,K1III,1.108,46.38739667560309
105175,105515,21.370776,-16.834542,60.3136,4.28,0.378,G8III,0.888,61.48936385126264
105229,105570,21.381559,6.81114,101.4199,5.16,0.129,A3V,0.064,77.33925780489973
105233,105574,21.382293,-9.31933,224.2152,5.99,-0.763,M0III,1.516,175.87333541355733
105235,105576,21.38347,-22.669048,237.5297,5.63,-1.249,M0III,1.641,275.1693132808793
105311,105652,21.399672,24.274135,51.8135,5.7,2.128,F1IV,0.314,12.268741046383399
105324,105665,21.402665,-20.851869,73.3676,5.38,1.052,K0III,1.176,33.052171686997994
105327,105668,21.403192,-12.878108,47.1032,5.48,2.115,F0V,0.297,12.416523075924106
105355,105696,21.406893,-41.006695,119.7605,5.76,0.368,A0III,-0.036,62.05831792990614
105362,105703,21.409445,26.17456,68.6342,5.67,1.487,A8III,0.323,22.14114112091263
105386,105727,21.413729,80.524826,111.1111,5.97,0.741,G6III:,0.95,44.01492842868153
105420,105761,21.420285,-9.748552,91.8274,5.71,0.895,F0IV,0.208,38.194427084004644
105426,105767,21.421377,-3.556747,119.0476,5.48,0.101,K4III,1.451,79.35969681957694
105428,105769,21.422083,46.714341,33.4672,5.59,2.967,F0V,0.335,5.6650011191953284
105471,105811,21.429729,36.667386,100000.0,5.93,-14.07,B0Ib,0.033,36982817.97802674
105513,105854,21.43968,-37.829429,80.8407,5.64,1.102,K2III,1.185,31.564578912990697
105519,105858,21.440705,-65.366198,9.2618,4.21,4.377,F6V,0.494,1.5459662193866741
105540,105881,21.444452,-22.411332,118.2033,3.77,-1.593,G4Ibp...,1.002,377.7461093882191
105557,105898,21.447668,48.835168,126.1034,5.29,-0.214,A6pe...,0.108,106.07181496353158
105572,105913,21.450454,-42.54793,56.4334,5.5,1.742,Am,0.392,17.506527083833703
105587,105928,21.454117,-21.19621,171.8213,5.78,-0.395,K3III,1.44,125.31411749414156
105601,105942,21.455935,37.116798,400.0,5.3,-2.71,B3V,-0.14,1056.8175092136585
105625,105966,21.461126,27.608593,58.3431,5.39,1.56,A1V,0.049,20.701413487910415
105631,105972,21.46282,66.809096,246.9136,5.42,-1.543,B7V,-0.099,360.7447338641916
105662,106003,21.468955,32.22533,44.7227,5.75,2.497,F0V,0.333,8.733734791423199
105691,106032,21.477662,70.560716,210.084,3.23,-3.382,B2IIIv SB,-0.201,1962.4563241736896
105698,106039,21.478721,-21.80718,52.4659,4.5,0.901,K0III,0.889,37.983939015450716
105703,106044,21.479121,-69.505386,126.2626,5.47,-0.036,M5III,1.553,90.0326431059722
105721,106062,21.483271,22.179436,204.0816,5.84,-0.709,M4III,1.37,167.34009068393124
105752,106093,21.490816,46.540585,66.4452,5.22,1.108,K0III,0.965,31.39062769137658
105798,106140,21.499137,23.638838,120.7729,4.52,-0.89,M1III,1.618,197.696964011186
105885,106227,21.51647,60.459432,462.963,5.53,-2.798,B1II,0.102,1146.040591136603
105936,106278,21.525982,-5.571172,164.7446,2.9,-3.184,G0Ib,0.828,1635.3096517445822
105985,106327,21.534965,-41.17931,142.8571,5.29,-0.485,K0III,1.109,136.14446824659495
105998,106340,21.537381,-33.944623,154.321,5.97,0.028,A2V,0.051,84.87895030072441
106051,106393,21.549052,49.977629,151.0574,5.77,-0.126,A0V,-0.042,97.81377043229864
106087,106429,21.556534,-44.8487,200.4008,5.57,-0.939,K0III,1.044,206.82355559317648
106139,106481,21.56635,45.591837,37.8931,3.98,1.087,G8III,0.885,32.003685945865186
106210,106551,21.579596,38.534054,70.9723,4.87,0.615,K1III,1.085,49.43106869868354
106217,106559,21.580848,-20.084274,27.1003,5.7,3.535,F5V,0.423,3.357376142429545
106250,106592,21.588228,-3.983305,128.2051,5.79,0.25,G9III:,1.11,69.18309709189363
106300,106642,21.600689,45.374591,174.8252,5.96,-0.253,M4IIIe-M6e,1.341,109.95120668793497
106313,106654,21.603046,-26.171516,58.4454,5.73,1.896,A7/A8IV,0.234,15.19147698447522
106369,106711,21.615827,40.413521,65.8328,5.04,0.948,A5V,0.198,36.37474856426324
106381,106723,21.618008,-19.466011,323.6246,4.51,-3.04,B3V:p,-0.18,1432.187899273544
106444,106786,21.629197,-7.854201,54.7645,4.68,0.988,A7V,0.175,35.05903839326127
106445,106787,21.629285,19.318607,98.4252,5.46,0.494,F1IV,0.321,55.25861556300781
106459,106801,21.632007,62.08194,100000.0,4.76,-15.24,B2Ib,0.246,108642562.36170645
106513,106856,21.642205,5.771742,54.7046,5.66,1.97,A9IV-Vn,0.265,14.190575216890918
106543,106886,21.649339,57.489037,606.0606,5.74,-3.173,O6 (f),0.2,1618.8253626421067
106554,106897,21.650329,20.265451,39.7456,5.77,2.774,F2V,0.314,6.767059576741909
106601,106944,21.65924,2.243558,69.4444,5.1,0.892,K0III,1.034,38.30010812264485
106642,106985,21.668181,-16.662308,48.1464,3.69,0.277,A7III:mp...,0.32,67.4838730870757
106656,106999,21.669749,43.273839,123.7624,5.09,-0.373,M1IIIvar,1.601,122.80046179887881
106746,107089,21.691253,-77.390046,21.1999,3.73,2.098,K0III,1.008,12.612465753175385
106752,107095,21.692462,-14.047611,33.2336,5.16,2.552,G2V,0.672,8.302330159249538
106776,107119,21.698652,71.311417,55.9284,4.55,0.812,K0III,1.108,41.228734072288646
106785,107128,21.700192,-23.262858,70.7214,5.24,0.992,K0III,0.991,34.930113756355425
106786,107129,21.700301,35.5102,625.0,5.98,-2.999,C6.3,2.5,1379.1134690236006
106795,107136,21.701573,51.189622,529.1005,4.69,-3.928,B3IV,-0.119,3244.890156605363
106801,107144,21.702809,1.285253,342.4658,5.66,-2.013,K2III,1.446,556.1603195975925
106808,107151,21.704292,5.680137,223.7136,5.3,-1.448,M2III,1.653,330.5217168699801
106819,107162,21.706376,41.077019,126.4223,5.73,0.221,A0V,0.055,71.05587633694735
106845,107188,21.710973,-18.866323,90.1713,4.72,-0.055,G8III,0.868,91.62204901219992
106887,107230,21.717806,72.320084,74.9625,5.18,0.806,K0III,1.063,41.45720317867256
106889,107232,21.717888,-14.399709,133.5113,5.88,0.252,A9/F0V,0.255,69.05577442196835
106892,107235,21.718465,41.15497,196.8504,5.51,-0.961,M2III,1.615,211.0571162884348
106910,107253,21.723791,38.283589,84.1751,5.69,1.064,A0V,-0.01,32.68887692472718
106916,107259,21.725127,58.780046,100000.0,4.23,-15.77,M2Ia,2.242,177010895.83174184
106959,107302,21.733602,-14.74937,52.9942,5.96,2.339,A7IV/V,0.219,10.10182870544833
106967,107310,21.73571,28.742632,22.237,4.49,2.755,F6V,0.512,6.8865229634427605
106972,107315,21.736433,9.875011,211.4165,2.38,-4.246,K2Ibvar,1.52,4349.106072324538
107005,107348,21.74186,17.350017,284.0909,4.34,-2.927,G5Ib,1.161,1290.624782060537
107007,107350,21.742035,14.771939,17.8859,5.96,4.697,G0V,0.587,1.1513304741558168
107011,107354,21.744092,25.645036,34.2231,4.14,1.468,F5IV,0.425,22.532013356294836
107031,107374,21.748134,62.460567,917.4312,5.94,-3.873,O9II,0.312,3084.6081377571413
107037,107380,21.749113,-33.025781,62.6174,4.35,0.367,B9.5V,-0.053,62.11550208324419
107039,107382,21.750071,-9.082428,242.7184,5.1,-1.826,G8II-III,1.108,468.16613972436465
107075,107418,21.75748,61.120806,100000.0,4.25,-15.75,A2Iavar,0.474,173780082.87493762
107129,107472,21.767879,22.94888,427.3504,5.29,-2.864,K0Ib,1.381,1217.867384891259
107144,107487,21.771186,-9.275935,363.6364,6.0,-1.803,M3III,1.629,458.3529174381888
107174,107517,21.775583,-11.365954,86.3558,5.57,0.889,A1V,-0.002,38.40608157258116
107190,107533,21.779891,49.30957,338.9831,4.23,-3.421,B3III,-0.12,2034.2297432117314
107213,107556,21.784011,-16.127286,11.8666,2.85,2.478,A5mF2 (IV),0.18,8.8879171988482
107232,107575,21.787212,2.686124,174.5201,5.63,-0.579,A1V,0.012,148.45676750522713
107243,107586,21.790362,60.692689,140.4494,5.53,-0.208,M1III,1.575,105.48725713234374
107265,107608,21.795598,-30.898304,98.4252,5.02,0.054,A1V,0.042,82.87050779069826
107306,107649,21.804363,-47.303615,15.9949,5.57,4.55,G2V,0.601,1.318256738556407
107420,107763,21.830748,30.174215,84.246,5.07,0.442,A1Vs,0.01,57.96955946535209
107430,107773,21.833369,-64.712537,103.6269,5.62,0.543,K1III,1.018,52.820194976999694
107445,107788,21.835749,17.285851,33.4225,5.34,2.72,F2III-IV,0.394,7.11213513653329
107492,107835,21.846448,-69.629416,166.6667,5.52,-0.589,M0III,1.378,149.830421062266
107500,107843,21.848413,-82.718904,125.4705,5.27,-0.223,G8/K0III+..,0.756,106.95473105661601
107544,107887,21.859513,19.826682,161.5509,5.78,-0.262,B8III,-0.1,110.86641389799561
107587,107930,21.866954,55.796743,460.8295,5.7,-2.618,B6IV-V,-0.081,970.9570065288245
107632,107975,21.874978,28.793538,27.4499,5.52,3.327,F6IVwvar,0.426,4.066305463404283
107679,108022,21.88438,25.92514,193.7984,5.09,-1.347,B3V,-0.155,301.1618803078821
107693,108036,21.888268,-13.551768,26.617,5.08,2.954,F3IV,0.378,5.733238386538408
107717,108060,21.893717,19.668437,72.3066,5.69,1.394,A0Vs,0.011,24.121260560925737
107742,108085,21.898808,-37.364852,64.7249,3.0,-1.055,B8III,-0.084,230.14418174085066
107759,108102,21.902881,-4.27618,89.6861,5.71,0.946,K2III,1.185,36.44181507888611
107822,108165,21.914766,56.611227,100000.0,5.74,-14.26,B8Ibvar,0.655,44055486.35065535
107852,108195,21.919823,-61.886608,46.4684,5.92,2.584,F1III,0.393,8.061205638638908
107883,108226,21.925276,65.320809,314.4654,5.84,-1.648,B2.5Ve,-0.037,397.3745050614629
107949,108294,21.939659,-37.253655,102.9866,5.45,0.386,A3V,0.084,61.03795855585305
107972,108317,21.944207,63.625557,751.8797,5.11,-4.271,M2 comp,1.547,4450.409766495368
107994,108339,21.948992,12.076492,122.8501,5.54,0.093,A2Vnn,0.054,79.94660025203162
108086,108431,21.965293,-54.992575,57.6701,4.4,0.595,F0IV,0.297,50.35006087879047
108160,108505,21.981532,62.697986,284.0909,5.96,-1.307,M3III,1.64,290.2685610499054
108190,108535,21.987518,73.179896,36.7242,5.04,2.215,F5V,0.439,11.324003632355572
108198,108543,21.988307,-38.395096,132.626,5.5,-0.113,K1II/III,0.996,96.64958643142134
108267,108612,22.002202,6.717437,328.9474,6.0,-1.586,B3III,-0.112,375.3185242379142
108316,108661,22.013951,-28.453736,250.6266,5.43,-1.565,B8/B9V+...,-0.095,368.1289736425313
108346,108691,22.01806,0.604715,219.2982,5.6,-1.105,K4III:,1.279,240.99054286865956
108348,108693,22.018152,13.119823,77.2201,5.61,1.171,F4III,0.336,29.62101936052763
108354,108699,22.019232,8.257164,165.8375,5.65,-0.448,K5III,1.44,131.58306550959193
108413,108758,22.030718,52.882253,306.7485,5.79,-1.644,B5III,-0.106,395.913216728166
108427,108772,22.034604,58.000366,934.5794,5.55,-4.303,O9V,0.017,4583.529174381883
108499,108845,22.049074,44.649863,151.0574,5.57,-0.326,A0IV,-0.029,117.59801740658484
108503,108849,22.051044,-76.118427,62.5782,5.94,1.958,F3III,0.399,14.348285182325881
108522,108868,22.054572,-6.522406,93.1099,5.55,0.705,K0III,0.959,45.498806015004845
108526,108870,22.055486,-56.785977,3.6224,4.69,6.895,K5V,1.056,0.15205475297324955
108528,108874,22.055234,-2.155363,133.5113,4.74,-0.888,B7IVe,-0.1,197.33312795365026
108529,108875,22.055287,11.386552,193.0502,5.83,-0.598,B9.5V,-0.05,151.0775731924994
108573,108917,22.063135,64.627971,29.5946,4.26,1.904,Am,0.379,15.079953418017894
108578,108924,22.064709,63.11992,130.039,5.26,-0.31,M5III,1.557,115.87773561551262
108629,108975,22.076879,-26.822359,377.3585,5.97,-1.914,B3V (+B),-0.167,507.69162588824895
108645,108991,22.079839,-0.906343,68.1199,5.29,1.124,A5m,0.231,30.931430109489618
108659,109005,22.083469,62.785671,92.9368,5.27,0.429,K4III,1.413,58.66782664019767
108671,109017,22.085775,62.279814,632.9114,5.07,-3.937,O9.5Ib,0.24,3271.899836231789
108677,109023,22.086481,26.673689,119.3317,5.75,0.366,K2III,1.249,62.172738929396054
108710,109056,22.092964,28.963981,106.383,5.69,0.556,B9Vn,-0.048,52.19152658354482
108722,109068,22.094653,5.05853,83.2639,4.86,0.258,K4III,1.443,68.67521061488183
108728,109074,22.096399,-0.319851,160.5136,2.95,-3.078,G2Ib,0.969,1483.2009671818741
108735,109081,22.097496,-59.636072,150.6024,5.62,-0.269,K4III,1.468,111.5835052288668
108756,109102,22.100543,45.014348,186.5672,5.09,-1.264,K5III,1.568,278.9972997408267
108765,109111,22.101914,-39.543353,74.239,4.47,0.117,M0III,1.349,78.19878403894965
108793,109139,22.107286,-13.869679,53.7057,4.29,0.64,B8V,-0.075,48.30588020397728
108830,109176,22.116847,25.345112,11.7261,3.77,3.424,F5V,0.435,3.7187758332493557
108863,109209,22.124608,19.475526,61.9579,5.74,1.78,F2V:,0.331,16.90440931643263
108894,109240,22.130641,21.702926,186.5672,5.79,-0.564,B7Vn,-0.077,146.4198642935277
108922,109268,22.137209,-46.960975,30.9693,1.73,-0.725,B7IV,-0.07,169.82436524617444
108939,109285,22.139722,-32.988468,41.6493,4.5,1.402,A2V,0.054,23.9441817286338
108943,109289,22.140537,-34.043841,130.039,4.99,-0.58,K4III,1.499,148.59356422870076
108986,109332,22.14972,-18.519592,714.2857,5.8,-3.469,B2III,-0.154,2126.179859862522
109006,109352,22.153789,33.172337,88.4956,5.58,0.845,G6III:,0.985,39.99447497610976
109054,109400,22.163441,72.341207,120.919,4.79,-0.622,G8III,0.919,154.45429874014232
109058,109404,22.165473,-34.014967,63.3714,5.37,1.361,A5IV,0.241,24.86566051307934
109064,109410,22.166457,33.178224,80.6452,4.28,-0.253,F5III,0.471,109.95120668793497
109076,109422,22.169093,-32.548407,18.2782,4.94,3.63,F6V,0.489,3.0760968147407075
109081,109427,22.169996,6.197865,28.2965,3.52,1.261,A2V,0.086,27.264654585290064
109120,109466,22.176041,-4.266855,101.9368,5.98,0.938,K0III-IV,0.981,36.71131996879641
109125,109471,22.177065,11.624539,208.7683,5.78,-0.818,M1III,1.617,185.01204347718584
109126,109472,22.177078,-11.564939,137.931,5.43,-0.268,B5III,-0.117,111.48078033638414
109128,109474,22.177462,70.132573,33.5909,5.52,2.889,F2V,0.391,6.0869537233490085
109146,109492,22.180908,58.201261,256.4103,3.39,-3.655,K1Ibv SB,1.558,2523.480772480573
109176,109521,22.186069,50.823393,56.1482,5.38,1.633,A5V,0.152,19.355304139797436
109210,109556,22.191828,59.414488,606.0606,5.05,-3.863,O6e,0.192,3056.3282803659663
109226,109572,22.196848,56.839357,37.3552,5.24,2.378,F8V,0.534,9.745407417663063
109231,109577,22.197592,16.040551,54.9451,5.93,2.23,K1III,0.951,11.168632477805607
109246,109592,22.20056,60.759095,112.1076,5.37,0.122,K1III,1.184,77.8394932626726
109256,109602,22.202248,24.950641,100000.0,5.97,-14.03,K0,1.5,35645113.34262439
109274,109620,22.206235,63.291035,290.6977,5.76,-1.557,M3III,1.645,365.4264677506526
109308,109654,22.213284,34.604592,79.1139,5.34,0.849,K2III,1.134,39.847400971777496
109347,109693,22.219501,86.107955,78.6782,5.27,0.791,B9.5Vn,-0.03,42.03393032365494
109384,109730,22.227415,28.608017,74.8503,5.87,1.499,K2III,1.169,21.897775550985763
109391,109737,22.229008,-25.180905,77.3994,5.58,1.136,F7II,0.497,30.591445594864084
109399,109745,22.230339,45.440613,77.1605,5.53,1.093,A0III,0.021,31.82731482170781
109408,109754,22.231312,39.714927,147.929,4.5,-1.35,K3III,1.385,301.9951720402016
109440,109786,22.238342,-21.074566,71.582,5.33,1.056,K1III,0.812,32.93062701752084
109443,109789,22.238542,-27.766908,153.6098,5.45,-0.482,B7V,-0.121,135.76880641390918
109485,109831,22.245656,42.95391,82.3723,5.72,1.141,A2Vnn,0.014,30.45089066974223
109511,109857,22.250544,57.043587,26.1986,4.18,2.089,F0IV,0.278,12.717448862880675
109562,109908,22.260253,-41.3467,84.246,4.79,0.162,G8III+...,0.79,75.02396279074637
109591,109937,22.26616,37.748737,190.4762,4.14,-2.259,K3III,1.447,697.5896043328052
109626,109972,22.274039,57.220238,189.0359,5.88,-0.503,G8III,0.95,138.42036815687413
109627,109973,22.274045,-41.627225,81.367,5.11,0.558,G8III,0.93,52.095474732855536
109654,110000,22.280012,-12.831436,179.8561,5.34,-0.935,K1III,1.132,206.06299132700005
109657,110003,22.280565,-7.78329,57.4713,4.17,0.373,G8III-IV,0.979,61.773185859152
109663,110009,22.281268,-9.040067,113.2503,5.8,0.53,K3III:,1.158,53.45643593969714
109677,110023,22.285139,-5.387164,94.7867,5.75,0.866,G6III,0.878,39.228346253952054
109733,110078,22.297409,-77.511553,38.4911,5.49,2.563,F3III,0.312,8.218640803889054
109757,110103,22.303505,62.804388,282.4859,5.75,-1.505,K3III,1.256,348.33731503601166
109763,110109,22.304289,-53.627073,13.7855,5.36,4.663,G1V,0.614,1.187955027941651
109784,110130,22.308371,-60.259587,61.237,2.87,-1.065,K3III,1.39,232.2736796357105
109833,110179,22.316872,-13.304995,113.3787,5.96,0.687,K0III,1.075,46.25940047661601
109912,110256,22.333754,-80.439747,89.1266,5.09,0.34,M6III,1.276,63.67955209079159
109927,110273,22.336643,-7.821102,270.2703,5.35,-1.809,B8IIIMNp...,-0.048,460.8928809808955
109952,110298,22.340994,5.789498,390.625,5.37,-2.589,B5IV,-0.037,945.3660459579653
110005,110351,22.350428,46.536569,170.068,4.55,-1.603,B6V,-0.1,381.24135110429904
110025,110371,22.355372,28.330529,213.2196,4.78,-1.864,B9III,-0.01,484.84173870844626
110040,110386,22.358632,12.205186,497.5124,4.82,-3.664,B2IV-V,-0.132,2544.485615146634
110045,110391,22.35988,-21.59823,52.4384,5.12,1.522,K0III,1.057,21.43877665973507
110049,110395,22.360938,-1.387331,50.2008,3.86,0.356,A0V,-0.057,62.7480161997852
110160,110506,22.385535,-45.928488,40.0,5.62,2.61,F3III-IV,0.372,7.870457896950985
110183,110529,22.391901,-24.762661,80.3213,5.53,1.006,K0IIICN...,0.979,34.48259965526232
110186,110532,22.392264,-7.194421,143.0615,5.92,0.142,G6V,0.998,76.41876239634672
110192,110538,22.392675,52.229046,52.1105,4.42,0.835,G9III,1.015,40.36453929676048
110232,110578,22.401912,-4.83702,124.3781,5.79,0.316,A0V,-0.033,65.10284984348614
110256,110602,22.407517,-13.529369,140.4494,5.76,0.022,K0III,0.97,85.34930716135483
110263,110609,22.408609,49.476392,689.6552,4.55,-4.643,B9Iab,0.092,6269.024974761646
110271,110618,22.409764,-72.255412,28.7026,5.28,2.99,A3V: + F9V,0.66,5.5462571295791046
110303,110649,22.415638,-57.797415,20.5634,5.31,3.745,F9V,0.665,2.7669416454115106
110322,110668,22.419573,-70.431622,49.456,5.78,2.309,F3III,0.396,10.384844550082734
110326,110672,22.421284,1.377401,239.8082,4.8,-2.099,B1Ve,-0.171,602.0048636844596
110379,110725,22.433554,70.770898,153.6098,5.47,-0.462,K2III,1.216,133.2907464231338
110432,110778,22.442853,-16.742138,20.202,5.55,4.023,G3V,0.618,2.141903990722123
110439,110785,22.443718,4.393766,38.1534,5.76,2.852,F7V,0.519,6.297961479295171
110441,110787,22.445122,78.785853,63.1712,5.83,1.827,A2m,0.171,16.18825362642107
110471,110817,22.451475,65.13227,100000.0,5.52,-14.48,B0.5Ib,0.302,53951062.25151268
110492,110838,22.455531,-64.966354,76.9231,4.51,0.08,B8V,-0.029,80.90958991783822
110527,110873,22.462847,31.840045,265.9574,6.0,-1.124,K2,1.442,245.24490860720206
110536,110882,22.464312,4.695664,45.4752,4.78,1.491,K0III,1.039,22.059720217473263
110589,110935,22.477091,-67.489059,43.122,5.56,2.387,A3V,0.208,9.664958643142134
110591,110936,22.477557,-39.131792,87.4126,5.47,0.762,G8III,0.959,43.171784447092264
110614,110960,22.480531,-0.019972,28.169,3.65,1.401,F3III-IV,0.406,23.96624529408638
110639,110986,22.485551,9.129034,182.8154,5.6,-0.71,K5III,1.578,167.49428760264365
110644,110992,22.486174,26.763198,384.6154,5.79,-2.135,K2II,1.252,622.3002851691596
110645,110991,22.486183,58.415198,265.252,4.07,-3.048,G2Ibvar,0.778,1442.779623129479
110650,110997,22.487825,-43.495565,94.8767,3.97,-0.916,G6/G8III,1.022,202.48833065305598
110675,111022,22.492173,47.706887,505.0505,4.34,-4.177,M0II,1.679,4081.3139159697193
110696,111043,22.495955,-43.749224,101.2146,4.12,-0.906,M4.5IIIa,1.57,200.63190647905728
110698,111045,22.496114,-27.107284,39.8724,5.95,2.947,F0V,0.362,5.770321353329296
110709,111056,22.498047,78.824285,75.1315,5.45,1.071,A3V,0.093,32.478801876353714
110715,111062,22.499427,4.43169,51.8672,5.51,1.936,F5IVs,0.385,14.64198642935277
110721,111068,22.500503,32.572638,110.4972,5.64,0.423,B9.5V,-0.031,58.992934510414365
110757,111104,22.508128,43.123376,526.3158,4.52,-4.086,B2IV,-0.086,3753.185242379142
110776,111123,22.510782,-10.67795,88.8099,4.82,0.078,A0IVs,-0.053,81.0587682464737
110822,111169,22.521515,50.282491,31.4564,3.76,1.271,A1V,0.031,27.014690729572468
110841,111188,22.52509,-32.346073,43.7828,4.29,1.083,A1V,0.011,32.12180933987984
110849,111196,22.527168,-85.967253,99.4036,5.76,0.773,K0III,1.02,42.73660314969305
110895,111242,22.537851,76.226441,240.9639,5.7,-1.21,A2V,0.02,265.4605561975539
110911,111259,22.54066,39.779733,209.6436,5.88,-0.727,A6V,0.166,170.13748158991976
110961,111310,22.55001,-61.982122,88.968,4.91,0.164,M4III,1.612,74.88589075216439
111013,111362,22.561281,56.624737,105.5966,5.72,0.602,G8III-IV,0.966,50.02648624210057
111045,111394,22.567476,-1.57427,106.6098,5.88,0.741,G6III,0.977,44.01492842868153
111099,111449,22.57823,-20.708216,22.6809,5.21,3.432,F7V,0.446,3.691475581654129
111147,111497,22.589272,-0.117498,51.4668,4.04,0.482,B9IV-Vn,-0.083,55.872743899402
111165,111515,22.593437,-23.991094,92.9368,5.97,1.129,K1III,0.984,30.789313097416102
111182,111532,22.596077,73.643188,54.8847,5.08,1.383,F3III-IV,0.395,24.366884234595844
111196,111546,22.597857,39.634331,662.2517,5.73,-3.375,B1Ve,-0.16,1949.8445997580454
111250,111600,22.609846,-31.663789,109.6491,5.82,0.62,K2III,1.074,49.20395356814509
111292,111643,22.616346,-40.591034,65.8328,5.85,1.758,A1V,0.06,17.250432972458434
111310,111660,22.620247,75.371811,214.1328,5.8,-0.853,M1III,1.594,191.07329810428715
111323,111674,22.622899,51.545123,52.6316,4.64,1.034,A8IV,0.254,33.60469824606994
111359,111710,22.629273,-4.228056,65.5738,5.04,0.956,K2III,1.14,36.10771451003529
111443,111795,22.64386,56.795632,138.3126,5.11,-0.594,M4III,1.537,150.52200686321297
111445,111797,22.644182,63.584472,88.0282,5.19,0.467,A3IV,0.083,56.65001119195331
111457,111809,22.647629,-33.081347,129.8701,5.66,0.092,A0V,0.037,80.02026771193327
111458,111810,22.647942,19.522263,114.4165,5.84,0.548,G8II,0.922,52.57750822566941
111489,111841,22.654355,39.050269,529.1005,4.89,-3.728,O9V,-0.207,2698.9820734720156
111572,111925,22.671779,53.845927,112.3596,5.94,0.687,B8V,0.946,46.25940047661601
111580,111934,22.672866,-30.658871,212.766,5.88,-0.76,K2/K3III,1.297,175.38805018417602
111591,111944,22.675233,44.276305,102.0408,4.5,-0.544,K3III,1.318,143.7474005874361
111601,111954,22.677594,-27.043617,149.2537,4.18,-1.69,B8V,-0.105,413.04750199016104
111614,111967,22.680247,-57.422322,261.0966,5.98,-1.104,K4III,1.45,240.7686845612447
111621,111974,22.681299,14.549161,33.7952,5.72,3.076,G3V+...,0.723,5.123892386646795
111676,112029,22.691033,10.831364,62.6566,3.41,-0.575,B8.5V,-0.086,147.91083881682073
111678,112031,22.691292,40.225449,411.5226,5.25,-2.822,B2IIIv SB,-0.137,1171.6556739113025
111688,112041,22.69334,41.549123,91.7431,5.93,1.117,G9III,0.998,31.13149665447022
111698,112051,22.695947,29.307641,91.5751,4.8,-0.009,A1IV,-0.013,87.82132798980062
111713,112067,22.699293,14.516393,84.9618,5.92,1.274,K0III:,1.114,26.94014941063668
111763,112117,22.710245,-47.210813,23.6351,5.99,4.122,G0,0.584,1.9552396696208865
111768,112122,22.711115,-46.884577,54.2594,2.07,-1.602,M5III,1.61,380.89037649813514
111804,112158,22.716704,30.221245,65.703,2.93,-1.158,G2II-III..,0.852,253.04630494613966
111849,112203,22.724993,-41.414347,70.6215,4.84,0.595,K0III,1.027,50.35006087879047
111857,112211,22.726454,-18.830375,132.8021,4.68,-0.936,K3III,1.358,206.2528697846573
111887,112241,22.734782,39.465348,212.3142,5.93,-0.705,K5III+...,1.49,166.72472125510626
111888,112242,22.734856,41.819235,78.6782,5.11,0.631,K0III,0.96,48.70796664925366
112018,112374,22.760519,-53.500121,127.2265,4.84,-0.683,K2IIICNIV,1.18,163.38041693006815
112025,112381,22.761331,-46.547328,241.5459,5.52,-1.395,K3III,1.302,314.7748314101314
112050,112405,22.767692,-81.381615,45.7666,4.13,0.827,A9IV/V,0.208,40.66305463404283
112061,112417,22.769497,44.546054,56.9152,5.84,2.064,F0III-IV,0.358,13.01367630107464
112084,112440,22.775521,23.565654,111.9821,3.97,-1.276,G8II-III,1.07,282.09799536634296
112090,112447,22.778216,12.172888,16.2973,4.2,3.139,F7V,0.502,4.83503920591621
112160,112519,22.791378,83.15383,96.0615,4.77,-0.143,K3III,1.257,99.35735005868442
112170,112529,22.792535,-19.613375,77.8816,5.24,0.783,G8III,0.941,42.34479161692072
112183,112542,22.795213,-14.056428,97.371,5.68,0.738,B9V,-0.016,44.136714346343965
112231,112590,22.803067,37.416688,103.3058,5.82,0.749,G8III:,1.024,43.691806338528814
112263,112623,22.809239,-51.316864,39.5257,3.49,0.506,A3V,0.083,54.651237451987186
112357,112716,22.826528,-13.592632,97.371,4.05,-0.892,K5III,1.57,198.06147089717396
112364,112724,22.82802,66.200408,35.3482,3.5,0.758,K0III,1.053,43.33112852118382
112372,112731,22.829521,55.902777,121.8027,5.43,0.002,K1III,1.167,86.93606925094164
112389,112748,22.833385,24.601579,32.5309,3.51,0.949,M2III,0.933,36.3412616064223
112419,112778,22.839381,41.953394,348.4321,5.91,-1.801,B3IV:var,0.062,457.50937732984767
112421,112781,22.839655,-80.123845,151.0574,5.32,-0.576,B6IV,-0.126,148.04713248976265
112474,112832,22.850599,-39.156834,236.9668,5.43,-1.443,K3III,1.444,329.00310752470557
112475,112833,22.850818,85.373739,133.3333,5.89,0.265,K5,1.34,68.23386941416697
112502,112862,22.855817,-29.536309,98.912,5.99,1.014,G8/K0III,0.907,34.22945623160411
112504,112864,22.856268,61.69674,72.7273,5.61,1.302,G2IV+...,0.775,26.254273189937003
112557,112917,22.867225,43.312417,99.7009,4.95,-0.043,M0III,1.559,90.61498022319977
112575,112935,22.873353,9.835664,27.2777,5.16,2.981,F7IV,0.487,5.592422830409
112588,112948,22.875427,-32.875504,66.0502,4.46,0.361,A0III,-0.037,62.45971525332756
112601,112961,22.87691,-7.579599,118.0638,3.73,-1.631,M2IIIvar,1.626,391.20103938735105
112637,112997,22.883963,16.841194,89.5255,5.86,1.1,K1III SB,1.132,31.622776601683793
112670,113031,22.891307,-11.616514,253.1646,5.8,-1.217,B8IV/V,-0.082,267.17757271179465
112688,113048,22.894488,44.749163,56.9152,5.79,2.014,A3m,0.282,13.626991969948696
112724,113084,22.901935,40.376907,93.1966,5.82,0.973,K0III,1.136,35.546758199906975
112756,113116,22.906789,84.346177,109.0513,4.7,-0.488,K4III,1.418,136.52116950664455
112776,113136,22.910837,-15.82082,49.2368,3.27,-0.191,A3V,0.066,103.8484455008274
112788,113148,22.912632,-16.271957,41.1862,5.53,2.456,K1III,1.111,9.069847815057923
112814,113174,22.917399,37.076827,39.0168,5.91,2.954,F5II,0.397,5.733238386538408
112824,113184,22.919711,-4.987899,83.4028,5.72,1.114,K0III-IV,0.881,31.21763510848165
112826,113186,22.920464,8.816166,95.6938,4.91,0.006,A1V,-0.003,86.61637419723033
112862,113222,22.929029,36.35139,191.2046,5.73,-0.677,B7III,-0.051,162.4800335227319
112886,113246,22.932472,-32.539628,47.259,4.2,0.828,G8III,0.952,40.625619818684335
112921,113281,22.939897,41.603876,390.625,5.6,-2.359,B2IV,-0.149,764.8917910070717
112928,113288,22.940555,49.733544,490.1961,4.99,-3.462,K5Ibvar,1.778,2112.5159662408514
112947,113307,22.946613,-47.969221,74.6269,5.72,1.356,Am...,0.226,24.980435187141488
112967,113327,22.95125,48.684068,251.8892,5.34,-1.666,B4IIIpe,-0.102,404.01733537300066
112997,113357,22.95777,20.768832,15.6079,5.45,4.483,G5V,0.666,1.4021678337057588
113008,113368,22.960838,-29.622236,7.7036,1.17,1.737,A3V,0.145,17.587333541355722
113143,113503,22.986615,11.728844,94.3396,5.76,0.887,A7V,0.293,38.47689338937884
113161,113521,22.99096,0.962927,91.659,5.43,0.619,K1III:,0.982,49.24929296050272
113172,113532,22.993266,-29.462311,95.7854,5.51,0.604,F0V,0.271,49.93441887213498
113201,113561,23.001417,56.945374,100000.0,5.1,-14.9,G0Ia,1.011,79432823.47242822
113202,113562,23.001607,-25.16418,210.5263,5.66,-0.957,K0IICNIII,1.253,210.280983703774
113262,113622,23.011917,3.011805,136.612,5.85,0.173,K4III,1.343,74.26770437146976
113278,113638,23.014677,-52.754137,33.3778,4.11,1.493,G8III,0.96,22.019122114844777
113297,113657,23.018763,-50.950028,149.7006,5.68,-0.196,K3III,1.411,104.32778814599651
113309,113669,23.02205,-28.85396,163.9344,5.55,-0.523,K3III,1.349,140.99379493587233
113326,113686,23.025475,-4.711461,452.4887,5.94,-2.338,K0,0.992,750.2396279074636
113366,113726,23.032017,42.325979,210.5263,3.62,-2.997,B6pv SB,-0.099,1376.5753865094157
113428,113788,23.043436,42.757795,129.199,5.09,-0.466,A3Vn,0.094,133.7827133604697
113441,113801,23.045626,-20.870712,73.4754,5.97,1.639,K0III,0.946,19.24863777782531
113500,113860,23.05828,-34.749412,29.4204,5.12,2.777,A9V,0.305,6.748387308707568
113504,113864,23.059128,67.20921,126.7427,5.25,-0.265,K3III,1.248,111.17317272815909
113521,113881,23.062901,28.082789,60.0962,2.44,-1.454,M2II-IIIvar,1.655,332.35330357747745
113529,113889,23.064615,3.820045,125.1564,4.48,-1.007,B6Ve,-0.115,220.19122114844777
113541,113902,23.066566,-41.478896,95.3289,5.79,0.894,K0III,1.069,38.22962165659194
113559,113919,23.069702,50.052091,54.1712,4.64,0.971,K0III,1.058,35.6122980942762
113597,113957,23.077668,-53.964905,111.6071,5.37,0.132,K5III,1.453,77.12585649892138
113603,113963,23.079348,15.205264,40.8831,2.49,-0.568,B9.5III,-0.002,146.96028989796503
113609,113969,23.08116,-68.820226,53.4474,5.53,1.89,F4III,0.395,15.275660582380723
113636,113996,23.086052,-7.693801,64.2261,5.44,1.401,F2V,0.312,23.96624529408638
113743,114104,23.110226,59.41976,346.0208,4.84,-2.856,B0.5IV,-0.06,1208.9267852132994
113757,114119,23.111345,-23.743115,66.313,4.48,0.372,G8III,0.892,61.83010727517132
113770,114131,23.11465,-43.520358,40.4367,4.28,1.246,F5me...,0.423,27.64394371220336
113771,114132,23.114894,-38.892293,87.3362,5.62,0.914,A0V,0.006,37.53185242379138
113783,114144,23.116739,9.409492,100.8065,4.54,-0.477,M2III,1.559,135.14500541175602
113794,114155,23.118539,25.468259,181.4882,4.76,-1.534,K0IIp,1.285,357.7667699361107
113806,114167,23.120774,-50.686681,45.7038,5.81,2.51,F6.5IV-V+..,0.486,8.629785477669701
113828,114189,23.124642,21.134251,39.4011,5.97,2.992,A5V,0.259,5.536049950434
113839,114200,23.127575,46.387231,106.9519,5.3,0.154,K5III,1.409,75.5788013680452
113849,114210,23.12926,49.295776,34.3407,5.68,3.001,F5V,0.449,5.490349610252035
113861,114222,23.131623,75.387496,75.643,4.41,0.016,G2III,0.802,85.8222705054015
113893,114254,23.139186,-28.823697,82.4402,5.6,1.019,G8III,0.882,34.07218616593573
113912,114273,23.1447,2.127883,81.4996,5.42,0.864,G8IV,0.908,39.30067413418532
113980,114341,23.157443,-21.17241,82.9876,3.68,-0.915,K1III,1.202,202.30191786782717
113986,114347,23.158738,8.677161,239.8082,5.05,-1.849,M4Sv,1.484,478.18946066590837
114003,114365,23.162261,59.332692,534.7594,5.68,-2.961,A5III,0.315,1331.6803762699813
114004,114366,23.162397,-28.088572,199.2032,5.88,-0.616,K2III,1.311,153.6031068385027
114013,114375,23.165249,-22.457611,154.5595,4.71,-1.235,A3IV:,0.674,271.6439268839081
114019,114382,23.165955,-42.861292,33.4113,5.83,3.211,F4IV,0.475,4.524806378555484
114027,114389,23.167072,9.822082,248.139,5.39,-1.583,B9III,-0.068,374.2829122408053
114045,114407,23.16937,-40.591547,281.6901,5.9,-1.349,M4III,1.565,301.7171522601772
114059,114421,23.17264,-45.246711,56.1798,3.88,0.132,K0III SB,0.998,77.12585649892138
114068,114430,23.174235,43.544232,27.6472,5.91,3.702,F5IV,0.45,2.87872381083525
114087,114449,23.17851,17.594372,155.521,5.68,-0.279,K4III,1.33,112.61597469078663
114158,114520,23.195608,8.720116,74.2942,5.15,0.795,A5Vn,0.139,41.879356511791826
114208,114570,23.20916,49.406207,24.5881,4.53,2.576,F0V,0.302,8.120822162499833
114260,114622,23.221098,57.168355,6.5462,5.57,6.49,K3Vvar,1.0,0.22080047330188987
114279,114641,23.224029,11.065001,105.9322,5.85,0.725,G5III:,1.004,44.668359215096324
114362,114724,23.238711,-6.049003,61.9579,4.22,0.26,M2III,1.545,68.54882264526617
114383,114745,23.243622,74.231268,138.8889,5.89,0.177,A0V,-0.01,73.99459543127244
114413,114775,23.249611,-41.105397,76.5697,5.77,1.35,K2III,1.16,25.118864315095795
114460,114822,23.259516,-3.49638,71.2251,5.56,1.297,A3V,0.062,26.375457408893443
114469,114831,23.260477,70.88808,116.2791,5.55,0.222,F0IV,0.263,70.99046158552868
114493,114855,23.264859,-9.087737,45.9348,4.24,0.929,K0III,1.107,37.01689610332346
114559,114921,23.277719,-44.489166,89.2061,5.92,1.168,K1III,1.053,29.70297844017863
114562,114924,23.278405,53.213476,20.5044,5.58,4.021,F7V,0.556,2.1458531598843704
114577,114939,23.280817,-7.726504,187.9699,4.93,-1.44,M3III,1.613,328.09529311311906
114586,114948,23.282659,-62.001198,20.5381,5.64,4.077,F7V,0.521,2.037980386287056
114609,114971,23.286094,3.282289,42.3012,3.7,0.568,G7III,0.916,51.61786054966728
114634,114996,23.290498,-58.235734,23.0574,3.99,2.176,F1III,0.41,11.738159324832205
114660,115022,23.295732,49.0153,172.7116,4.82,-1.367,M2III,1.668,306.7608976917938
114670,115033,23.298393,-9.182513,123.1527,4.41,-1.042,B5Vn,-0.144,227.40499508958953
114692,115054,23.302739,-40.824361,35.4108,5.54,2.794,F5V,0.445,6.643546819760055
114703,115065,23.306479,41.773676,129.5337,5.98,0.418,A7m,0.215,59.26523352402154
114727,115088,23.3104,68.111445,62.2665,4.75,0.779,K0III,0.836,42.50108331760471
114740,115102,23.313733,-32.532027,55.8659,4.41,0.674,K1III,1.109,46.81661397243642
114753,115115,23.316021,-9.61075,80.1925,4.99,0.469,A0V,-0.022,56.545754068762086
114764,115126,23.318518,-13.458552,21.1193,5.2,3.577,G6/G8IV,0.787,3.2299812405956247
114779,115142,23.323327,-5.124352,34.1647,5.56,2.892,F3IV,0.386,6.0701580634104415
114781,115144,23.323363,-18.075376,427.3504,5.96,-2.194,K2/K3III,1.534,657.052390963554
114789,115152,23.324945,48.625322,87.7193,5.44,0.725,K0III,1.014,44.668359215096324
114828,115191,23.331225,42.078044,147.4926,5.81,-0.034,M0III,1.512,89.86694950475258
114864,115227,23.339051,5.381307,132.626,5.05,-0.563,K2III,1.204,146.28506869998535
114887,115250,23.343956,23.740337,49.5786,4.58,1.104,A5V,0.18,31.506488329723936
114907,115271,23.347097,30.414921,128.7001,5.58,0.032,M0III,1.501,84.56682000993546
114916,115280,23.348123,38.182326,41.9639,5.77,2.656,F5V,0.468,7.543970821979897
114948,115312,23.354305,-26.986769,101.3171,5.65,0.622,G5IV,0.817,49.1133999646998
114991,115355,23.365259,31.812465,254.4529,5.35,-1.678,B6III,-0.101,408.5074676631251
115031,115395,23.375702,60.133485,526.3158,5.56,-3.046,K3II,1.679,1440.1243711755715
115040,115404,23.377547,-15.039338,65.3595,5.19,1.113,A3V,0.203,31.2464008580611
115073,115438,23.382842,-20.10058,50.1002,3.96,0.461,K0III,1.082,56.963937334118356
115079,115444,23.384602,12.31391,119.0476,5.09,-0.289,K3III,1.315,113.65799747501514
115171,115537,23.403681,-51.891174,180.5054,5.75,-0.532,M0III,1.611,142.16739313080038
115225,115590,23.413959,62.282806,240.9639,4.96,-1.95,M1III,1.676,524.8074602497728
115226,115591,23.41412,32.384882,145.1379,5.56,-0.249,B9III,-0.075,109.54687673339954
115255,115620,23.422062,-56.848985,89.0472,5.6,0.852,K0III,1.063,39.73745050614631
115258,115623,23.422993,23.404101,52.2466,4.42,0.83,F8IV,0.617,40.55085354483837
115304,115669,23.434108,-20.642014,86.881,4.38,-0.315,K4III,1.46,116.41260294104909
115348,115713,23.44349,-52.721603,30.7692,5.53,3.089,F4V,0.409,5.062907583460217
115376,115738,23.448876,1.255608,47.0588,4.95,1.587,A0p,0.036,20.19296069798118
115381,115746,23.44999,87.307504,102.145,5.56,0.514,A7IV,0.25,54.250032163115016
115390,115755,23.45205,42.91201,91.9963,5.75,0.931,B9III,-0.007,36.948771225393216
115404,115769,23.454157,-58.47611,96.3391,5.63,0.711,G8III,0.983,45.24806378555482
115405,115770,23.45458,70.359782,65.3595,5.6,1.523,A6IV,0.163,21.419039907221233
115441,115806,23.461218,25.167281,110.6195,5.99,0.771,A0MNp...,-0.066,42.81539943374175
115465,115830,23.466138,6.378992,45.5373,4.27,0.978,K1III,1.062,35.383435681472214
115471,115836,23.46766,-87.482214,149.0313,5.5,-0.366,K2III,1.278,122.01128470319304
115543,115908,23.483598,-63.110656,118.4834,5.66,0.292,Ap Si,-0.142,66.55795963672291
115554,115919,23.485915,12.760554,53.6193,4.54,0.893,G8III,0.939,38.26484865951095
115626,115990,23.500536,58.54892,190.4762,4.89,-1.509,B3IV,-0.122,349.62300400270186
115711,116076,23.52149,39.236198,79.1766,5.22,0.727,K0III,1.029,44.58615279480704
115865,116231,23.549512,-37.818268,53.3618,4.38,0.744,B9.5IVMNpe.,-0.095,43.89347855347172
115881,116247,23.554618,-20.914504,90.009,4.7,-0.071,A0V,0.02,92.98223905853808
115884,116250,23.555432,-77.385327,31.4367,5.82,3.333,G2V,0.681,4.043896205078195
115899,116264,23.557804,22.498775,159.4896,5.33,-0.684,M5IIIa,1.481,163.53096517445837
115944,116310,23.565884,31.325277,168.3502,4.97,-1.161,K4III,1.383,253.74646458649644
115957,116323,23.569171,-1.247567,64.9351,5.91,1.848,A2m,0.299,15.878153642056157
115988,116354,23.577095,40.236441,80.3213,5.55,1.026,A1III,0.096,33.853221281535426
115989,116355,23.577279,33.497328,88.968,5.63,0.884,K0III:,1.042,38.583355990535146
116002,116368,23.580378,-15.246005,113.8952,5.95,0.667,K4III,1.35,47.1194269420276
116014,116380,23.583065,71.642043,645.1613,5.86,-3.188,K0Ib,1.681,1641.345466702142
116023,116389,23.584599,-42.615075,76.2777,4.69,0.278,A2V,0.078,67.4217467576244
116129,116495,23.606468,2.102222,30.9789,5.68,3.225,F6Vbwvar,0.449,4.46683592150963
116216,116582,23.625567,44.428994,247.5248,5.81,-1.158,B8V,-0.064,253.04630494613966
116218,116584,23.626056,46.458152,26.4061,3.81,1.701,G8III-IV,0.984,18.18025623774263
116225,116591,23.627655,-13.060243,81.9001,5.66,1.094,K0III,1.025,31.798014276915243
116236,116602,23.630827,-45.492351,61.3874,4.74,0.8,A2V,0.082,41.68693834703355
116245,116611,23.632445,18.400667,71.3776,5.49,1.222,A1Vn,0.01,28.261811798101583
116265,116631,23.63561,43.268073,153.1394,4.29,-1.635,B8V,-0.083,392.6449353995997
116287,116653,23.639926,-76.869552,161.8123,5.99,-0.055,K0II/III,0.907,91.62204901219992
116343,116709,23.652316,50.471733,129.199,5.35,-0.206,B9V,-0.061,105.29312128434388
116348,116714,23.652823,75.292882,79.1139,5.95,1.459,A3V,0.124,22.71956437735267
116361,116727,23.65582,77.632276,14.1024,3.21,2.464,K1IV,1.031,9.003264310597224
116362,116728,23.655878,74.002628,100.4016,5.98,0.971,G8III,0.889,35.6122980942762
116392,116758,23.663074,-14.222178,43.592,4.97,1.773,A7IV,0.257,17.013748158991977
116402,116768,23.665289,9.677294,54.407,5.99,2.312,A2m,0.212,10.356189770449859
116405,116771,23.665844,5.626292,13.7137,4.13,3.444,F7V,0.507,3.650900524844983
116439,116805,23.673469,44.333932,51.6262,4.15,0.586,B9IVn,-0.071,50.76916258882487
116454,116820,23.677266,-32.073125,89.4454,5.3,0.542,K0III,0.965,52.86886658508811
116487,116853,23.685809,-11.680655,107.0664,5.89,0.742,K0III,0.984,43.97440784473687
116523,116889,23.692914,-18.027077,232.0186,5.36,-1.468,K4/K5III,1.58,336.6665743686229
116535,116901,23.696057,-17.816533,257.0694,4.82,-2.23,G2Ib/II,0.822,679.203632617185
116552,116918,23.699081,7.250546,99.4036,5.89,0.903,A3Vn,0.101,37.914034418330644
116562,116928,23.700779,1.780041,32.6904,4.49,1.918,A7V,0.2,14.886753594923636
116591,116957,23.707729,-15.448033,82.7815,5.27,0.68,K3III,1.344,46.55860935229591
116605,116971,23.712039,-14.544905,45.5373,4.49,1.198,B9V,-0.032,28.89348981559081
116653,117020,23.722878,10.331536,189.7533,5.09,-1.301,M2III,1.692,288.66890179482726
116706,117073,23.733189,29.361454,68.7758,4.93,0.743,K0III,0.935,43.93392456444762
116721,117088,23.736676,-64.404451,223.2143,5.73,-1.014,K3II,1.393,221.61543259597204
116722,117089,23.736688,-18.276938,116.144,5.24,-0.085,B9V,-0.084,94.18895965228413
116758,117125,23.744643,-78.791442,148.5884,5.74,-0.12,K1III,1.108,97.2747223776965
116851,117218,23.766922,-18.67834,73.2064,5.28,0.957,F2:V+...,0.299,36.07447338641916
116854,117221,23.767234,46.420276,307.6923,4.97,-2.471,G5Ib,1.086,848.0080988896916
116878,117245,23.773199,3.486811,275.4821,4.95,-2.25,C5II,2.508,691.8309709189363
116898,117265,23.776869,66.782244,456.621,5.95,-2.348,B2IV,-0.049,757.1815097147055
116932,117299,23.783866,57.451359,492.6108,5.55,-2.913,K3II,1.63,1274.0896859191112
116934,117301,23.784284,58.651989,53.3333,4.88,1.245,K1III,1.122,27.66941645411511
116947,117314,23.787754,-11.911126,93.5454,5.74,0.885,K0III,1.068,38.54783576657719
116948,117315,23.787776,-50.226461,185.1852,5.18,-1.158,B3V,-0.164,253.04630494613966
117004,117371,23.798543,67.806808,92.9368,5.05,0.209,A1Vn,0.007,71.84557087925968
117008,117375,23.79904,-2.761598,97.0874,5.49,0.554,G8III,0.941,52.28775553134414
117080,117447,23.813937,62.214516,100000.0,5.43,-14.57,A3Ia comp,0.67,58613816.45140297
117085,117452,23.815427,-28.130268,42.1408,4.59,1.466,A0V,0.001,22.573557110214466
117124,117491,23.824299,1.076131,93.1099,5.77,0.925,A5m,0.167,37.15352290971726
117133,117500,23.827608,28.842389,88.3392,5.95,1.219,A2m,0.187,28.340010055090957
117135,117503,23.828044,36.425281,129.7017,5.86,0.295,G1IIIe,0.806,66.3743070401909
117174,117541,23.837425,-9.974136,91.1577,5.93,1.131,K0IV,1.133,30.73264929204291
117200,117567,23.842579,-14.40149,139.47,5.7,-0.022,K4III,1.488,88.87917198848203
117261,117628,23.855902,9.313351,259.0674,5.77,-1.297,M3III,1.661,287.6073628863028
117262,117629,23.855927,-18.909163,97.7517,5.17,0.219,Ap Si,-0.122,71.18688672622802
117315,117683,23.866066,2.930384,229.3578,5.59,-1.213,K4II,1.527,266.19506511518387
117321,117689,23.868518,-82.018818,81.3008,5.1,0.55,G7III,0.934,52.48074602497726
117350,117718,23.874802,19.120287,141.844,5.06,-0.699,M2III,1.587,165.80590751089167
117354,117722,23.874998,-14.251217,86.3558,5.85,1.169,K2III,1.252,29.675633580735287
117362,117730,23.876974,10.94732,56.0224,5.3,1.558,A4Vn,0.186,20.739582044538317
117388,117756,23.880702,-8.996756,189.0359,5.76,-0.623,K0III,1.171,154.59662193866743
117393,117761,23.882101,-3.155482,137.3626,5.93,0.241,G9III,1.069,69.75896043328048
117495,117863,23.906398,57.499382,100000.0,4.51,-15.49,F8Iavar,1.19,136772882.5595852
117519,117887,23.912951,0.109309,195.3125,5.78,-0.674,M5IIb,1.466,162.03170427399988
117709,118077,23.952356,55.705705,70.9723,5.57,1.315,G8Ib,0.478,25.941793621188136
117724,118092,23.955508,-62.956584,66.0502,5.95,1.851,A2p,0.101,15.834341239145754
117746,118114,23.959159,-82.169804,93.5454,5.72,0.865,K0III,1.055,39.26449353995997
117754,118121,23.959727,-64.298231,47.4383,5.0,1.619,A1V,0.06,19.606496672266
117763,118131,23.962647,25.141401,145.9854,4.63,-1.192,M3III,1.584,261.09586865859336
117841,118209,23.977883,-3.555983,71.8907,4.88,0.597,G9III,0.93,50.25739801095915
117866,118234,23.982155,-52.745807,88.1057,5.13,0.405,K1III,1.121,59.97910762555092
117875,118243,23.983482,55.754928,100000.0,4.88,-15.12,B1V...,-0.071,97274722.37769641
117900,118268,23.988525,6.863321,31.9898,4.03,1.505,F4IV,0.419,21.77709772353159
117909,118277,23.991082,-29.485168,226.2443,5.59,-1.183,K5III,1.599,258.9405105739233
117913,118281,23.991472,33.723878,28.9268,5.81,3.503,F8,0.539,3.4578010353230573
117954,118322,23.998594,-65.577132,114.4165,4.49,-0.802,B9IV,-0.075,182.30559606810678
